id,variant_name,type,pattern,scenario,impact,example
1,Reentrancy Variant 1,Read-only reentrancy,External call inside loop,Variant #1: Read-only reentrancy caused by External call inside loop. Attacker reenters contract flow before state update.,Inflated share minting,"Attacker calls withdraw(), fallback triggers withdraw() repeatedly."
2,Reentrancy Variant 2,Pull-payment reentrancy,Hooks triggered without control flow guard,Variant #2: Pull-payment reentrancy caused by Hooks triggered without control flow guard. Attacker reenters contract flow before state update.,Inflated share minting,Cross-function: deposit() sets state after external token transfer().
3,Reentrancy Variant 3,Pull-payment reentrancy,Recursive callback before mutation,Variant #3: Pull-payment reentrancy caused by Recursive callback before mutation. Attacker reenters contract flow before state update.,Complete balance drain,Cross-function: deposit() sets state after external token transfer().
4,Reentrancy Variant 4,Cross-contract reentrancy,State updated after external call,Variant #4: Cross-contract reentrancy caused by State updated after external call. Attacker reenters contract flow before state update.,Bypassing access restrictions,"Attacker calls withdraw(), fallback triggers withdraw() repeatedly."
5,Reentrancy Variant 5,Single-function reentrancy,Multiple entry points sharing same state variable,Variant #5: Single-function reentrancy caused by Multiple entry points sharing same state variable. Attacker reenters contract flow before state update.,Complete balance drain,Vault updates shares after sending tokens to attacker contract.
6,Reentrancy Variant 6,Reentrancy via delegatecall,Unsafe external call to attacker contract,Variant #6: Reentrancy via delegatecall caused by Unsafe external call to attacker contract. Attacker reenters contract flow before state update.,Complete balance drain,Vault updates shares after sending tokens to attacker contract.
7,Reentrancy Variant 7,ERC777-hook reentrancy,External call inside loop,Variant #7: ERC777-hook reentrancy caused by External call inside loop. Attacker reenters contract flow before state update.,Token supply manipulation,Cross-function: deposit() sets state after external token transfer().
8,Reentrancy Variant 8,Cross-function reentrancy,Multiple entry points sharing same state variable,Variant #8: Cross-function reentrancy caused by Multiple entry points sharing same state variable. Attacker reenters contract flow before state update.,Bypassing access restrictions,Cross-function: deposit() sets state after external token transfer().
9,Reentrancy Variant 9,Read-only reentrancy,External call inside loop,Variant #9: Read-only reentrancy caused by External call inside loop. Attacker reenters contract flow before state update.,Draining rewards pool,"Attacker calls withdraw(), fallback triggers withdraw() repeatedly."
10,Reentrancy Variant 10,Cross-contract reentrancy,External call inside loop,Variant #10: Cross-contract reentrancy caused by External call inside loop. Attacker reenters contract flow before state update.,Token supply manipulation,"Attacker calls withdraw(), fallback triggers withdraw() repeatedly."
11,Reentrancy Variant 11,Read-only reentrancy,External call inside loop,Variant #11: Read-only reentrancy caused by External call inside loop. Attacker reenters contract flow before state update.,Unauthorized repeated withdrawals,Vault updates shares after sending tokens to attacker contract.
12,Reentrancy Variant 12,Withdraw-before-update reentrancy,State updated after external call,Variant #12: Withdraw-before-update reentrancy caused by State updated after external call. Attacker reenters contract flow before state update.,Bypassing access restrictions,Cross-function: deposit() sets state after external token transfer().
13,Reentrancy Variant 13,Pull-payment reentrancy,Fallback invoked before state lock,Variant #13: Pull-payment reentrancy caused by Fallback invoked before state lock. Attacker reenters contract flow before state update.,Partial draining of pooled funds,Vault updates shares after sending tokens to attacker contract.
14,Reentrancy Variant 14,Recursive fallback reentrancy,State updated after external call,Variant #14: Recursive fallback reentrancy caused by State updated after external call. Attacker reenters contract flow before state update.,Partial draining of pooled funds,Attacker leverages ERC777 tokens to reenter before balance is updated.
15,Reentrancy Variant 15,Pull-payment reentrancy,Upgradeable proxy storage collision,Variant #15: Pull-payment reentrancy caused by Upgradeable proxy storage collision. Attacker reenters contract flow before state update.,Bypassing access restrictions,"Attacker calls withdraw(), fallback triggers withdraw() repeatedly."
16,Reentrancy Variant 16,Single-function reentrancy,Recursive callback before mutation,Variant #16: Single-function reentrancy caused by Recursive callback before mutation. Attacker reenters contract flow before state update.,Draining rewards pool,Cross-function: deposit() sets state after external token transfer().
17,Reentrancy Variant 17,Cross-function reentrancy,Upgradeable proxy storage collision,Variant #17: Cross-function reentrancy caused by Upgradeable proxy storage collision. Attacker reenters contract flow before state update.,Draining rewards pool,"Attacker calls withdraw(), fallback triggers withdraw() repeatedly."
18,Reentrancy Variant 18,Reentrancy via delegatecall,Upgradeable proxy storage collision,Variant #18: Reentrancy via delegatecall caused by Upgradeable proxy storage collision. Attacker reenters contract flow before state update.,Complete balance drain,Attacker leverages ERC777 tokens to reenter before balance is updated.
19,Reentrancy Variant 19,State-dependent reentrancy,Missing reentrancy guard,Variant #19: State-dependent reentrancy caused by Missing reentrancy guard. Attacker reenters contract flow before state update.,Inflated share minting,"Attacker calls withdraw(), fallback triggers withdraw() repeatedly."
20,Reentrancy Variant 20,Single-function reentrancy,Recursive callback before mutation,Variant #20: Single-function reentrancy caused by Recursive callback before mutation. Attacker reenters contract flow before state update.,Bypassing access restrictions,Attacker leverages ERC777 tokens to reenter before balance is updated.
21,Reentrancy Variant 21,Cross-contract reentrancy,Recursive callback before mutation,Variant #21: Cross-contract reentrancy caused by Recursive callback before mutation. Attacker reenters contract flow before state update.,Inflated share minting,Cross-function: deposit() sets state after external token transfer().
22,Reentrancy Variant 22,State-dependent reentrancy,External call inside loop,Variant #22: State-dependent reentrancy caused by External call inside loop. Attacker reenters contract flow before state update.,Unauthorized repeated withdrawals,Attacker leverages ERC777 tokens to reenter before balance is updated.
23,Reentrancy Variant 23,ERC777-hook reentrancy,Balance checked after transfer,Variant #23: ERC777-hook reentrancy caused by Balance checked after transfer. Attacker reenters contract flow before state update.,Unauthorized repeated withdrawals,Vault updates shares after sending tokens to attacker contract.
24,Reentrancy Variant 24,ERC777-hook reentrancy,Upgradeable proxy storage collision,Variant #24: ERC777-hook reentrancy caused by Upgradeable proxy storage collision. Attacker reenters contract flow before state update.,Inflated share minting,Cross-function: deposit() sets state after external token transfer().
25,Reentrancy Variant 25,Withdraw-before-update reentrancy,Multiple entry points sharing same state variable,Variant #25: Withdraw-before-update reentrancy caused by Multiple entry points sharing same state variable. Attacker reenters contract flow before state update.,Inflated share minting,Cross-function: deposit() sets state after external token transfer().
26,Reentrancy Variant 26,Read-only reentrancy,Missing reentrancy guard,Variant #26: Read-only reentrancy caused by Missing reentrancy guard. Attacker reenters contract flow before state update.,Inflated share minting,Cross-function: deposit() sets state after external token transfer().
27,Reentrancy Variant 27,ERC777-hook reentrancy,Upgradeable proxy storage collision,Variant #27: ERC777-hook reentrancy caused by Upgradeable proxy storage collision. Attacker reenters contract flow before state update.,Bypassing access restrictions,Attacker leverages ERC777 tokens to reenter before balance is updated.
28,Reentrancy Variant 28,Withdraw-before-update reentrancy,Upgradeable proxy storage collision,Variant #28: Withdraw-before-update reentrancy caused by Upgradeable proxy storage collision. Attacker reenters contract flow before state update.,Unauthorized repeated withdrawals,"Attacker calls withdraw(), fallback triggers withdraw() repeatedly."
29,Reentrancy Variant 29,Reentrancy via delegatecall,External call inside loop,Variant #29: Reentrancy via delegatecall caused by External call inside loop. Attacker reenters contract flow before state update.,Draining rewards pool,"Attacker calls withdraw(), fallback triggers withdraw() repeatedly."
30,Reentrancy Variant 30,Reentrancy via delegatecall,Missing reentrancy guard,Variant #30: Reentrancy via delegatecall caused by Missing reentrancy guard. Attacker reenters contract flow before state update.,Unauthorized repeated withdrawals,Attacker leverages ERC777 tokens to reenter before balance is updated.
31,Reentrancy Variant 31,Cross-contract reentrancy,Multiple entry points sharing same state variable,Variant #31: Cross-contract reentrancy caused by Multiple entry points sharing same state variable. Attacker reenters contract flow before state update.,Complete balance drain,Vault updates shares after sending tokens to attacker contract.
32,Reentrancy Variant 32,Recursive fallback reentrancy,Balance checked after transfer,Variant #32: Recursive fallback reentrancy caused by Balance checked after transfer. Attacker reenters contract flow before state update.,Partial draining of pooled funds,Cross-function: deposit() sets state after external token transfer().
33,Reentrancy Variant 33,Read-only reentrancy,Recursive callback before mutation,Variant #33: Read-only reentrancy caused by Recursive callback before mutation. Attacker reenters contract flow before state update.,Bypassing access restrictions,Cross-function: deposit() sets state after external token transfer().
34,Reentrancy Variant 34,Cross-contract reentrancy,Balance checked after transfer,Variant #34: Cross-contract reentrancy caused by Balance checked after transfer. Attacker reenters contract flow before state update.,Inflated share minting,"Attacker calls withdraw(), fallback triggers withdraw() repeatedly."
35,Reentrancy Variant 35,Cross-function reentrancy,Unsafe external call to attacker contract,Variant #35: Cross-function reentrancy caused by Unsafe external call to attacker contract. Attacker reenters contract flow before state update.,Unauthorized repeated withdrawals,Vault updates shares after sending tokens to attacker contract.
36,Reentrancy Variant 36,Recursive fallback reentrancy,Multiple entry points sharing same state variable,Variant #36: Recursive fallback reentrancy caused by Multiple entry points sharing same state variable. Attacker reenters contract flow before state update.,Inflated share minting,Attacker leverages ERC777 tokens to reenter before balance is updated.
37,Reentrancy Variant 37,Withdraw-before-update reentrancy,Recursive callback before mutation,Variant #37: Withdraw-before-update reentrancy caused by Recursive callback before mutation. Attacker reenters contract flow before state update.,Draining rewards pool,Cross-function: deposit() sets state after external token transfer().
38,Reentrancy Variant 38,Cross-function reentrancy,Recursive callback before mutation,Variant #38: Cross-function reentrancy caused by Recursive callback before mutation. Attacker reenters contract flow before state update.,Unauthorized repeated withdrawals,Cross-function: deposit() sets state after external token transfer().
39,Reentrancy Variant 39,Cross-function reentrancy,Fallback invoked before state lock,Variant #39: Cross-function reentrancy caused by Fallback invoked before state lock. Attacker reenters contract flow before state update.,Partial draining of pooled funds,Attacker leverages ERC777 tokens to reenter before balance is updated.
40,Reentrancy Variant 40,Single-function reentrancy,Unsafe external call to attacker contract,Variant #40: Single-function reentrancy caused by Unsafe external call to attacker contract. Attacker reenters contract flow before state update.,Token supply manipulation,Attacker leverages ERC777 tokens to reenter before balance is updated.
41,Reentrancy Variant 41,Withdraw-before-update reentrancy,Unsafe external call to attacker contract,Variant #41: Withdraw-before-update reentrancy caused by Unsafe external call to attacker contract. Attacker reenters contract flow before state update.,Bypassing access restrictions,Vault updates shares after sending tokens to attacker contract.
42,Reentrancy Variant 42,Cross-function reentrancy,Missing reentrancy guard,Variant #42: Cross-function reentrancy caused by Missing reentrancy guard. Attacker reenters contract flow before state update.,Bypassing access restrictions,Vault updates shares after sending tokens to attacker contract.
43,Reentrancy Variant 43,Cross-contract reentrancy,Balance checked after transfer,Variant #43: Cross-contract reentrancy caused by Balance checked after transfer. Attacker reenters contract flow before state update.,Token supply manipulation,Vault updates shares after sending tokens to attacker contract.
44,Reentrancy Variant 44,Single-function reentrancy,Recursive callback before mutation,Variant #44: Single-function reentrancy caused by Recursive callback before mutation. Attacker reenters contract flow before state update.,Draining rewards pool,"Attacker calls withdraw(), fallback triggers withdraw() repeatedly."
45,Reentrancy Variant 45,Read-only reentrancy,External call inside loop,Variant #45: Read-only reentrancy caused by External call inside loop. Attacker reenters contract flow before state update.,Inflated share minting,Attacker leverages ERC777 tokens to reenter before balance is updated.
46,Reentrancy Variant 46,Pull-payment reentrancy,Missing reentrancy guard,Variant #46: Pull-payment reentrancy caused by Missing reentrancy guard. Attacker reenters contract flow before state update.,Draining rewards pool,Vault updates shares after sending tokens to attacker contract.
47,Reentrancy Variant 47,Cross-contract reentrancy,Recursive callback before mutation,Variant #47: Cross-contract reentrancy caused by Recursive callback before mutation. Attacker reenters contract flow before state update.,Partial draining of pooled funds,Vault updates shares after sending tokens to attacker contract.
48,Reentrancy Variant 48,Read-only reentrancy,Missing reentrancy guard,Variant #48: Read-only reentrancy caused by Missing reentrancy guard. Attacker reenters contract flow before state update.,Token supply manipulation,Attacker leverages ERC777 tokens to reenter before balance is updated.
49,Reentrancy Variant 49,Read-only reentrancy,Balance checked after transfer,Variant #49: Read-only reentrancy caused by Balance checked after transfer. Attacker reenters contract flow before state update.,Draining rewards pool,Cross-function: deposit() sets state after external token transfer().
50,Reentrancy Variant 50,Single-function reentrancy,External call inside loop,Variant #50: Single-function reentrancy caused by External call inside loop. Attacker reenters contract flow before state update.,Unauthorized repeated withdrawals,Cross-function: deposit() sets state after external token transfer().
51,Reentrancy Variant 51,Reentrancy via delegatecall,Missing reentrancy guard,Variant #51: Reentrancy via delegatecall caused by Missing reentrancy guard. Attacker reenters contract flow before state update.,Unauthorized repeated withdrawals,Vault updates shares after sending tokens to attacker contract.
52,Reentrancy Variant 52,Cross-contract reentrancy,Balance checked after transfer,Variant #52: Cross-contract reentrancy caused by Balance checked after transfer. Attacker reenters contract flow before state update.,Token supply manipulation,Vault updates shares after sending tokens to attacker contract.
53,Reentrancy Variant 53,Read-only reentrancy,Balance checked after transfer,Variant #53: Read-only reentrancy caused by Balance checked after transfer. Attacker reenters contract flow before state update.,Inflated share minting,Attacker leverages ERC777 tokens to reenter before balance is updated.
54,Reentrancy Variant 54,Withdraw-before-update reentrancy,Multiple entry points sharing same state variable,Variant #54: Withdraw-before-update reentrancy caused by Multiple entry points sharing same state variable. Attacker reenters contract flow before state update.,Inflated share minting,Vault updates shares after sending tokens to attacker contract.
55,Reentrancy Variant 55,Withdraw-before-update reentrancy,External call inside loop,Variant #55: Withdraw-before-update reentrancy caused by External call inside loop. Attacker reenters contract flow before state update.,Partial draining of pooled funds,Vault updates shares after sending tokens to attacker contract.
56,Reentrancy Variant 56,Withdraw-before-update reentrancy,Recursive callback before mutation,Variant #56: Withdraw-before-update reentrancy caused by Recursive callback before mutation. Attacker reenters contract flow before state update.,Token supply manipulation,Attacker leverages ERC777 tokens to reenter before balance is updated.
57,Reentrancy Variant 57,Withdraw-before-update reentrancy,Missing reentrancy guard,Variant #57: Withdraw-before-update reentrancy caused by Missing reentrancy guard. Attacker reenters contract flow before state update.,Draining rewards pool,Attacker leverages ERC777 tokens to reenter before balance is updated.
58,Reentrancy Variant 58,Withdraw-before-update reentrancy,Unsafe external call to attacker contract,Variant #58: Withdraw-before-update reentrancy caused by Unsafe external call to attacker contract. Attacker reenters contract flow before state update.,Unauthorized repeated withdrawals,Attacker leverages ERC777 tokens to reenter before balance is updated.
59,Reentrancy Variant 59,Reentrancy via delegatecall,State updated after external call,Variant #59: Reentrancy via delegatecall caused by State updated after external call. Attacker reenters contract flow before state update.,Inflated share minting,Attacker leverages ERC777 tokens to reenter before balance is updated.
60,Reentrancy Variant 60,Pull-payment reentrancy,Missing reentrancy guard,Variant #60: Pull-payment reentrancy caused by Missing reentrancy guard. Attacker reenters contract flow before state update.,Partial draining of pooled funds,"Attacker calls withdraw(), fallback triggers withdraw() repeatedly."
61,Reentrancy Variant 61,Cross-function reentrancy,Recursive callback before mutation,Variant #61: Cross-function reentrancy caused by Recursive callback before mutation. Attacker reenters contract flow before state update.,Inflated share minting,Cross-function: deposit() sets state after external token transfer().
62,Reentrancy Variant 62,Cross-contract reentrancy,Multiple entry points sharing same state variable,Variant #62: Cross-contract reentrancy caused by Multiple entry points sharing same state variable. Attacker reenters contract flow before state update.,Token supply manipulation,Attacker leverages ERC777 tokens to reenter before balance is updated.
63,Reentrancy Variant 63,Withdraw-before-update reentrancy,Fallback invoked before state lock,Variant #63: Withdraw-before-update reentrancy caused by Fallback invoked before state lock. Attacker reenters contract flow before state update.,Token supply manipulation,"Attacker calls withdraw(), fallback triggers withdraw() repeatedly."
64,Reentrancy Variant 64,Cross-function reentrancy,Recursive callback before mutation,Variant #64: Cross-function reentrancy caused by Recursive callback before mutation. Attacker reenters contract flow before state update.,Draining rewards pool,"Attacker calls withdraw(), fallback triggers withdraw() repeatedly."
65,Reentrancy Variant 65,State-dependent reentrancy,State updated after external call,Variant #65: State-dependent reentrancy caused by State updated after external call. Attacker reenters contract flow before state update.,Complete balance drain,Vault updates shares after sending tokens to attacker contract.
66,Reentrancy Variant 66,Cross-contract reentrancy,Upgradeable proxy storage collision,Variant #66: Cross-contract reentrancy caused by Upgradeable proxy storage collision. Attacker reenters contract flow before state update.,Bypassing access restrictions,Attacker leverages ERC777 tokens to reenter before balance is updated.
67,Reentrancy Variant 67,State-dependent reentrancy,State updated after external call,Variant #67: State-dependent reentrancy caused by State updated after external call. Attacker reenters contract flow before state update.,Inflated share minting,Cross-function: deposit() sets state after external token transfer().
68,Reentrancy Variant 68,Withdraw-before-update reentrancy,Unsafe external call to attacker contract,Variant #68: Withdraw-before-update reentrancy caused by Unsafe external call to attacker contract. Attacker reenters contract flow before state update.,Inflated share minting,Vault updates shares after sending tokens to attacker contract.
69,Reentrancy Variant 69,Withdraw-before-update reentrancy,Multiple entry points sharing same state variable,Variant #69: Withdraw-before-update reentrancy caused by Multiple entry points sharing same state variable. Attacker reenters contract flow before state update.,Unauthorized repeated withdrawals,Vault updates shares after sending tokens to attacker contract.
70,Reentrancy Variant 70,Read-only reentrancy,Balance checked after transfer,Variant #70: Read-only reentrancy caused by Balance checked after transfer. Attacker reenters contract flow before state update.,Token supply manipulation,"Attacker calls withdraw(), fallback triggers withdraw() repeatedly."
71,Reentrancy Variant 71,Pull-payment reentrancy,Upgradeable proxy storage collision,Variant #71: Pull-payment reentrancy caused by Upgradeable proxy storage collision. Attacker reenters contract flow before state update.,Bypassing access restrictions,Attacker leverages ERC777 tokens to reenter before balance is updated.
72,Reentrancy Variant 72,Cross-function reentrancy,State updated after external call,Variant #72: Cross-function reentrancy caused by State updated after external call. Attacker reenters contract flow before state update.,Unauthorized repeated withdrawals,Cross-function: deposit() sets state after external token transfer().
73,Reentrancy Variant 73,Withdraw-before-update reentrancy,Unsafe external call to attacker contract,Variant #73: Withdraw-before-update reentrancy caused by Unsafe external call to attacker contract. Attacker reenters contract flow before state update.,Bypassing access restrictions,Cross-function: deposit() sets state after external token transfer().
74,Reentrancy Variant 74,State-dependent reentrancy,State updated after external call,Variant #74: State-dependent reentrancy caused by State updated after external call. Attacker reenters contract flow before state update.,Bypassing access restrictions,"Attacker calls withdraw(), fallback triggers withdraw() repeatedly."
75,Reentrancy Variant 75,Recursive fallback reentrancy,Upgradeable proxy storage collision,Variant #75: Recursive fallback reentrancy caused by Upgradeable proxy storage collision. Attacker reenters contract flow before state update.,Inflated share minting,Cross-function: deposit() sets state after external token transfer().
76,Reentrancy Variant 76,Pull-payment reentrancy,Missing reentrancy guard,Variant #76: Pull-payment reentrancy caused by Missing reentrancy guard. Attacker reenters contract flow before state update.,Draining rewards pool,Attacker leverages ERC777 tokens to reenter before balance is updated.
77,Reentrancy Variant 77,Cross-contract reentrancy,Fallback invoked before state lock,Variant #77: Cross-contract reentrancy caused by Fallback invoked before state lock. Attacker reenters contract flow before state update.,Bypassing access restrictions,Vault updates shares after sending tokens to attacker contract.
78,Reentrancy Variant 78,Recursive fallback reentrancy,Upgradeable proxy storage collision,Variant #78: Recursive fallback reentrancy caused by Upgradeable proxy storage collision. Attacker reenters contract flow before state update.,Inflated share minting,Cross-function: deposit() sets state after external token transfer().
79,Reentrancy Variant 79,Reentrancy via delegatecall,Recursive callback before mutation,Variant #79: Reentrancy via delegatecall caused by Recursive callback before mutation. Attacker reenters contract flow before state update.,Token supply manipulation,Cross-function: deposit() sets state after external token transfer().
80,Reentrancy Variant 80,State-dependent reentrancy,Recursive callback before mutation,Variant #80: State-dependent reentrancy caused by Recursive callback before mutation. Attacker reenters contract flow before state update.,Bypassing access restrictions,Cross-function: deposit() sets state after external token transfer().
81,Reentrancy Variant 81,Reentrancy via delegatecall,Balance checked after transfer,Variant #81: Reentrancy via delegatecall caused by Balance checked after transfer. Attacker reenters contract flow before state update.,Token supply manipulation,Cross-function: deposit() sets state after external token transfer().
82,Reentrancy Variant 82,Read-only reentrancy,Recursive callback before mutation,Variant #82: Read-only reentrancy caused by Recursive callback before mutation. Attacker reenters contract flow before state update.,Inflated share minting,Cross-function: deposit() sets state after external token transfer().
83,Reentrancy Variant 83,Read-only reentrancy,Hooks triggered without control flow guard,Variant #83: Read-only reentrancy caused by Hooks triggered without control flow guard. Attacker reenters contract flow before state update.,Bypassing access restrictions,Cross-function: deposit() sets state after external token transfer().
84,Reentrancy Variant 84,Read-only reentrancy,Balance checked after transfer,Variant #84: Read-only reentrancy caused by Balance checked after transfer. Attacker reenters contract flow before state update.,Bypassing access restrictions,"Attacker calls withdraw(), fallback triggers withdraw() repeatedly."
85,Reentrancy Variant 85,Cross-function reentrancy,Fallback invoked before state lock,Variant #85: Cross-function reentrancy caused by Fallback invoked before state lock. Attacker reenters contract flow before state update.,Partial draining of pooled funds,Attacker leverages ERC777 tokens to reenter before balance is updated.
86,Reentrancy Variant 86,Read-only reentrancy,External call inside loop,Variant #86: Read-only reentrancy caused by External call inside loop. Attacker reenters contract flow before state update.,Unauthorized repeated withdrawals,Cross-function: deposit() sets state after external token transfer().
87,Reentrancy Variant 87,Read-only reentrancy,Fallback invoked before state lock,Variant #87: Read-only reentrancy caused by Fallback invoked before state lock. Attacker reenters contract flow before state update.,Unauthorized repeated withdrawals,Cross-function: deposit() sets state after external token transfer().
88,Reentrancy Variant 88,Pull-payment reentrancy,External call inside loop,Variant #88: Pull-payment reentrancy caused by External call inside loop. Attacker reenters contract flow before state update.,Inflated share minting,Vault updates shares after sending tokens to attacker contract.
89,Reentrancy Variant 89,Pull-payment reentrancy,Recursive callback before mutation,Variant #89: Pull-payment reentrancy caused by Recursive callback before mutation. Attacker reenters contract flow before state update.,Unauthorized repeated withdrawals,Attacker leverages ERC777 tokens to reenter before balance is updated.
90,Reentrancy Variant 90,Single-function reentrancy,Multiple entry points sharing same state variable,Variant #90: Single-function reentrancy caused by Multiple entry points sharing same state variable. Attacker reenters contract flow before state update.,Inflated share minting,"Attacker calls withdraw(), fallback triggers withdraw() repeatedly."
91,Reentrancy Variant 91,State-dependent reentrancy,Hooks triggered without control flow guard,Variant #91: State-dependent reentrancy caused by Hooks triggered without control flow guard. Attacker reenters contract flow before state update.,Token supply manipulation,Attacker leverages ERC777 tokens to reenter before balance is updated.
92,Reentrancy Variant 92,ERC777-hook reentrancy,State updated after external call,Variant #92: ERC777-hook reentrancy caused by State updated after external call. Attacker reenters contract flow before state update.,Token supply manipulation,"Attacker calls withdraw(), fallback triggers withdraw() repeatedly."
93,Reentrancy Variant 93,Cross-contract reentrancy,Missing reentrancy guard,Variant #93: Cross-contract reentrancy caused by Missing reentrancy guard. Attacker reenters contract flow before state update.,Token supply manipulation,"Attacker calls withdraw(), fallback triggers withdraw() repeatedly."
94,Reentrancy Variant 94,Cross-contract reentrancy,Missing reentrancy guard,Variant #94: Cross-contract reentrancy caused by Missing reentrancy guard. Attacker reenters contract flow before state update.,Partial draining of pooled funds,Cross-function: deposit() sets state after external token transfer().
95,Reentrancy Variant 95,Cross-function reentrancy,Unsafe external call to attacker contract,Variant #95: Cross-function reentrancy caused by Unsafe external call to attacker contract. Attacker reenters contract flow before state update.,Bypassing access restrictions,"Attacker calls withdraw(), fallback triggers withdraw() repeatedly."
96,Reentrancy Variant 96,Withdraw-before-update reentrancy,External call inside loop,Variant #96: Withdraw-before-update reentrancy caused by External call inside loop. Attacker reenters contract flow before state update.,Token supply manipulation,"Attacker calls withdraw(), fallback triggers withdraw() repeatedly."
97,Reentrancy Variant 97,Cross-contract reentrancy,Upgradeable proxy storage collision,Variant #97: Cross-contract reentrancy caused by Upgradeable proxy storage collision. Attacker reenters contract flow before state update.,Inflated share minting,Cross-function: deposit() sets state after external token transfer().
98,Reentrancy Variant 98,ERC777-hook reentrancy,Multiple entry points sharing same state variable,Variant #98: ERC777-hook reentrancy caused by Multiple entry points sharing same state variable. Attacker reenters contract flow before state update.,Partial draining of pooled funds,"Attacker calls withdraw(), fallback triggers withdraw() repeatedly."
99,Reentrancy Variant 99,Single-function reentrancy,Recursive callback before mutation,Variant #99: Single-function reentrancy caused by Recursive callback before mutation. Attacker reenters contract flow before state update.,Unauthorized repeated withdrawals,Attacker leverages ERC777 tokens to reenter before balance is updated.
100,Reentrancy Variant 100,ERC777-hook reentrancy,Multiple entry points sharing same state variable,Variant #100: ERC777-hook reentrancy caused by Multiple entry points sharing same state variable. Attacker reenters contract flow before state update.,Inflated share minting,Cross-function: deposit() sets state after external token transfer().
101,Reentrancy Variant 101,Recursive fallback reentrancy,Recursive callback before mutation,Variant #101: Recursive fallback reentrancy caused by Recursive callback before mutation. Attacker reenters contract flow before state update.,Unauthorized repeated withdrawals,"Attacker calls withdraw(), fallback triggers withdraw() repeatedly."
102,Reentrancy Variant 102,ERC777-hook reentrancy,Balance checked after transfer,Variant #102: ERC777-hook reentrancy caused by Balance checked after transfer. Attacker reenters contract flow before state update.,Inflated share minting,Cross-function: deposit() sets state after external token transfer().
103,Reentrancy Variant 103,Read-only reentrancy,Hooks triggered without control flow guard,Variant #103: Read-only reentrancy caused by Hooks triggered without control flow guard. Attacker reenters contract flow before state update.,Partial draining of pooled funds,Attacker leverages ERC777 tokens to reenter before balance is updated.
104,Reentrancy Variant 104,State-dependent reentrancy,Missing reentrancy guard,Variant #104: State-dependent reentrancy caused by Missing reentrancy guard. Attacker reenters contract flow before state update.,Draining rewards pool,Vault updates shares after sending tokens to attacker contract.
105,Reentrancy Variant 105,Withdraw-before-update reentrancy,Hooks triggered without control flow guard,Variant #105: Withdraw-before-update reentrancy caused by Hooks triggered without control flow guard. Attacker reenters contract flow before state update.,Unauthorized repeated withdrawals,Attacker leverages ERC777 tokens to reenter before balance is updated.
106,Reentrancy Variant 106,Single-function reentrancy,Missing reentrancy guard,Variant #106: Single-function reentrancy caused by Missing reentrancy guard. Attacker reenters contract flow before state update.,Inflated share minting,"Attacker calls withdraw(), fallback triggers withdraw() repeatedly."
107,Reentrancy Variant 107,Recursive fallback reentrancy,Multiple entry points sharing same state variable,Variant #107: Recursive fallback reentrancy caused by Multiple entry points sharing same state variable. Attacker reenters contract flow before state update.,Unauthorized repeated withdrawals,"Attacker calls withdraw(), fallback triggers withdraw() repeatedly."
108,Reentrancy Variant 108,ERC777-hook reentrancy,Fallback invoked before state lock,Variant #108: ERC777-hook reentrancy caused by Fallback invoked before state lock. Attacker reenters contract flow before state update.,Inflated share minting,Vault updates shares after sending tokens to attacker contract.
109,Reentrancy Variant 109,Read-only reentrancy,Upgradeable proxy storage collision,Variant #109: Read-only reentrancy caused by Upgradeable proxy storage collision. Attacker reenters contract flow before state update.,Partial draining of pooled funds,"Attacker calls withdraw(), fallback triggers withdraw() repeatedly."
110,Reentrancy Variant 110,State-dependent reentrancy,Fallback invoked before state lock,Variant #110: State-dependent reentrancy caused by Fallback invoked before state lock. Attacker reenters contract flow before state update.,Token supply manipulation,Vault updates shares after sending tokens to attacker contract.
111,Reentrancy Variant 111,Withdraw-before-update reentrancy,State updated after external call,Variant #111: Withdraw-before-update reentrancy caused by State updated after external call. Attacker reenters contract flow before state update.,Inflated share minting,Attacker leverages ERC777 tokens to reenter before balance is updated.
112,Reentrancy Variant 112,Reentrancy via delegatecall,External call inside loop,Variant #112: Reentrancy via delegatecall caused by External call inside loop. Attacker reenters contract flow before state update.,Inflated share minting,"Attacker calls withdraw(), fallback triggers withdraw() repeatedly."
113,Reentrancy Variant 113,Recursive fallback reentrancy,External call inside loop,Variant #113: Recursive fallback reentrancy caused by External call inside loop. Attacker reenters contract flow before state update.,Token supply manipulation,Attacker leverages ERC777 tokens to reenter before balance is updated.
114,Reentrancy Variant 114,State-dependent reentrancy,State updated after external call,Variant #114: State-dependent reentrancy caused by State updated after external call. Attacker reenters contract flow before state update.,Complete balance drain,Attacker leverages ERC777 tokens to reenter before balance is updated.
115,Reentrancy Variant 115,Cross-function reentrancy,Balance checked after transfer,Variant #115: Cross-function reentrancy caused by Balance checked after transfer. Attacker reenters contract flow before state update.,Unauthorized repeated withdrawals,Vault updates shares after sending tokens to attacker contract.
116,Reentrancy Variant 116,Recursive fallback reentrancy,Multiple entry points sharing same state variable,Variant #116: Recursive fallback reentrancy caused by Multiple entry points sharing same state variable. Attacker reenters contract flow before state update.,Draining rewards pool,Vault updates shares after sending tokens to attacker contract.
117,Reentrancy Variant 117,Read-only reentrancy,Balance checked after transfer,Variant #117: Read-only reentrancy caused by Balance checked after transfer. Attacker reenters contract flow before state update.,Partial draining of pooled funds,Vault updates shares after sending tokens to attacker contract.
118,Reentrancy Variant 118,Single-function reentrancy,Recursive callback before mutation,Variant #118: Single-function reentrancy caused by Recursive callback before mutation. Attacker reenters contract flow before state update.,Inflated share minting,Attacker leverages ERC777 tokens to reenter before balance is updated.
119,Reentrancy Variant 119,Reentrancy via delegatecall,Unsafe external call to attacker contract,Variant #119: Reentrancy via delegatecall caused by Unsafe external call to attacker contract. Attacker reenters contract flow before state update.,Unauthorized repeated withdrawals,Vault updates shares after sending tokens to attacker contract.
120,Reentrancy Variant 120,Reentrancy via delegatecall,Recursive callback before mutation,Variant #120: Reentrancy via delegatecall caused by Recursive callback before mutation. Attacker reenters contract flow before state update.,Draining rewards pool,Vault updates shares after sending tokens to attacker contract.
121,Reentrancy Variant 121,Recursive fallback reentrancy,External call inside loop,Variant #121: Recursive fallback reentrancy caused by External call inside loop. Attacker reenters contract flow before state update.,Inflated share minting,"Attacker calls withdraw(), fallback triggers withdraw() repeatedly."
122,Reentrancy Variant 122,Recursive fallback reentrancy,External call inside loop,Variant #122: Recursive fallback reentrancy caused by External call inside loop. Attacker reenters contract flow before state update.,Partial draining of pooled funds,Cross-function: deposit() sets state after external token transfer().
123,Reentrancy Variant 123,Single-function reentrancy,Missing reentrancy guard,Variant #123: Single-function reentrancy caused by Missing reentrancy guard. Attacker reenters contract flow before state update.,Partial draining of pooled funds,Attacker leverages ERC777 tokens to reenter before balance is updated.
124,Reentrancy Variant 124,State-dependent reentrancy,Hooks triggered without control flow guard,Variant #124: State-dependent reentrancy caused by Hooks triggered without control flow guard. Attacker reenters contract flow before state update.,Unauthorized repeated withdrawals,"Attacker calls withdraw(), fallback triggers withdraw() repeatedly."
125,Reentrancy Variant 125,Read-only reentrancy,Unsafe external call to attacker contract,Variant #125: Read-only reentrancy caused by Unsafe external call to attacker contract. Attacker reenters contract flow before state update.,Inflated share minting,"Attacker calls withdraw(), fallback triggers withdraw() repeatedly."
126,Reentrancy Variant 126,Reentrancy via delegatecall,Balance checked after transfer,Variant #126: Reentrancy via delegatecall caused by Balance checked after transfer. Attacker reenters contract flow before state update.,Inflated share minting,Cross-function: deposit() sets state after external token transfer().
127,Reentrancy Variant 127,Read-only reentrancy,Upgradeable proxy storage collision,Variant #127: Read-only reentrancy caused by Upgradeable proxy storage collision. Attacker reenters contract flow before state update.,Token supply manipulation,"Attacker calls withdraw(), fallback triggers withdraw() repeatedly."
128,Reentrancy Variant 128,ERC777-hook reentrancy,Hooks triggered without control flow guard,Variant #128: ERC777-hook reentrancy caused by Hooks triggered without control flow guard. Attacker reenters contract flow before state update.,Token supply manipulation,Attacker leverages ERC777 tokens to reenter before balance is updated.
129,Reentrancy Variant 129,Cross-contract reentrancy,Upgradeable proxy storage collision,Variant #129: Cross-contract reentrancy caused by Upgradeable proxy storage collision. Attacker reenters contract flow before state update.,Bypassing access restrictions,"Attacker calls withdraw(), fallback triggers withdraw() repeatedly."
130,Reentrancy Variant 130,Withdraw-before-update reentrancy,Unsafe external call to attacker contract,Variant #130: Withdraw-before-update reentrancy caused by Unsafe external call to attacker contract. Attacker reenters contract flow before state update.,Unauthorized repeated withdrawals,"Attacker calls withdraw(), fallback triggers withdraw() repeatedly."
131,Reentrancy Variant 131,Pull-payment reentrancy,Recursive callback before mutation,Variant #131: Pull-payment reentrancy caused by Recursive callback before mutation. Attacker reenters contract flow before state update.,Partial draining of pooled funds,"Attacker calls withdraw(), fallback triggers withdraw() repeatedly."
132,Reentrancy Variant 132,Reentrancy via delegatecall,External call inside loop,Variant #132: Reentrancy via delegatecall caused by External call inside loop. Attacker reenters contract flow before state update.,Bypassing access restrictions,Attacker leverages ERC777 tokens to reenter before balance is updated.
133,Reentrancy Variant 133,ERC777-hook reentrancy,External call inside loop,Variant #133: ERC777-hook reentrancy caused by External call inside loop. Attacker reenters contract flow before state update.,Complete balance drain,"Attacker calls withdraw(), fallback triggers withdraw() repeatedly."
134,Reentrancy Variant 134,Cross-function reentrancy,Upgradeable proxy storage collision,Variant #134: Cross-function reentrancy caused by Upgradeable proxy storage collision. Attacker reenters contract flow before state update.,Inflated share minting,Vault updates shares after sending tokens to attacker contract.
135,Reentrancy Variant 135,Withdraw-before-update reentrancy,Multiple entry points sharing same state variable,Variant #135: Withdraw-before-update reentrancy caused by Multiple entry points sharing same state variable. Attacker reenters contract flow before state update.,Token supply manipulation,Attacker leverages ERC777 tokens to reenter before balance is updated.
136,Reentrancy Variant 136,Single-function reentrancy,State updated after external call,Variant #136: Single-function reentrancy caused by State updated after external call. Attacker reenters contract flow before state update.,Draining rewards pool,"Attacker calls withdraw(), fallback triggers withdraw() repeatedly."
137,Reentrancy Variant 137,Pull-payment reentrancy,Missing reentrancy guard,Variant #137: Pull-payment reentrancy caused by Missing reentrancy guard. Attacker reenters contract flow before state update.,Draining rewards pool,Cross-function: deposit() sets state after external token transfer().
138,Reentrancy Variant 138,Cross-function reentrancy,Hooks triggered without control flow guard,Variant #138: Cross-function reentrancy caused by Hooks triggered without control flow guard. Attacker reenters contract flow before state update.,Bypassing access restrictions,Cross-function: deposit() sets state after external token transfer().
139,Reentrancy Variant 139,Withdraw-before-update reentrancy,External call inside loop,Variant #139: Withdraw-before-update reentrancy caused by External call inside loop. Attacker reenters contract flow before state update.,Inflated share minting,Vault updates shares after sending tokens to attacker contract.
140,Reentrancy Variant 140,Single-function reentrancy,Balance checked after transfer,Variant #140: Single-function reentrancy caused by Balance checked after transfer. Attacker reenters contract flow before state update.,Draining rewards pool,Cross-function: deposit() sets state after external token transfer().
141,Reentrancy Variant 141,Pull-payment reentrancy,Recursive callback before mutation,Variant #141: Pull-payment reentrancy caused by Recursive callback before mutation. Attacker reenters contract flow before state update.,Complete balance drain,"Attacker calls withdraw(), fallback triggers withdraw() repeatedly."
142,Reentrancy Variant 142,Single-function reentrancy,Recursive callback before mutation,Variant #142: Single-function reentrancy caused by Recursive callback before mutation. Attacker reenters contract flow before state update.,Unauthorized repeated withdrawals,Vault updates shares after sending tokens to attacker contract.
143,Reentrancy Variant 143,Single-function reentrancy,Missing reentrancy guard,Variant #143: Single-function reentrancy caused by Missing reentrancy guard. Attacker reenters contract flow before state update.,Unauthorized repeated withdrawals,"Attacker calls withdraw(), fallback triggers withdraw() repeatedly."
144,Reentrancy Variant 144,Pull-payment reentrancy,Recursive callback before mutation,Variant #144: Pull-payment reentrancy caused by Recursive callback before mutation. Attacker reenters contract flow before state update.,Complete balance drain,Cross-function: deposit() sets state after external token transfer().
145,Reentrancy Variant 145,Cross-contract reentrancy,State updated after external call,Variant #145: Cross-contract reentrancy caused by State updated after external call. Attacker reenters contract flow before state update.,Draining rewards pool,Vault updates shares after sending tokens to attacker contract.
146,Reentrancy Variant 146,Read-only reentrancy,External call inside loop,Variant #146: Read-only reentrancy caused by External call inside loop. Attacker reenters contract flow before state update.,Complete balance drain,Attacker leverages ERC777 tokens to reenter before balance is updated.
147,Reentrancy Variant 147,Recursive fallback reentrancy,Hooks triggered without control flow guard,Variant #147: Recursive fallback reentrancy caused by Hooks triggered without control flow guard. Attacker reenters contract flow before state update.,Bypassing access restrictions,"Attacker calls withdraw(), fallback triggers withdraw() repeatedly."
148,Reentrancy Variant 148,Withdraw-before-update reentrancy,Missing reentrancy guard,Variant #148: Withdraw-before-update reentrancy caused by Missing reentrancy guard. Attacker reenters contract flow before state update.,Token supply manipulation,"Attacker calls withdraw(), fallback triggers withdraw() repeatedly."
149,Reentrancy Variant 149,Reentrancy via delegatecall,Balance checked after transfer,Variant #149: Reentrancy via delegatecall caused by Balance checked after transfer. Attacker reenters contract flow before state update.,Draining rewards pool,Attacker leverages ERC777 tokens to reenter before balance is updated.
150,Reentrancy Variant 150,Cross-contract reentrancy,State updated after external call,Variant #150: Cross-contract reentrancy caused by State updated after external call. Attacker reenters contract flow before state update.,Token supply manipulation,"Attacker calls withdraw(), fallback triggers withdraw() repeatedly."
151,Reentrancy Variant 151,Cross-function reentrancy,Hooks triggered without control flow guard,Variant #151: Cross-function reentrancy caused by Hooks triggered without control flow guard. Attacker reenters contract flow before state update.,Bypassing access restrictions,Attacker leverages ERC777 tokens to reenter before balance is updated.
152,Reentrancy Variant 152,Single-function reentrancy,Recursive callback before mutation,Variant #152: Single-function reentrancy caused by Recursive callback before mutation. Attacker reenters contract flow before state update.,Bypassing access restrictions,Cross-function: deposit() sets state after external token transfer().
153,Reentrancy Variant 153,Read-only reentrancy,Missing reentrancy guard,Variant #153: Read-only reentrancy caused by Missing reentrancy guard. Attacker reenters contract flow before state update.,Complete balance drain,Cross-function: deposit() sets state after external token transfer().
154,Reentrancy Variant 154,Reentrancy via delegatecall,Balance checked after transfer,Variant #154: Reentrancy via delegatecall caused by Balance checked after transfer. Attacker reenters contract flow before state update.,Bypassing access restrictions,Cross-function: deposit() sets state after external token transfer().
155,Reentrancy Variant 155,Single-function reentrancy,Unsafe external call to attacker contract,Variant #155: Single-function reentrancy caused by Unsafe external call to attacker contract. Attacker reenters contract flow before state update.,Draining rewards pool,Cross-function: deposit() sets state after external token transfer().
156,Reentrancy Variant 156,Read-only reentrancy,Multiple entry points sharing same state variable,Variant #156: Read-only reentrancy caused by Multiple entry points sharing same state variable. Attacker reenters contract flow before state update.,Bypassing access restrictions,"Attacker calls withdraw(), fallback triggers withdraw() repeatedly."
157,Reentrancy Variant 157,Pull-payment reentrancy,Missing reentrancy guard,Variant #157: Pull-payment reentrancy caused by Missing reentrancy guard. Attacker reenters contract flow before state update.,Bypassing access restrictions,Cross-function: deposit() sets state after external token transfer().
158,Reentrancy Variant 158,State-dependent reentrancy,Missing reentrancy guard,Variant #158: State-dependent reentrancy caused by Missing reentrancy guard. Attacker reenters contract flow before state update.,Partial draining of pooled funds,Attacker leverages ERC777 tokens to reenter before balance is updated.
159,Reentrancy Variant 159,State-dependent reentrancy,Recursive callback before mutation,Variant #159: State-dependent reentrancy caused by Recursive callback before mutation. Attacker reenters contract flow before state update.,Inflated share minting,Cross-function: deposit() sets state after external token transfer().
160,Reentrancy Variant 160,Single-function reentrancy,Balance checked after transfer,Variant #160: Single-function reentrancy caused by Balance checked after transfer. Attacker reenters contract flow before state update.,Complete balance drain,Attacker leverages ERC777 tokens to reenter before balance is updated.
161,Reentrancy Variant 161,Reentrancy via delegatecall,Balance checked after transfer,Variant #161: Reentrancy via delegatecall caused by Balance checked after transfer. Attacker reenters contract flow before state update.,Inflated share minting,"Attacker calls withdraw(), fallback triggers withdraw() repeatedly."
162,Reentrancy Variant 162,Single-function reentrancy,Balance checked after transfer,Variant #162: Single-function reentrancy caused by Balance checked after transfer. Attacker reenters contract flow before state update.,Partial draining of pooled funds,Vault updates shares after sending tokens to attacker contract.
163,Reentrancy Variant 163,Cross-contract reentrancy,Hooks triggered without control flow guard,Variant #163: Cross-contract reentrancy caused by Hooks triggered without control flow guard. Attacker reenters contract flow before state update.,Inflated share minting,"Attacker calls withdraw(), fallback triggers withdraw() repeatedly."
164,Reentrancy Variant 164,Recursive fallback reentrancy,External call inside loop,Variant #164: Recursive fallback reentrancy caused by External call inside loop. Attacker reenters contract flow before state update.,Inflated share minting,Vault updates shares after sending tokens to attacker contract.
165,Reentrancy Variant 165,State-dependent reentrancy,Multiple entry points sharing same state variable,Variant #165: State-dependent reentrancy caused by Multiple entry points sharing same state variable. Attacker reenters contract flow before state update.,Partial draining of pooled funds,Vault updates shares after sending tokens to attacker contract.
166,Reentrancy Variant 166,Withdraw-before-update reentrancy,State updated after external call,Variant #166: Withdraw-before-update reentrancy caused by State updated after external call. Attacker reenters contract flow before state update.,Partial draining of pooled funds,"Attacker calls withdraw(), fallback triggers withdraw() repeatedly."
167,Reentrancy Variant 167,Pull-payment reentrancy,External call inside loop,Variant #167: Pull-payment reentrancy caused by External call inside loop. Attacker reenters contract flow before state update.,Complete balance drain,"Attacker calls withdraw(), fallback triggers withdraw() repeatedly."
168,Reentrancy Variant 168,State-dependent reentrancy,External call inside loop,Variant #168: State-dependent reentrancy caused by External call inside loop. Attacker reenters contract flow before state update.,Partial draining of pooled funds,Attacker leverages ERC777 tokens to reenter before balance is updated.
169,Reentrancy Variant 169,State-dependent reentrancy,Upgradeable proxy storage collision,Variant #169: State-dependent reentrancy caused by Upgradeable proxy storage collision. Attacker reenters contract flow before state update.,Draining rewards pool,"Attacker calls withdraw(), fallback triggers withdraw() repeatedly."
170,Reentrancy Variant 170,State-dependent reentrancy,Unsafe external call to attacker contract,Variant #170: State-dependent reentrancy caused by Unsafe external call to attacker contract. Attacker reenters contract flow before state update.,Draining rewards pool,Attacker leverages ERC777 tokens to reenter before balance is updated.
171,Reentrancy Variant 171,ERC777-hook reentrancy,Unsafe external call to attacker contract,Variant #171: ERC777-hook reentrancy caused by Unsafe external call to attacker contract. Attacker reenters contract flow before state update.,Draining rewards pool,Attacker leverages ERC777 tokens to reenter before balance is updated.
172,Reentrancy Variant 172,Single-function reentrancy,Recursive callback before mutation,Variant #172: Single-function reentrancy caused by Recursive callback before mutation. Attacker reenters contract flow before state update.,Partial draining of pooled funds,"Attacker calls withdraw(), fallback triggers withdraw() repeatedly."
173,Reentrancy Variant 173,Cross-function reentrancy,Recursive callback before mutation,Variant #173: Cross-function reentrancy caused by Recursive callback before mutation. Attacker reenters contract flow before state update.,Complete balance drain,Vault updates shares after sending tokens to attacker contract.
174,Reentrancy Variant 174,Cross-contract reentrancy,Upgradeable proxy storage collision,Variant #174: Cross-contract reentrancy caused by Upgradeable proxy storage collision. Attacker reenters contract flow before state update.,Complete balance drain,Vault updates shares after sending tokens to attacker contract.
175,Reentrancy Variant 175,Cross-contract reentrancy,External call inside loop,Variant #175: Cross-contract reentrancy caused by External call inside loop. Attacker reenters contract flow before state update.,Inflated share minting,Attacker leverages ERC777 tokens to reenter before balance is updated.
176,Reentrancy Variant 176,Cross-function reentrancy,Recursive callback before mutation,Variant #176: Cross-function reentrancy caused by Recursive callback before mutation. Attacker reenters contract flow before state update.,Partial draining of pooled funds,Cross-function: deposit() sets state after external token transfer().
177,Reentrancy Variant 177,Cross-contract reentrancy,Missing reentrancy guard,Variant #177: Cross-contract reentrancy caused by Missing reentrancy guard. Attacker reenters contract flow before state update.,Token supply manipulation,Attacker leverages ERC777 tokens to reenter before balance is updated.
178,Reentrancy Variant 178,Cross-function reentrancy,Upgradeable proxy storage collision,Variant #178: Cross-function reentrancy caused by Upgradeable proxy storage collision. Attacker reenters contract flow before state update.,Bypassing access restrictions,Cross-function: deposit() sets state after external token transfer().
179,Reentrancy Variant 179,Read-only reentrancy,Multiple entry points sharing same state variable,Variant #179: Read-only reentrancy caused by Multiple entry points sharing same state variable. Attacker reenters contract flow before state update.,Partial draining of pooled funds,"Attacker calls withdraw(), fallback triggers withdraw() repeatedly."
180,Reentrancy Variant 180,ERC777-hook reentrancy,Fallback invoked before state lock,Variant #180: ERC777-hook reentrancy caused by Fallback invoked before state lock. Attacker reenters contract flow before state update.,Bypassing access restrictions,"Attacker calls withdraw(), fallback triggers withdraw() repeatedly."
181,Reentrancy Variant 181,State-dependent reentrancy,Missing reentrancy guard,Variant #181: State-dependent reentrancy caused by Missing reentrancy guard. Attacker reenters contract flow before state update.,Bypassing access restrictions,Attacker leverages ERC777 tokens to reenter before balance is updated.
182,Reentrancy Variant 182,Read-only reentrancy,Recursive callback before mutation,Variant #182: Read-only reentrancy caused by Recursive callback before mutation. Attacker reenters contract flow before state update.,Bypassing access restrictions,"Attacker calls withdraw(), fallback triggers withdraw() repeatedly."
183,Reentrancy Variant 183,Recursive fallback reentrancy,Recursive callback before mutation,Variant #183: Recursive fallback reentrancy caused by Recursive callback before mutation. Attacker reenters contract flow before state update.,Draining rewards pool,"Attacker calls withdraw(), fallback triggers withdraw() repeatedly."
184,Reentrancy Variant 184,Withdraw-before-update reentrancy,Balance checked after transfer,Variant #184: Withdraw-before-update reentrancy caused by Balance checked after transfer. Attacker reenters contract flow before state update.,Unauthorized repeated withdrawals,Vault updates shares after sending tokens to attacker contract.
185,Reentrancy Variant 185,State-dependent reentrancy,Multiple entry points sharing same state variable,Variant #185: State-dependent reentrancy caused by Multiple entry points sharing same state variable. Attacker reenters contract flow before state update.,Token supply manipulation,"Attacker calls withdraw(), fallback triggers withdraw() repeatedly."
186,Reentrancy Variant 186,Single-function reentrancy,Upgradeable proxy storage collision,Variant #186: Single-function reentrancy caused by Upgradeable proxy storage collision. Attacker reenters contract flow before state update.,Partial draining of pooled funds,Attacker leverages ERC777 tokens to reenter before balance is updated.
187,Reentrancy Variant 187,Reentrancy via delegatecall,Missing reentrancy guard,Variant #187: Reentrancy via delegatecall caused by Missing reentrancy guard. Attacker reenters contract flow before state update.,Complete balance drain,"Attacker calls withdraw(), fallback triggers withdraw() repeatedly."
188,Reentrancy Variant 188,State-dependent reentrancy,Upgradeable proxy storage collision,Variant #188: State-dependent reentrancy caused by Upgradeable proxy storage collision. Attacker reenters contract flow before state update.,Complete balance drain,"Attacker calls withdraw(), fallback triggers withdraw() repeatedly."
189,Reentrancy Variant 189,Read-only reentrancy,Missing reentrancy guard,Variant #189: Read-only reentrancy caused by Missing reentrancy guard. Attacker reenters contract flow before state update.,Inflated share minting,Vault updates shares after sending tokens to attacker contract.
190,Reentrancy Variant 190,Read-only reentrancy,Balance checked after transfer,Variant #190: Read-only reentrancy caused by Balance checked after transfer. Attacker reenters contract flow before state update.,Unauthorized repeated withdrawals,"Attacker calls withdraw(), fallback triggers withdraw() repeatedly."
191,Reentrancy Variant 191,Cross-function reentrancy,Missing reentrancy guard,Variant #191: Cross-function reentrancy caused by Missing reentrancy guard. Attacker reenters contract flow before state update.,Inflated share minting,Cross-function: deposit() sets state after external token transfer().
192,Reentrancy Variant 192,Recursive fallback reentrancy,Unsafe external call to attacker contract,Variant #192: Recursive fallback reentrancy caused by Unsafe external call to attacker contract. Attacker reenters contract flow before state update.,Bypassing access restrictions,Vault updates shares after sending tokens to attacker contract.
193,Reentrancy Variant 193,Withdraw-before-update reentrancy,Unsafe external call to attacker contract,Variant #193: Withdraw-before-update reentrancy caused by Unsafe external call to attacker contract. Attacker reenters contract flow before state update.,Inflated share minting,"Attacker calls withdraw(), fallback triggers withdraw() repeatedly."
194,Reentrancy Variant 194,ERC777-hook reentrancy,Multiple entry points sharing same state variable,Variant #194: ERC777-hook reentrancy caused by Multiple entry points sharing same state variable. Attacker reenters contract flow before state update.,Unauthorized repeated withdrawals,Vault updates shares after sending tokens to attacker contract.
195,Reentrancy Variant 195,Recursive fallback reentrancy,Fallback invoked before state lock,Variant #195: Recursive fallback reentrancy caused by Fallback invoked before state lock. Attacker reenters contract flow before state update.,Draining rewards pool,Vault updates shares after sending tokens to attacker contract.
196,Reentrancy Variant 196,Pull-payment reentrancy,Recursive callback before mutation,Variant #196: Pull-payment reentrancy caused by Recursive callback before mutation. Attacker reenters contract flow before state update.,Draining rewards pool,Cross-function: deposit() sets state after external token transfer().
197,Reentrancy Variant 197,Recursive fallback reentrancy,Multiple entry points sharing same state variable,Variant #197: Recursive fallback reentrancy caused by Multiple entry points sharing same state variable. Attacker reenters contract flow before state update.,Inflated share minting,Cross-function: deposit() sets state after external token transfer().
198,Reentrancy Variant 198,ERC777-hook reentrancy,Balance checked after transfer,Variant #198: ERC777-hook reentrancy caused by Balance checked after transfer. Attacker reenters contract flow before state update.,Bypassing access restrictions,"Attacker calls withdraw(), fallback triggers withdraw() repeatedly."
199,Reentrancy Variant 199,Cross-function reentrancy,Upgradeable proxy storage collision,Variant #199: Cross-function reentrancy caused by Upgradeable proxy storage collision. Attacker reenters contract flow before state update.,Unauthorized repeated withdrawals,Vault updates shares after sending tokens to attacker contract.
200,Reentrancy Variant 200,Reentrancy via delegatecall,External call inside loop,Variant #200: Reentrancy via delegatecall caused by External call inside loop. Attacker reenters contract flow before state update.,Complete balance drain,Vault updates shares after sending tokens to attacker contract.
201,Reentrancy Variant 201,Recursive fallback reentrancy,Fallback invoked before state lock,Variant #201: Recursive fallback reentrancy caused by Fallback invoked before state lock. Attacker reenters contract flow before state update.,Complete balance drain,Attacker leverages ERC777 tokens to reenter before balance is updated.
202,Reentrancy Variant 202,Recursive fallback reentrancy,Upgradeable proxy storage collision,Variant #202: Recursive fallback reentrancy caused by Upgradeable proxy storage collision. Attacker reenters contract flow before state update.,Complete balance drain,Vault updates shares after sending tokens to attacker contract.
203,Reentrancy Variant 203,Withdraw-before-update reentrancy,Missing reentrancy guard,Variant #203: Withdraw-before-update reentrancy caused by Missing reentrancy guard. Attacker reenters contract flow before state update.,Complete balance drain,Attacker leverages ERC777 tokens to reenter before balance is updated.
204,Reentrancy Variant 204,Single-function reentrancy,Upgradeable proxy storage collision,Variant #204: Single-function reentrancy caused by Upgradeable proxy storage collision. Attacker reenters contract flow before state update.,Inflated share minting,Cross-function: deposit() sets state after external token transfer().
205,Reentrancy Variant 205,Read-only reentrancy,External call inside loop,Variant #205: Read-only reentrancy caused by External call inside loop. Attacker reenters contract flow before state update.,Complete balance drain,Vault updates shares after sending tokens to attacker contract.
206,Reentrancy Variant 206,Withdraw-before-update reentrancy,Fallback invoked before state lock,Variant #206: Withdraw-before-update reentrancy caused by Fallback invoked before state lock. Attacker reenters contract flow before state update.,Inflated share minting,Vault updates shares after sending tokens to attacker contract.
207,Reentrancy Variant 207,State-dependent reentrancy,Multiple entry points sharing same state variable,Variant #207: State-dependent reentrancy caused by Multiple entry points sharing same state variable. Attacker reenters contract flow before state update.,Unauthorized repeated withdrawals,Cross-function: deposit() sets state after external token transfer().
208,Reentrancy Variant 208,Cross-function reentrancy,Missing reentrancy guard,Variant #208: Cross-function reentrancy caused by Missing reentrancy guard. Attacker reenters contract flow before state update.,Token supply manipulation,"Attacker calls withdraw(), fallback triggers withdraw() repeatedly."
209,Reentrancy Variant 209,Cross-function reentrancy,State updated after external call,Variant #209: Cross-function reentrancy caused by State updated after external call. Attacker reenters contract flow before state update.,Unauthorized repeated withdrawals,"Attacker calls withdraw(), fallback triggers withdraw() repeatedly."
210,Reentrancy Variant 210,State-dependent reentrancy,Balance checked after transfer,Variant #210: State-dependent reentrancy caused by Balance checked after transfer. Attacker reenters contract flow before state update.,Unauthorized repeated withdrawals,Vault updates shares after sending tokens to attacker contract.
211,Reentrancy Variant 211,Pull-payment reentrancy,Balance checked after transfer,Variant #211: Pull-payment reentrancy caused by Balance checked after transfer. Attacker reenters contract flow before state update.,Bypassing access restrictions,Cross-function: deposit() sets state after external token transfer().
212,Reentrancy Variant 212,Cross-function reentrancy,Multiple entry points sharing same state variable,Variant #212: Cross-function reentrancy caused by Multiple entry points sharing same state variable. Attacker reenters contract flow before state update.,Inflated share minting,Attacker leverages ERC777 tokens to reenter before balance is updated.
213,Reentrancy Variant 213,Recursive fallback reentrancy,Recursive callback before mutation,Variant #213: Recursive fallback reentrancy caused by Recursive callback before mutation. Attacker reenters contract flow before state update.,Bypassing access restrictions,Attacker leverages ERC777 tokens to reenter before balance is updated.
214,Reentrancy Variant 214,ERC777-hook reentrancy,Multiple entry points sharing same state variable,Variant #214: ERC777-hook reentrancy caused by Multiple entry points sharing same state variable. Attacker reenters contract flow before state update.,Complete balance drain,"Attacker calls withdraw(), fallback triggers withdraw() repeatedly."
215,Reentrancy Variant 215,State-dependent reentrancy,Unsafe external call to attacker contract,Variant #215: State-dependent reentrancy caused by Unsafe external call to attacker contract. Attacker reenters contract flow before state update.,Token supply manipulation,"Attacker calls withdraw(), fallback triggers withdraw() repeatedly."
216,Reentrancy Variant 216,State-dependent reentrancy,Hooks triggered without control flow guard,Variant #216: State-dependent reentrancy caused by Hooks triggered without control flow guard. Attacker reenters contract flow before state update.,Draining rewards pool,Vault updates shares after sending tokens to attacker contract.
217,Reentrancy Variant 217,Recursive fallback reentrancy,Recursive callback before mutation,Variant #217: Recursive fallback reentrancy caused by Recursive callback before mutation. Attacker reenters contract flow before state update.,Token supply manipulation,Vault updates shares after sending tokens to attacker contract.
218,Reentrancy Variant 218,Reentrancy via delegatecall,Hooks triggered without control flow guard,Variant #218: Reentrancy via delegatecall caused by Hooks triggered without control flow guard. Attacker reenters contract flow before state update.,Draining rewards pool,Vault updates shares after sending tokens to attacker contract.
219,Reentrancy Variant 219,Cross-contract reentrancy,Recursive callback before mutation,Variant #219: Cross-contract reentrancy caused by Recursive callback before mutation. Attacker reenters contract flow before state update.,Draining rewards pool,Cross-function: deposit() sets state after external token transfer().
220,Reentrancy Variant 220,Pull-payment reentrancy,Unsafe external call to attacker contract,Variant #220: Pull-payment reentrancy caused by Unsafe external call to attacker contract. Attacker reenters contract flow before state update.,Inflated share minting,Vault updates shares after sending tokens to attacker contract.
221,Reentrancy Variant 221,Read-only reentrancy,Missing reentrancy guard,Variant #221: Read-only reentrancy caused by Missing reentrancy guard. Attacker reenters contract flow before state update.,Partial draining of pooled funds,"Attacker calls withdraw(), fallback triggers withdraw() repeatedly."
222,Reentrancy Variant 222,Pull-payment reentrancy,Missing reentrancy guard,Variant #222: Pull-payment reentrancy caused by Missing reentrancy guard. Attacker reenters contract flow before state update.,Complete balance drain,Attacker leverages ERC777 tokens to reenter before balance is updated.
223,Reentrancy Variant 223,Pull-payment reentrancy,Balance checked after transfer,Variant #223: Pull-payment reentrancy caused by Balance checked after transfer. Attacker reenters contract flow before state update.,Draining rewards pool,Cross-function: deposit() sets state after external token transfer().
224,Reentrancy Variant 224,Reentrancy via delegatecall,External call inside loop,Variant #224: Reentrancy via delegatecall caused by External call inside loop. Attacker reenters contract flow before state update.,Draining rewards pool,Attacker leverages ERC777 tokens to reenter before balance is updated.
225,Reentrancy Variant 225,Withdraw-before-update reentrancy,Multiple entry points sharing same state variable,Variant #225: Withdraw-before-update reentrancy caused by Multiple entry points sharing same state variable. Attacker reenters contract flow before state update.,Token supply manipulation,Attacker leverages ERC777 tokens to reenter before balance is updated.
226,Reentrancy Variant 226,Withdraw-before-update reentrancy,Unsafe external call to attacker contract,Variant #226: Withdraw-before-update reentrancy caused by Unsafe external call to attacker contract. Attacker reenters contract flow before state update.,Complete balance drain,Cross-function: deposit() sets state after external token transfer().
227,Reentrancy Variant 227,Cross-contract reentrancy,Hooks triggered without control flow guard,Variant #227: Cross-contract reentrancy caused by Hooks triggered without control flow guard. Attacker reenters contract flow before state update.,Draining rewards pool,Attacker leverages ERC777 tokens to reenter before balance is updated.
228,Reentrancy Variant 228,Cross-function reentrancy,Fallback invoked before state lock,Variant #228: Cross-function reentrancy caused by Fallback invoked before state lock. Attacker reenters contract flow before state update.,Token supply manipulation,Cross-function: deposit() sets state after external token transfer().
229,Reentrancy Variant 229,Withdraw-before-update reentrancy,Multiple entry points sharing same state variable,Variant #229: Withdraw-before-update reentrancy caused by Multiple entry points sharing same state variable. Attacker reenters contract flow before state update.,Complete balance drain,Vault updates shares after sending tokens to attacker contract.
230,Reentrancy Variant 230,Recursive fallback reentrancy,Fallback invoked before state lock,Variant #230: Recursive fallback reentrancy caused by Fallback invoked before state lock. Attacker reenters contract flow before state update.,Draining rewards pool,Attacker leverages ERC777 tokens to reenter before balance is updated.
231,Reentrancy Variant 231,ERC777-hook reentrancy,Hooks triggered without control flow guard,Variant #231: ERC777-hook reentrancy caused by Hooks triggered without control flow guard. Attacker reenters contract flow before state update.,Bypassing access restrictions,"Attacker calls withdraw(), fallback triggers withdraw() repeatedly."
232,Reentrancy Variant 232,State-dependent reentrancy,Unsafe external call to attacker contract,Variant #232: State-dependent reentrancy caused by Unsafe external call to attacker contract. Attacker reenters contract flow before state update.,Draining rewards pool,Vault updates shares after sending tokens to attacker contract.
233,Reentrancy Variant 233,Withdraw-before-update reentrancy,Missing reentrancy guard,Variant #233: Withdraw-before-update reentrancy caused by Missing reentrancy guard. Attacker reenters contract flow before state update.,Complete balance drain,Attacker leverages ERC777 tokens to reenter before balance is updated.
234,Reentrancy Variant 234,Pull-payment reentrancy,External call inside loop,Variant #234: Pull-payment reentrancy caused by External call inside loop. Attacker reenters contract flow before state update.,Partial draining of pooled funds,"Attacker calls withdraw(), fallback triggers withdraw() repeatedly."
235,Reentrancy Variant 235,Read-only reentrancy,Hooks triggered without control flow guard,Variant #235: Read-only reentrancy caused by Hooks triggered without control flow guard. Attacker reenters contract flow before state update.,Draining rewards pool,"Attacker calls withdraw(), fallback triggers withdraw() repeatedly."
236,Reentrancy Variant 236,Single-function reentrancy,Multiple entry points sharing same state variable,Variant #236: Single-function reentrancy caused by Multiple entry points sharing same state variable. Attacker reenters contract flow before state update.,Token supply manipulation,Attacker leverages ERC777 tokens to reenter before balance is updated.
237,Reentrancy Variant 237,Reentrancy via delegatecall,Hooks triggered without control flow guard,Variant #237: Reentrancy via delegatecall caused by Hooks triggered without control flow guard. Attacker reenters contract flow before state update.,Partial draining of pooled funds,Attacker leverages ERC777 tokens to reenter before balance is updated.
238,Reentrancy Variant 238,Cross-contract reentrancy,Upgradeable proxy storage collision,Variant #238: Cross-contract reentrancy caused by Upgradeable proxy storage collision. Attacker reenters contract flow before state update.,Inflated share minting,Vault updates shares after sending tokens to attacker contract.
239,Reentrancy Variant 239,State-dependent reentrancy,Balance checked after transfer,Variant #239: State-dependent reentrancy caused by Balance checked after transfer. Attacker reenters contract flow before state update.,Inflated share minting,Cross-function: deposit() sets state after external token transfer().
240,Reentrancy Variant 240,Cross-function reentrancy,Multiple entry points sharing same state variable,Variant #240: Cross-function reentrancy caused by Multiple entry points sharing same state variable. Attacker reenters contract flow before state update.,Token supply manipulation,Vault updates shares after sending tokens to attacker contract.
241,Reentrancy Variant 241,Cross-function reentrancy,Balance checked after transfer,Variant #241: Cross-function reentrancy caused by Balance checked after transfer. Attacker reenters contract flow before state update.,Inflated share minting,Vault updates shares after sending tokens to attacker contract.
242,Reentrancy Variant 242,Reentrancy via delegatecall,Multiple entry points sharing same state variable,Variant #242: Reentrancy via delegatecall caused by Multiple entry points sharing same state variable. Attacker reenters contract flow before state update.,Draining rewards pool,Vault updates shares after sending tokens to attacker contract.
243,Reentrancy Variant 243,Single-function reentrancy,Missing reentrancy guard,Variant #243: Single-function reentrancy caused by Missing reentrancy guard. Attacker reenters contract flow before state update.,Token supply manipulation,Cross-function: deposit() sets state after external token transfer().
244,Reentrancy Variant 244,State-dependent reentrancy,External call inside loop,Variant #244: State-dependent reentrancy caused by External call inside loop. Attacker reenters contract flow before state update.,Inflated share minting,"Attacker calls withdraw(), fallback triggers withdraw() repeatedly."
245,Reentrancy Variant 245,Read-only reentrancy,Hooks triggered without control flow guard,Variant #245: Read-only reentrancy caused by Hooks triggered without control flow guard. Attacker reenters contract flow before state update.,Complete balance drain,Attacker leverages ERC777 tokens to reenter before balance is updated.
246,Reentrancy Variant 246,Cross-function reentrancy,Upgradeable proxy storage collision,Variant #246: Cross-function reentrancy caused by Upgradeable proxy storage collision. Attacker reenters contract flow before state update.,Token supply manipulation,Attacker leverages ERC777 tokens to reenter before balance is updated.
247,Reentrancy Variant 247,Reentrancy via delegatecall,Upgradeable proxy storage collision,Variant #247: Reentrancy via delegatecall caused by Upgradeable proxy storage collision. Attacker reenters contract flow before state update.,Unauthorized repeated withdrawals,"Attacker calls withdraw(), fallback triggers withdraw() repeatedly."
248,Reentrancy Variant 248,Read-only reentrancy,Recursive callback before mutation,Variant #248: Read-only reentrancy caused by Recursive callback before mutation. Attacker reenters contract flow before state update.,Bypassing access restrictions,Vault updates shares after sending tokens to attacker contract.
249,Reentrancy Variant 249,Read-only reentrancy,Multiple entry points sharing same state variable,Variant #249: Read-only reentrancy caused by Multiple entry points sharing same state variable. Attacker reenters contract flow before state update.,Bypassing access restrictions,Attacker leverages ERC777 tokens to reenter before balance is updated.
250,Reentrancy Variant 250,Withdraw-before-update reentrancy,Recursive callback before mutation,Variant #250: Withdraw-before-update reentrancy caused by Recursive callback before mutation. Attacker reenters contract flow before state update.,Draining rewards pool,Vault updates shares after sending tokens to attacker contract.
251,Reentrancy Variant 251,Cross-contract reentrancy,External call inside loop,Variant #251: Cross-contract reentrancy caused by External call inside loop. Attacker reenters contract flow before state update.,Bypassing access restrictions,Attacker leverages ERC777 tokens to reenter before balance is updated.
252,Reentrancy Variant 252,ERC777-hook reentrancy,Missing reentrancy guard,Variant #252: ERC777-hook reentrancy caused by Missing reentrancy guard. Attacker reenters contract flow before state update.,Complete balance drain,"Attacker calls withdraw(), fallback triggers withdraw() repeatedly."
253,Reentrancy Variant 253,Read-only reentrancy,External call inside loop,Variant #253: Read-only reentrancy caused by External call inside loop. Attacker reenters contract flow before state update.,Draining rewards pool,Attacker leverages ERC777 tokens to reenter before balance is updated.
254,Reentrancy Variant 254,Single-function reentrancy,Balance checked after transfer,Variant #254: Single-function reentrancy caused by Balance checked after transfer. Attacker reenters contract flow before state update.,Complete balance drain,Vault updates shares after sending tokens to attacker contract.
255,Reentrancy Variant 255,Withdraw-before-update reentrancy,Upgradeable proxy storage collision,Variant #255: Withdraw-before-update reentrancy caused by Upgradeable proxy storage collision. Attacker reenters contract flow before state update.,Unauthorized repeated withdrawals,Vault updates shares after sending tokens to attacker contract.
256,Reentrancy Variant 256,Single-function reentrancy,Fallback invoked before state lock,Variant #256: Single-function reentrancy caused by Fallback invoked before state lock. Attacker reenters contract flow before state update.,Token supply manipulation,"Attacker calls withdraw(), fallback triggers withdraw() repeatedly."
257,Reentrancy Variant 257,Cross-function reentrancy,External call inside loop,Variant #257: Cross-function reentrancy caused by External call inside loop. Attacker reenters contract flow before state update.,Draining rewards pool,Vault updates shares after sending tokens to attacker contract.
258,Reentrancy Variant 258,Cross-function reentrancy,Multiple entry points sharing same state variable,Variant #258: Cross-function reentrancy caused by Multiple entry points sharing same state variable. Attacker reenters contract flow before state update.,Partial draining of pooled funds,Cross-function: deposit() sets state after external token transfer().
259,Reentrancy Variant 259,State-dependent reentrancy,Fallback invoked before state lock,Variant #259: State-dependent reentrancy caused by Fallback invoked before state lock. Attacker reenters contract flow before state update.,Token supply manipulation,Cross-function: deposit() sets state after external token transfer().
260,Reentrancy Variant 260,Reentrancy via delegatecall,Hooks triggered without control flow guard,Variant #260: Reentrancy via delegatecall caused by Hooks triggered without control flow guard. Attacker reenters contract flow before state update.,Token supply manipulation,Cross-function: deposit() sets state after external token transfer().
261,Reentrancy Variant 261,Pull-payment reentrancy,Recursive callback before mutation,Variant #261: Pull-payment reentrancy caused by Recursive callback before mutation. Attacker reenters contract flow before state update.,Draining rewards pool,Vault updates shares after sending tokens to attacker contract.
262,Reentrancy Variant 262,Cross-function reentrancy,Recursive callback before mutation,Variant #262: Cross-function reentrancy caused by Recursive callback before mutation. Attacker reenters contract flow before state update.,Inflated share minting,"Attacker calls withdraw(), fallback triggers withdraw() repeatedly."
263,Reentrancy Variant 263,Cross-function reentrancy,Upgradeable proxy storage collision,Variant #263: Cross-function reentrancy caused by Upgradeable proxy storage collision. Attacker reenters contract flow before state update.,Inflated share minting,"Attacker calls withdraw(), fallback triggers withdraw() repeatedly."
264,Reentrancy Variant 264,Single-function reentrancy,Unsafe external call to attacker contract,Variant #264: Single-function reentrancy caused by Unsafe external call to attacker contract. Attacker reenters contract flow before state update.,Draining rewards pool,Cross-function: deposit() sets state after external token transfer().
265,Reentrancy Variant 265,ERC777-hook reentrancy,Recursive callback before mutation,Variant #265: ERC777-hook reentrancy caused by Recursive callback before mutation. Attacker reenters contract flow before state update.,Inflated share minting,Attacker leverages ERC777 tokens to reenter before balance is updated.
266,Reentrancy Variant 266,Cross-function reentrancy,Missing reentrancy guard,Variant #266: Cross-function reentrancy caused by Missing reentrancy guard. Attacker reenters contract flow before state update.,Inflated share minting,Attacker leverages ERC777 tokens to reenter before balance is updated.
267,Reentrancy Variant 267,Read-only reentrancy,State updated after external call,Variant #267: Read-only reentrancy caused by State updated after external call. Attacker reenters contract flow before state update.,Draining rewards pool,Vault updates shares after sending tokens to attacker contract.
268,Reentrancy Variant 268,Read-only reentrancy,Recursive callback before mutation,Variant #268: Read-only reentrancy caused by Recursive callback before mutation. Attacker reenters contract flow before state update.,Bypassing access restrictions,Vault updates shares after sending tokens to attacker contract.
269,Reentrancy Variant 269,State-dependent reentrancy,Hooks triggered without control flow guard,Variant #269: State-dependent reentrancy caused by Hooks triggered without control flow guard. Attacker reenters contract flow before state update.,Token supply manipulation,"Attacker calls withdraw(), fallback triggers withdraw() repeatedly."
270,Reentrancy Variant 270,ERC777-hook reentrancy,Fallback invoked before state lock,Variant #270: ERC777-hook reentrancy caused by Fallback invoked before state lock. Attacker reenters contract flow before state update.,Draining rewards pool,Attacker leverages ERC777 tokens to reenter before balance is updated.
271,Reentrancy Variant 271,Cross-function reentrancy,Fallback invoked before state lock,Variant #271: Cross-function reentrancy caused by Fallback invoked before state lock. Attacker reenters contract flow before state update.,Token supply manipulation,Vault updates shares after sending tokens to attacker contract.
272,Reentrancy Variant 272,State-dependent reentrancy,Balance checked after transfer,Variant #272: State-dependent reentrancy caused by Balance checked after transfer. Attacker reenters contract flow before state update.,Unauthorized repeated withdrawals,"Attacker calls withdraw(), fallback triggers withdraw() repeatedly."
273,Reentrancy Variant 273,Cross-contract reentrancy,Hooks triggered without control flow guard,Variant #273: Cross-contract reentrancy caused by Hooks triggered without control flow guard. Attacker reenters contract flow before state update.,Draining rewards pool,Cross-function: deposit() sets state after external token transfer().
274,Reentrancy Variant 274,Single-function reentrancy,Balance checked after transfer,Variant #274: Single-function reentrancy caused by Balance checked after transfer. Attacker reenters contract flow before state update.,Partial draining of pooled funds,"Attacker calls withdraw(), fallback triggers withdraw() repeatedly."
275,Reentrancy Variant 275,Withdraw-before-update reentrancy,Multiple entry points sharing same state variable,Variant #275: Withdraw-before-update reentrancy caused by Multiple entry points sharing same state variable. Attacker reenters contract flow before state update.,Unauthorized repeated withdrawals,Vault updates shares after sending tokens to attacker contract.
276,Reentrancy Variant 276,Single-function reentrancy,Upgradeable proxy storage collision,Variant #276: Single-function reentrancy caused by Upgradeable proxy storage collision. Attacker reenters contract flow before state update.,Token supply manipulation,Cross-function: deposit() sets state after external token transfer().
277,Reentrancy Variant 277,Pull-payment reentrancy,Balance checked after transfer,Variant #277: Pull-payment reentrancy caused by Balance checked after transfer. Attacker reenters contract flow before state update.,Token supply manipulation,Cross-function: deposit() sets state after external token transfer().
278,Reentrancy Variant 278,ERC777-hook reentrancy,Upgradeable proxy storage collision,Variant #278: ERC777-hook reentrancy caused by Upgradeable proxy storage collision. Attacker reenters contract flow before state update.,Draining rewards pool,Cross-function: deposit() sets state after external token transfer().
279,Reentrancy Variant 279,State-dependent reentrancy,Upgradeable proxy storage collision,Variant #279: State-dependent reentrancy caused by Upgradeable proxy storage collision. Attacker reenters contract flow before state update.,Unauthorized repeated withdrawals,"Attacker calls withdraw(), fallback triggers withdraw() repeatedly."
280,Reentrancy Variant 280,Single-function reentrancy,Unsafe external call to attacker contract,Variant #280: Single-function reentrancy caused by Unsafe external call to attacker contract. Attacker reenters contract flow before state update.,Bypassing access restrictions,"Attacker calls withdraw(), fallback triggers withdraw() repeatedly."
281,Reentrancy Variant 281,Single-function reentrancy,Multiple entry points sharing same state variable,Variant #281: Single-function reentrancy caused by Multiple entry points sharing same state variable. Attacker reenters contract flow before state update.,Complete balance drain,"Attacker calls withdraw(), fallback triggers withdraw() repeatedly."
282,Reentrancy Variant 282,Recursive fallback reentrancy,Balance checked after transfer,Variant #282: Recursive fallback reentrancy caused by Balance checked after transfer. Attacker reenters contract flow before state update.,Unauthorized repeated withdrawals,Vault updates shares after sending tokens to attacker contract.
283,Reentrancy Variant 283,State-dependent reentrancy,Hooks triggered without control flow guard,Variant #283: State-dependent reentrancy caused by Hooks triggered without control flow guard. Attacker reenters contract flow before state update.,Draining rewards pool,Vault updates shares after sending tokens to attacker contract.
284,Reentrancy Variant 284,Withdraw-before-update reentrancy,Unsafe external call to attacker contract,Variant #284: Withdraw-before-update reentrancy caused by Unsafe external call to attacker contract. Attacker reenters contract flow before state update.,Token supply manipulation,Cross-function: deposit() sets state after external token transfer().
285,Reentrancy Variant 285,Withdraw-before-update reentrancy,Hooks triggered without control flow guard,Variant #285: Withdraw-before-update reentrancy caused by Hooks triggered without control flow guard. Attacker reenters contract flow before state update.,Partial draining of pooled funds,"Attacker calls withdraw(), fallback triggers withdraw() repeatedly."
286,Reentrancy Variant 286,Withdraw-before-update reentrancy,Hooks triggered without control flow guard,Variant #286: Withdraw-before-update reentrancy caused by Hooks triggered without control flow guard. Attacker reenters contract flow before state update.,Partial draining of pooled funds,Attacker leverages ERC777 tokens to reenter before balance is updated.
287,Reentrancy Variant 287,Read-only reentrancy,Balance checked after transfer,Variant #287: Read-only reentrancy caused by Balance checked after transfer. Attacker reenters contract flow before state update.,Token supply manipulation,Attacker leverages ERC777 tokens to reenter before balance is updated.
288,Reentrancy Variant 288,Reentrancy via delegatecall,Hooks triggered without control flow guard,Variant #288: Reentrancy via delegatecall caused by Hooks triggered without control flow guard. Attacker reenters contract flow before state update.,Token supply manipulation,"Attacker calls withdraw(), fallback triggers withdraw() repeatedly."
289,Reentrancy Variant 289,Cross-contract reentrancy,Fallback invoked before state lock,Variant #289: Cross-contract reentrancy caused by Fallback invoked before state lock. Attacker reenters contract flow before state update.,Inflated share minting,Cross-function: deposit() sets state after external token transfer().
290,Reentrancy Variant 290,Reentrancy via delegatecall,Upgradeable proxy storage collision,Variant #290: Reentrancy via delegatecall caused by Upgradeable proxy storage collision. Attacker reenters contract flow before state update.,Complete balance drain,Vault updates shares after sending tokens to attacker contract.
291,Reentrancy Variant 291,ERC777-hook reentrancy,Recursive callback before mutation,Variant #291: ERC777-hook reentrancy caused by Recursive callback before mutation. Attacker reenters contract flow before state update.,Token supply manipulation,Vault updates shares after sending tokens to attacker contract.
292,Reentrancy Variant 292,ERC777-hook reentrancy,Recursive callback before mutation,Variant #292: ERC777-hook reentrancy caused by Recursive callback before mutation. Attacker reenters contract flow before state update.,Token supply manipulation,Attacker leverages ERC777 tokens to reenter before balance is updated.
293,Reentrancy Variant 293,ERC777-hook reentrancy,Multiple entry points sharing same state variable,Variant #293: ERC777-hook reentrancy caused by Multiple entry points sharing same state variable. Attacker reenters contract flow before state update.,Token supply manipulation,Vault updates shares after sending tokens to attacker contract.
294,Reentrancy Variant 294,Single-function reentrancy,Missing reentrancy guard,Variant #294: Single-function reentrancy caused by Missing reentrancy guard. Attacker reenters contract flow before state update.,Token supply manipulation,Cross-function: deposit() sets state after external token transfer().
295,Reentrancy Variant 295,Reentrancy via delegatecall,Balance checked after transfer,Variant #295: Reentrancy via delegatecall caused by Balance checked after transfer. Attacker reenters contract flow before state update.,Inflated share minting,Attacker leverages ERC777 tokens to reenter before balance is updated.
296,Reentrancy Variant 296,ERC777-hook reentrancy,Upgradeable proxy storage collision,Variant #296: ERC777-hook reentrancy caused by Upgradeable proxy storage collision. Attacker reenters contract flow before state update.,Token supply manipulation,"Attacker calls withdraw(), fallback triggers withdraw() repeatedly."
297,Reentrancy Variant 297,Recursive fallback reentrancy,Upgradeable proxy storage collision,Variant #297: Recursive fallback reentrancy caused by Upgradeable proxy storage collision. Attacker reenters contract flow before state update.,Complete balance drain,Vault updates shares after sending tokens to attacker contract.
298,Reentrancy Variant 298,Read-only reentrancy,Missing reentrancy guard,Variant #298: Read-only reentrancy caused by Missing reentrancy guard. Attacker reenters contract flow before state update.,Inflated share minting,Attacker leverages ERC777 tokens to reenter before balance is updated.
299,Reentrancy Variant 299,Single-function reentrancy,Balance checked after transfer,Variant #299: Single-function reentrancy caused by Balance checked after transfer. Attacker reenters contract flow before state update.,Token supply manipulation,Attacker leverages ERC777 tokens to reenter before balance is updated.
300,Reentrancy Variant 300,Single-function reentrancy,Hooks triggered without control flow guard,Variant #300: Single-function reentrancy caused by Hooks triggered without control flow guard. Attacker reenters contract flow before state update.,Draining rewards pool,Attacker leverages ERC777 tokens to reenter before balance is updated.
301,Reentrancy Variant 301,Single-function reentrancy,Fallback invoked before state lock,Variant #301: Single-function reentrancy caused by Fallback invoked before state lock. Attacker reenters contract flow before state update.,Draining rewards pool,Cross-function: deposit() sets state after external token transfer().
302,Reentrancy Variant 302,Recursive fallback reentrancy,State updated after external call,Variant #302: Recursive fallback reentrancy caused by State updated after external call. Attacker reenters contract flow before state update.,Inflated share minting,Cross-function: deposit() sets state after external token transfer().
303,Reentrancy Variant 303,Withdraw-before-update reentrancy,Balance checked after transfer,Variant #303: Withdraw-before-update reentrancy caused by Balance checked after transfer. Attacker reenters contract flow before state update.,Inflated share minting,Vault updates shares after sending tokens to attacker contract.
304,Reentrancy Variant 304,State-dependent reentrancy,Recursive callback before mutation,Variant #304: State-dependent reentrancy caused by Recursive callback before mutation. Attacker reenters contract flow before state update.,Inflated share minting,Attacker leverages ERC777 tokens to reenter before balance is updated.
305,Reentrancy Variant 305,Cross-function reentrancy,Hooks triggered without control flow guard,Variant #305: Cross-function reentrancy caused by Hooks triggered without control flow guard. Attacker reenters contract flow before state update.,Bypassing access restrictions,Vault updates shares after sending tokens to attacker contract.
306,Reentrancy Variant 306,Cross-contract reentrancy,State updated after external call,Variant #306: Cross-contract reentrancy caused by State updated after external call. Attacker reenters contract flow before state update.,Inflated share minting,Cross-function: deposit() sets state after external token transfer().
307,Reentrancy Variant 307,Cross-contract reentrancy,Fallback invoked before state lock,Variant #307: Cross-contract reentrancy caused by Fallback invoked before state lock. Attacker reenters contract flow before state update.,Complete balance drain,Vault updates shares after sending tokens to attacker contract.
308,Reentrancy Variant 308,Reentrancy via delegatecall,Missing reentrancy guard,Variant #308: Reentrancy via delegatecall caused by Missing reentrancy guard. Attacker reenters contract flow before state update.,Inflated share minting,Vault updates shares after sending tokens to attacker contract.
309,Reentrancy Variant 309,Pull-payment reentrancy,State updated after external call,Variant #309: Pull-payment reentrancy caused by State updated after external call. Attacker reenters contract flow before state update.,Bypassing access restrictions,Attacker leverages ERC777 tokens to reenter before balance is updated.
310,Reentrancy Variant 310,Cross-contract reentrancy,State updated after external call,Variant #310: Cross-contract reentrancy caused by State updated after external call. Attacker reenters contract flow before state update.,Unauthorized repeated withdrawals,Cross-function: deposit() sets state after external token transfer().
311,Reentrancy Variant 311,State-dependent reentrancy,Multiple entry points sharing same state variable,Variant #311: State-dependent reentrancy caused by Multiple entry points sharing same state variable. Attacker reenters contract flow before state update.,Inflated share minting,"Attacker calls withdraw(), fallback triggers withdraw() repeatedly."
312,Reentrancy Variant 312,Recursive fallback reentrancy,Balance checked after transfer,Variant #312: Recursive fallback reentrancy caused by Balance checked after transfer. Attacker reenters contract flow before state update.,Partial draining of pooled funds,Attacker leverages ERC777 tokens to reenter before balance is updated.
313,Reentrancy Variant 313,Pull-payment reentrancy,State updated after external call,Variant #313: Pull-payment reentrancy caused by State updated after external call. Attacker reenters contract flow before state update.,Unauthorized repeated withdrawals,"Attacker calls withdraw(), fallback triggers withdraw() repeatedly."
314,Reentrancy Variant 314,Read-only reentrancy,Multiple entry points sharing same state variable,Variant #314: Read-only reentrancy caused by Multiple entry points sharing same state variable. Attacker reenters contract flow before state update.,Draining rewards pool,"Attacker calls withdraw(), fallback triggers withdraw() repeatedly."
315,Reentrancy Variant 315,Reentrancy via delegatecall,Unsafe external call to attacker contract,Variant #315: Reentrancy via delegatecall caused by Unsafe external call to attacker contract. Attacker reenters contract flow before state update.,Bypassing access restrictions,Cross-function: deposit() sets state after external token transfer().
316,Reentrancy Variant 316,Cross-contract reentrancy,Upgradeable proxy storage collision,Variant #316: Cross-contract reentrancy caused by Upgradeable proxy storage collision. Attacker reenters contract flow before state update.,Unauthorized repeated withdrawals,Attacker leverages ERC777 tokens to reenter before balance is updated.
317,Reentrancy Variant 317,Single-function reentrancy,Upgradeable proxy storage collision,Variant #317: Single-function reentrancy caused by Upgradeable proxy storage collision. Attacker reenters contract flow before state update.,Inflated share minting,"Attacker calls withdraw(), fallback triggers withdraw() repeatedly."
318,Reentrancy Variant 318,Withdraw-before-update reentrancy,Multiple entry points sharing same state variable,Variant #318: Withdraw-before-update reentrancy caused by Multiple entry points sharing same state variable. Attacker reenters contract flow before state update.,Token supply manipulation,"Attacker calls withdraw(), fallback triggers withdraw() repeatedly."
319,Reentrancy Variant 319,Read-only reentrancy,Unsafe external call to attacker contract,Variant #319: Read-only reentrancy caused by Unsafe external call to attacker contract. Attacker reenters contract flow before state update.,Unauthorized repeated withdrawals,"Attacker calls withdraw(), fallback triggers withdraw() repeatedly."
320,Reentrancy Variant 320,ERC777-hook reentrancy,Multiple entry points sharing same state variable,Variant #320: ERC777-hook reentrancy caused by Multiple entry points sharing same state variable. Attacker reenters contract flow before state update.,Partial draining of pooled funds,Attacker leverages ERC777 tokens to reenter before balance is updated.
321,Reentrancy Variant 321,Cross-contract reentrancy,State updated after external call,Variant #321: Cross-contract reentrancy caused by State updated after external call. Attacker reenters contract flow before state update.,Bypassing access restrictions,Cross-function: deposit() sets state after external token transfer().
322,Reentrancy Variant 322,Cross-function reentrancy,Missing reentrancy guard,Variant #322: Cross-function reentrancy caused by Missing reentrancy guard. Attacker reenters contract flow before state update.,Unauthorized repeated withdrawals,Attacker leverages ERC777 tokens to reenter before balance is updated.
323,Reentrancy Variant 323,Pull-payment reentrancy,Hooks triggered without control flow guard,Variant #323: Pull-payment reentrancy caused by Hooks triggered without control flow guard. Attacker reenters contract flow before state update.,Bypassing access restrictions,Vault updates shares after sending tokens to attacker contract.
324,Reentrancy Variant 324,Read-only reentrancy,Balance checked after transfer,Variant #324: Read-only reentrancy caused by Balance checked after transfer. Attacker reenters contract flow before state update.,Token supply manipulation,Attacker leverages ERC777 tokens to reenter before balance is updated.
325,Reentrancy Variant 325,Single-function reentrancy,Recursive callback before mutation,Variant #325: Single-function reentrancy caused by Recursive callback before mutation. Attacker reenters contract flow before state update.,Token supply manipulation,Attacker leverages ERC777 tokens to reenter before balance is updated.
326,Reentrancy Variant 326,Reentrancy via delegatecall,Balance checked after transfer,Variant #326: Reentrancy via delegatecall caused by Balance checked after transfer. Attacker reenters contract flow before state update.,Partial draining of pooled funds,Cross-function: deposit() sets state after external token transfer().
327,Reentrancy Variant 327,Reentrancy via delegatecall,Fallback invoked before state lock,Variant #327: Reentrancy via delegatecall caused by Fallback invoked before state lock. Attacker reenters contract flow before state update.,Bypassing access restrictions,Cross-function: deposit() sets state after external token transfer().
328,Reentrancy Variant 328,Pull-payment reentrancy,State updated after external call,Variant #328: Pull-payment reentrancy caused by State updated after external call. Attacker reenters contract flow before state update.,Bypassing access restrictions,Cross-function: deposit() sets state after external token transfer().
329,Reentrancy Variant 329,Cross-contract reentrancy,Balance checked after transfer,Variant #329: Cross-contract reentrancy caused by Balance checked after transfer. Attacker reenters contract flow before state update.,Inflated share minting,Attacker leverages ERC777 tokens to reenter before balance is updated.
330,Reentrancy Variant 330,Cross-function reentrancy,Recursive callback before mutation,Variant #330: Cross-function reentrancy caused by Recursive callback before mutation. Attacker reenters contract flow before state update.,Partial draining of pooled funds,"Attacker calls withdraw(), fallback triggers withdraw() repeatedly."
331,Reentrancy Variant 331,Recursive fallback reentrancy,Hooks triggered without control flow guard,Variant #331: Recursive fallback reentrancy caused by Hooks triggered without control flow guard. Attacker reenters contract flow before state update.,Token supply manipulation,"Attacker calls withdraw(), fallback triggers withdraw() repeatedly."
332,Reentrancy Variant 332,Cross-function reentrancy,External call inside loop,Variant #332: Cross-function reentrancy caused by External call inside loop. Attacker reenters contract flow before state update.,Token supply manipulation,Attacker leverages ERC777 tokens to reenter before balance is updated.
333,Reentrancy Variant 333,ERC777-hook reentrancy,State updated after external call,Variant #333: ERC777-hook reentrancy caused by State updated after external call. Attacker reenters contract flow before state update.,Token supply manipulation,Cross-function: deposit() sets state after external token transfer().
334,Reentrancy Variant 334,Pull-payment reentrancy,External call inside loop,Variant #334: Pull-payment reentrancy caused by External call inside loop. Attacker reenters contract flow before state update.,Inflated share minting,"Attacker calls withdraw(), fallback triggers withdraw() repeatedly."
335,Reentrancy Variant 335,Cross-function reentrancy,Multiple entry points sharing same state variable,Variant #335: Cross-function reentrancy caused by Multiple entry points sharing same state variable. Attacker reenters contract flow before state update.,Inflated share minting,Attacker leverages ERC777 tokens to reenter before balance is updated.
336,Reentrancy Variant 336,Read-only reentrancy,Multiple entry points sharing same state variable,Variant #336: Read-only reentrancy caused by Multiple entry points sharing same state variable. Attacker reenters contract flow before state update.,Draining rewards pool,Cross-function: deposit() sets state after external token transfer().
337,Reentrancy Variant 337,Withdraw-before-update reentrancy,State updated after external call,Variant #337: Withdraw-before-update reentrancy caused by State updated after external call. Attacker reenters contract flow before state update.,Partial draining of pooled funds,Attacker leverages ERC777 tokens to reenter before balance is updated.
338,Reentrancy Variant 338,Reentrancy via delegatecall,Multiple entry points sharing same state variable,Variant #338: Reentrancy via delegatecall caused by Multiple entry points sharing same state variable. Attacker reenters contract flow before state update.,Bypassing access restrictions,Attacker leverages ERC777 tokens to reenter before balance is updated.
339,Reentrancy Variant 339,Recursive fallback reentrancy,External call inside loop,Variant #339: Recursive fallback reentrancy caused by External call inside loop. Attacker reenters contract flow before state update.,Inflated share minting,"Attacker calls withdraw(), fallback triggers withdraw() repeatedly."
340,Reentrancy Variant 340,Read-only reentrancy,Recursive callback before mutation,Variant #340: Read-only reentrancy caused by Recursive callback before mutation. Attacker reenters contract flow before state update.,Token supply manipulation,Attacker leverages ERC777 tokens to reenter before balance is updated.
341,Reentrancy Variant 341,Cross-function reentrancy,Fallback invoked before state lock,Variant #341: Cross-function reentrancy caused by Fallback invoked before state lock. Attacker reenters contract flow before state update.,Bypassing access restrictions,Vault updates shares after sending tokens to attacker contract.
342,Reentrancy Variant 342,Single-function reentrancy,Fallback invoked before state lock,Variant #342: Single-function reentrancy caused by Fallback invoked before state lock. Attacker reenters contract flow before state update.,Partial draining of pooled funds,Attacker leverages ERC777 tokens to reenter before balance is updated.
343,Reentrancy Variant 343,Withdraw-before-update reentrancy,Unsafe external call to attacker contract,Variant #343: Withdraw-before-update reentrancy caused by Unsafe external call to attacker contract. Attacker reenters contract flow before state update.,Bypassing access restrictions,Cross-function: deposit() sets state after external token transfer().
344,Reentrancy Variant 344,Single-function reentrancy,Missing reentrancy guard,Variant #344: Single-function reentrancy caused by Missing reentrancy guard. Attacker reenters contract flow before state update.,Inflated share minting,Cross-function: deposit() sets state after external token transfer().
345,Reentrancy Variant 345,Withdraw-before-update reentrancy,Recursive callback before mutation,Variant #345: Withdraw-before-update reentrancy caused by Recursive callback before mutation. Attacker reenters contract flow before state update.,Inflated share minting,Attacker leverages ERC777 tokens to reenter before balance is updated.
346,Reentrancy Variant 346,State-dependent reentrancy,Multiple entry points sharing same state variable,Variant #346: State-dependent reentrancy caused by Multiple entry points sharing same state variable. Attacker reenters contract flow before state update.,Draining rewards pool,"Attacker calls withdraw(), fallback triggers withdraw() repeatedly."
347,Reentrancy Variant 347,Pull-payment reentrancy,External call inside loop,Variant #347: Pull-payment reentrancy caused by External call inside loop. Attacker reenters contract flow before state update.,Draining rewards pool,Attacker leverages ERC777 tokens to reenter before balance is updated.
348,Reentrancy Variant 348,Pull-payment reentrancy,Recursive callback before mutation,Variant #348: Pull-payment reentrancy caused by Recursive callback before mutation. Attacker reenters contract flow before state update.,Token supply manipulation,Vault updates shares after sending tokens to attacker contract.
349,Reentrancy Variant 349,Cross-contract reentrancy,Balance checked after transfer,Variant #349: Cross-contract reentrancy caused by Balance checked after transfer. Attacker reenters contract flow before state update.,Partial draining of pooled funds,Vault updates shares after sending tokens to attacker contract.
350,Reentrancy Variant 350,Reentrancy via delegatecall,Recursive callback before mutation,Variant #350: Reentrancy via delegatecall caused by Recursive callback before mutation. Attacker reenters contract flow before state update.,Unauthorized repeated withdrawals,Vault updates shares after sending tokens to attacker contract.
351,Reentrancy Variant 351,Withdraw-before-update reentrancy,Unsafe external call to attacker contract,Variant #351: Withdraw-before-update reentrancy caused by Unsafe external call to attacker contract. Attacker reenters contract flow before state update.,Draining rewards pool,Vault updates shares after sending tokens to attacker contract.
352,Reentrancy Variant 352,Single-function reentrancy,Unsafe external call to attacker contract,Variant #352: Single-function reentrancy caused by Unsafe external call to attacker contract. Attacker reenters contract flow before state update.,Token supply manipulation,Vault updates shares after sending tokens to attacker contract.
353,Reentrancy Variant 353,Cross-contract reentrancy,State updated after external call,Variant #353: Cross-contract reentrancy caused by State updated after external call. Attacker reenters contract flow before state update.,Draining rewards pool,"Attacker calls withdraw(), fallback triggers withdraw() repeatedly."
354,Reentrancy Variant 354,Cross-function reentrancy,Hooks triggered without control flow guard,Variant #354: Cross-function reentrancy caused by Hooks triggered without control flow guard. Attacker reenters contract flow before state update.,Draining rewards pool,Attacker leverages ERC777 tokens to reenter before balance is updated.
355,Reentrancy Variant 355,Reentrancy via delegatecall,Upgradeable proxy storage collision,Variant #355: Reentrancy via delegatecall caused by Upgradeable proxy storage collision. Attacker reenters contract flow before state update.,Bypassing access restrictions,Vault updates shares after sending tokens to attacker contract.
356,Reentrancy Variant 356,Cross-function reentrancy,Unsafe external call to attacker contract,Variant #356: Cross-function reentrancy caused by Unsafe external call to attacker contract. Attacker reenters contract flow before state update.,Bypassing access restrictions,Vault updates shares after sending tokens to attacker contract.
357,Reentrancy Variant 357,State-dependent reentrancy,Balance checked after transfer,Variant #357: State-dependent reentrancy caused by Balance checked after transfer. Attacker reenters contract flow before state update.,Draining rewards pool,Vault updates shares after sending tokens to attacker contract.
358,Reentrancy Variant 358,ERC777-hook reentrancy,External call inside loop,Variant #358: ERC777-hook reentrancy caused by External call inside loop. Attacker reenters contract flow before state update.,Unauthorized repeated withdrawals,"Attacker calls withdraw(), fallback triggers withdraw() repeatedly."
359,Reentrancy Variant 359,Cross-contract reentrancy,State updated after external call,Variant #359: Cross-contract reentrancy caused by State updated after external call. Attacker reenters contract flow before state update.,Token supply manipulation,"Attacker calls withdraw(), fallback triggers withdraw() repeatedly."
360,Reentrancy Variant 360,Single-function reentrancy,Fallback invoked before state lock,Variant #360: Single-function reentrancy caused by Fallback invoked before state lock. Attacker reenters contract flow before state update.,Unauthorized repeated withdrawals,Cross-function: deposit() sets state after external token transfer().
361,Reentrancy Variant 361,Recursive fallback reentrancy,Fallback invoked before state lock,Variant #361: Recursive fallback reentrancy caused by Fallback invoked before state lock. Attacker reenters contract flow before state update.,Inflated share minting,Cross-function: deposit() sets state after external token transfer().
362,Reentrancy Variant 362,Single-function reentrancy,Missing reentrancy guard,Variant #362: Single-function reentrancy caused by Missing reentrancy guard. Attacker reenters contract flow before state update.,Draining rewards pool,Vault updates shares after sending tokens to attacker contract.
363,Reentrancy Variant 363,Read-only reentrancy,Upgradeable proxy storage collision,Variant #363: Read-only reentrancy caused by Upgradeable proxy storage collision. Attacker reenters contract flow before state update.,Inflated share minting,Cross-function: deposit() sets state after external token transfer().
364,Reentrancy Variant 364,Read-only reentrancy,Fallback invoked before state lock,Variant #364: Read-only reentrancy caused by Fallback invoked before state lock. Attacker reenters contract flow before state update.,Inflated share minting,Cross-function: deposit() sets state after external token transfer().
365,Reentrancy Variant 365,State-dependent reentrancy,Hooks triggered without control flow guard,Variant #365: State-dependent reentrancy caused by Hooks triggered without control flow guard. Attacker reenters contract flow before state update.,Draining rewards pool,"Attacker calls withdraw(), fallback triggers withdraw() repeatedly."
366,Reentrancy Variant 366,Withdraw-before-update reentrancy,Hooks triggered without control flow guard,Variant #366: Withdraw-before-update reentrancy caused by Hooks triggered without control flow guard. Attacker reenters contract flow before state update.,Draining rewards pool,Attacker leverages ERC777 tokens to reenter before balance is updated.
367,Reentrancy Variant 367,Reentrancy via delegatecall,Fallback invoked before state lock,Variant #367: Reentrancy via delegatecall caused by Fallback invoked before state lock. Attacker reenters contract flow before state update.,Bypassing access restrictions,"Attacker calls withdraw(), fallback triggers withdraw() repeatedly."
368,Reentrancy Variant 368,Reentrancy via delegatecall,External call inside loop,Variant #368: Reentrancy via delegatecall caused by External call inside loop. Attacker reenters contract flow before state update.,Inflated share minting,"Attacker calls withdraw(), fallback triggers withdraw() repeatedly."
369,Reentrancy Variant 369,Cross-function reentrancy,Unsafe external call to attacker contract,Variant #369: Cross-function reentrancy caused by Unsafe external call to attacker contract. Attacker reenters contract flow before state update.,Inflated share minting,Cross-function: deposit() sets state after external token transfer().
370,Reentrancy Variant 370,State-dependent reentrancy,Multiple entry points sharing same state variable,Variant #370: State-dependent reentrancy caused by Multiple entry points sharing same state variable. Attacker reenters contract flow before state update.,Partial draining of pooled funds,Vault updates shares after sending tokens to attacker contract.
371,Reentrancy Variant 371,Reentrancy via delegatecall,Balance checked after transfer,Variant #371: Reentrancy via delegatecall caused by Balance checked after transfer. Attacker reenters contract flow before state update.,Complete balance drain,Attacker leverages ERC777 tokens to reenter before balance is updated.
372,Reentrancy Variant 372,Cross-function reentrancy,Missing reentrancy guard,Variant #372: Cross-function reentrancy caused by Missing reentrancy guard. Attacker reenters contract flow before state update.,Partial draining of pooled funds,Attacker leverages ERC777 tokens to reenter before balance is updated.
373,Reentrancy Variant 373,Cross-function reentrancy,Multiple entry points sharing same state variable,Variant #373: Cross-function reentrancy caused by Multiple entry points sharing same state variable. Attacker reenters contract flow before state update.,Partial draining of pooled funds,Vault updates shares after sending tokens to attacker contract.
374,Reentrancy Variant 374,ERC777-hook reentrancy,State updated after external call,Variant #374: ERC777-hook reentrancy caused by State updated after external call. Attacker reenters contract flow before state update.,Bypassing access restrictions,Vault updates shares after sending tokens to attacker contract.
375,Reentrancy Variant 375,Withdraw-before-update reentrancy,State updated after external call,Variant #375: Withdraw-before-update reentrancy caused by State updated after external call. Attacker reenters contract flow before state update.,Unauthorized repeated withdrawals,Vault updates shares after sending tokens to attacker contract.
376,Reentrancy Variant 376,State-dependent reentrancy,Hooks triggered without control flow guard,Variant #376: State-dependent reentrancy caused by Hooks triggered without control flow guard. Attacker reenters contract flow before state update.,Inflated share minting,Cross-function: deposit() sets state after external token transfer().
377,Reentrancy Variant 377,Reentrancy via delegatecall,Multiple entry points sharing same state variable,Variant #377: Reentrancy via delegatecall caused by Multiple entry points sharing same state variable. Attacker reenters contract flow before state update.,Complete balance drain,Vault updates shares after sending tokens to attacker contract.
378,Reentrancy Variant 378,Withdraw-before-update reentrancy,Balance checked after transfer,Variant #378: Withdraw-before-update reentrancy caused by Balance checked after transfer. Attacker reenters contract flow before state update.,Complete balance drain,"Attacker calls withdraw(), fallback triggers withdraw() repeatedly."
379,Reentrancy Variant 379,ERC777-hook reentrancy,Multiple entry points sharing same state variable,Variant #379: ERC777-hook reentrancy caused by Multiple entry points sharing same state variable. Attacker reenters contract flow before state update.,Bypassing access restrictions,"Attacker calls withdraw(), fallback triggers withdraw() repeatedly."
380,Reentrancy Variant 380,Recursive fallback reentrancy,External call inside loop,Variant #380: Recursive fallback reentrancy caused by External call inside loop. Attacker reenters contract flow before state update.,Inflated share minting,Vault updates shares after sending tokens to attacker contract.
381,Reentrancy Variant 381,Withdraw-before-update reentrancy,Multiple entry points sharing same state variable,Variant #381: Withdraw-before-update reentrancy caused by Multiple entry points sharing same state variable. Attacker reenters contract flow before state update.,Partial draining of pooled funds,Cross-function: deposit() sets state after external token transfer().
382,Reentrancy Variant 382,Cross-contract reentrancy,Unsafe external call to attacker contract,Variant #382: Cross-contract reentrancy caused by Unsafe external call to attacker contract. Attacker reenters contract flow before state update.,Complete balance drain,Attacker leverages ERC777 tokens to reenter before balance is updated.
383,Reentrancy Variant 383,Pull-payment reentrancy,External call inside loop,Variant #383: Pull-payment reentrancy caused by External call inside loop. Attacker reenters contract flow before state update.,Partial draining of pooled funds,"Attacker calls withdraw(), fallback triggers withdraw() repeatedly."
384,Reentrancy Variant 384,Single-function reentrancy,Upgradeable proxy storage collision,Variant #384: Single-function reentrancy caused by Upgradeable proxy storage collision. Attacker reenters contract flow before state update.,Partial draining of pooled funds,Vault updates shares after sending tokens to attacker contract.
385,Reentrancy Variant 385,Cross-contract reentrancy,Multiple entry points sharing same state variable,Variant #385: Cross-contract reentrancy caused by Multiple entry points sharing same state variable. Attacker reenters contract flow before state update.,Draining rewards pool,Cross-function: deposit() sets state after external token transfer().
386,Reentrancy Variant 386,Pull-payment reentrancy,External call inside loop,Variant #386: Pull-payment reentrancy caused by External call inside loop. Attacker reenters contract flow before state update.,Complete balance drain,Cross-function: deposit() sets state after external token transfer().
387,Reentrancy Variant 387,Read-only reentrancy,Balance checked after transfer,Variant #387: Read-only reentrancy caused by Balance checked after transfer. Attacker reenters contract flow before state update.,Partial draining of pooled funds,"Attacker calls withdraw(), fallback triggers withdraw() repeatedly."
388,Reentrancy Variant 388,ERC777-hook reentrancy,Recursive callback before mutation,Variant #388: ERC777-hook reentrancy caused by Recursive callback before mutation. Attacker reenters contract flow before state update.,Inflated share minting,Cross-function: deposit() sets state after external token transfer().
389,Reentrancy Variant 389,Reentrancy via delegatecall,External call inside loop,Variant #389: Reentrancy via delegatecall caused by External call inside loop. Attacker reenters contract flow before state update.,Draining rewards pool,Cross-function: deposit() sets state after external token transfer().
390,Reentrancy Variant 390,Cross-contract reentrancy,Balance checked after transfer,Variant #390: Cross-contract reentrancy caused by Balance checked after transfer. Attacker reenters contract flow before state update.,Draining rewards pool,Vault updates shares after sending tokens to attacker contract.
391,Reentrancy Variant 391,Single-function reentrancy,Recursive callback before mutation,Variant #391: Single-function reentrancy caused by Recursive callback before mutation. Attacker reenters contract flow before state update.,Inflated share minting,Vault updates shares after sending tokens to attacker contract.
392,Reentrancy Variant 392,Recursive fallback reentrancy,Missing reentrancy guard,Variant #392: Recursive fallback reentrancy caused by Missing reentrancy guard. Attacker reenters contract flow before state update.,Partial draining of pooled funds,Vault updates shares after sending tokens to attacker contract.
393,Reentrancy Variant 393,Reentrancy via delegatecall,Unsafe external call to attacker contract,Variant #393: Reentrancy via delegatecall caused by Unsafe external call to attacker contract. Attacker reenters contract flow before state update.,Unauthorized repeated withdrawals,"Attacker calls withdraw(), fallback triggers withdraw() repeatedly."
394,Reentrancy Variant 394,Single-function reentrancy,Missing reentrancy guard,Variant #394: Single-function reentrancy caused by Missing reentrancy guard. Attacker reenters contract flow before state update.,Partial draining of pooled funds,Vault updates shares after sending tokens to attacker contract.
395,Reentrancy Variant 395,Cross-function reentrancy,Balance checked after transfer,Variant #395: Cross-function reentrancy caused by Balance checked after transfer. Attacker reenters contract flow before state update.,Draining rewards pool,Attacker leverages ERC777 tokens to reenter before balance is updated.
396,Reentrancy Variant 396,ERC777-hook reentrancy,Fallback invoked before state lock,Variant #396: ERC777-hook reentrancy caused by Fallback invoked before state lock. Attacker reenters contract flow before state update.,Token supply manipulation,"Attacker calls withdraw(), fallback triggers withdraw() repeatedly."
397,Reentrancy Variant 397,Cross-function reentrancy,Upgradeable proxy storage collision,Variant #397: Cross-function reentrancy caused by Upgradeable proxy storage collision. Attacker reenters contract flow before state update.,Inflated share minting,"Attacker calls withdraw(), fallback triggers withdraw() repeatedly."
398,Reentrancy Variant 398,State-dependent reentrancy,State updated after external call,Variant #398: State-dependent reentrancy caused by State updated after external call. Attacker reenters contract flow before state update.,Token supply manipulation,Attacker leverages ERC777 tokens to reenter before balance is updated.
399,Reentrancy Variant 399,Reentrancy via delegatecall,Unsafe external call to attacker contract,Variant #399: Reentrancy via delegatecall caused by Unsafe external call to attacker contract. Attacker reenters contract flow before state update.,Draining rewards pool,Vault updates shares after sending tokens to attacker contract.
400,Reentrancy Variant 400,Withdraw-before-update reentrancy,External call inside loop,Variant #400: Withdraw-before-update reentrancy caused by External call inside loop. Attacker reenters contract flow before state update.,Draining rewards pool,Vault updates shares after sending tokens to attacker contract.
401,Reentrancy Variant 401,Single-function reentrancy,Fallback invoked before state lock,Variant #401: Single-function reentrancy caused by Fallback invoked before state lock. Attacker reenters contract flow before state update.,Draining rewards pool,"Attacker calls withdraw(), fallback triggers withdraw() repeatedly."
402,Reentrancy Variant 402,Read-only reentrancy,Missing reentrancy guard,Variant #402: Read-only reentrancy caused by Missing reentrancy guard. Attacker reenters contract flow before state update.,Inflated share minting,Cross-function: deposit() sets state after external token transfer().
403,Reentrancy Variant 403,Recursive fallback reentrancy,Fallback invoked before state lock,Variant #403: Recursive fallback reentrancy caused by Fallback invoked before state lock. Attacker reenters contract flow before state update.,Partial draining of pooled funds,Attacker leverages ERC777 tokens to reenter before balance is updated.
404,Reentrancy Variant 404,State-dependent reentrancy,Unsafe external call to attacker contract,Variant #404: State-dependent reentrancy caused by Unsafe external call to attacker contract. Attacker reenters contract flow before state update.,Complete balance drain,Cross-function: deposit() sets state after external token transfer().
405,Reentrancy Variant 405,Recursive fallback reentrancy,State updated after external call,Variant #405: Recursive fallback reentrancy caused by State updated after external call. Attacker reenters contract flow before state update.,Token supply manipulation,Cross-function: deposit() sets state after external token transfer().
406,Reentrancy Variant 406,Recursive fallback reentrancy,Recursive callback before mutation,Variant #406: Recursive fallback reentrancy caused by Recursive callback before mutation. Attacker reenters contract flow before state update.,Unauthorized repeated withdrawals,Vault updates shares after sending tokens to attacker contract.
407,Reentrancy Variant 407,Single-function reentrancy,Missing reentrancy guard,Variant #407: Single-function reentrancy caused by Missing reentrancy guard. Attacker reenters contract flow before state update.,Partial draining of pooled funds,Vault updates shares after sending tokens to attacker contract.
408,Reentrancy Variant 408,Reentrancy via delegatecall,Hooks triggered without control flow guard,Variant #408: Reentrancy via delegatecall caused by Hooks triggered without control flow guard. Attacker reenters contract flow before state update.,Complete balance drain,"Attacker calls withdraw(), fallback triggers withdraw() repeatedly."
409,Reentrancy Variant 409,Recursive fallback reentrancy,External call inside loop,Variant #409: Recursive fallback reentrancy caused by External call inside loop. Attacker reenters contract flow before state update.,Token supply manipulation,Cross-function: deposit() sets state after external token transfer().
410,Reentrancy Variant 410,Read-only reentrancy,Hooks triggered without control flow guard,Variant #410: Read-only reentrancy caused by Hooks triggered without control flow guard. Attacker reenters contract flow before state update.,Draining rewards pool,Attacker leverages ERC777 tokens to reenter before balance is updated.
411,Reentrancy Variant 411,Withdraw-before-update reentrancy,Unsafe external call to attacker contract,Variant #411: Withdraw-before-update reentrancy caused by Unsafe external call to attacker contract. Attacker reenters contract flow before state update.,Partial draining of pooled funds,Cross-function: deposit() sets state after external token transfer().
412,Reentrancy Variant 412,Single-function reentrancy,Upgradeable proxy storage collision,Variant #412: Single-function reentrancy caused by Upgradeable proxy storage collision. Attacker reenters contract flow before state update.,Partial draining of pooled funds,"Attacker calls withdraw(), fallback triggers withdraw() repeatedly."
413,Reentrancy Variant 413,Reentrancy via delegatecall,Recursive callback before mutation,Variant #413: Reentrancy via delegatecall caused by Recursive callback before mutation. Attacker reenters contract flow before state update.,Bypassing access restrictions,Attacker leverages ERC777 tokens to reenter before balance is updated.
414,Reentrancy Variant 414,State-dependent reentrancy,Upgradeable proxy storage collision,Variant #414: State-dependent reentrancy caused by Upgradeable proxy storage collision. Attacker reenters contract flow before state update.,Bypassing access restrictions,"Attacker calls withdraw(), fallback triggers withdraw() repeatedly."
415,Reentrancy Variant 415,Read-only reentrancy,Fallback invoked before state lock,Variant #415: Read-only reentrancy caused by Fallback invoked before state lock. Attacker reenters contract flow before state update.,Partial draining of pooled funds,"Attacker calls withdraw(), fallback triggers withdraw() repeatedly."
416,Reentrancy Variant 416,ERC777-hook reentrancy,State updated after external call,Variant #416: ERC777-hook reentrancy caused by State updated after external call. Attacker reenters contract flow before state update.,Partial draining of pooled funds,"Attacker calls withdraw(), fallback triggers withdraw() repeatedly."
417,Reentrancy Variant 417,ERC777-hook reentrancy,Balance checked after transfer,Variant #417: ERC777-hook reentrancy caused by Balance checked after transfer. Attacker reenters contract flow before state update.,Unauthorized repeated withdrawals,Cross-function: deposit() sets state after external token transfer().
418,Reentrancy Variant 418,State-dependent reentrancy,Hooks triggered without control flow guard,Variant #418: State-dependent reentrancy caused by Hooks triggered without control flow guard. Attacker reenters contract flow before state update.,Inflated share minting,Cross-function: deposit() sets state after external token transfer().
419,Reentrancy Variant 419,Cross-contract reentrancy,Hooks triggered without control flow guard,Variant #419: Cross-contract reentrancy caused by Hooks triggered without control flow guard. Attacker reenters contract flow before state update.,Complete balance drain,"Attacker calls withdraw(), fallback triggers withdraw() repeatedly."
420,Reentrancy Variant 420,Cross-function reentrancy,Recursive callback before mutation,Variant #420: Cross-function reentrancy caused by Recursive callback before mutation. Attacker reenters contract flow before state update.,Complete balance drain,Attacker leverages ERC777 tokens to reenter before balance is updated.
421,Reentrancy Variant 421,Single-function reentrancy,State updated after external call,Variant #421: Single-function reentrancy caused by State updated after external call. Attacker reenters contract flow before state update.,Bypassing access restrictions,"Attacker calls withdraw(), fallback triggers withdraw() repeatedly."
422,Reentrancy Variant 422,Recursive fallback reentrancy,Upgradeable proxy storage collision,Variant #422: Recursive fallback reentrancy caused by Upgradeable proxy storage collision. Attacker reenters contract flow before state update.,Partial draining of pooled funds,Attacker leverages ERC777 tokens to reenter before balance is updated.
423,Reentrancy Variant 423,Pull-payment reentrancy,Hooks triggered without control flow guard,Variant #423: Pull-payment reentrancy caused by Hooks triggered without control flow guard. Attacker reenters contract flow before state update.,Bypassing access restrictions,Vault updates shares after sending tokens to attacker contract.
424,Reentrancy Variant 424,Recursive fallback reentrancy,External call inside loop,Variant #424: Recursive fallback reentrancy caused by External call inside loop. Attacker reenters contract flow before state update.,Draining rewards pool,Vault updates shares after sending tokens to attacker contract.
425,Reentrancy Variant 425,Recursive fallback reentrancy,Recursive callback before mutation,Variant #425: Recursive fallback reentrancy caused by Recursive callback before mutation. Attacker reenters contract flow before state update.,Token supply manipulation,Cross-function: deposit() sets state after external token transfer().
426,Reentrancy Variant 426,Read-only reentrancy,Hooks triggered without control flow guard,Variant #426: Read-only reentrancy caused by Hooks triggered without control flow guard. Attacker reenters contract flow before state update.,Draining rewards pool,Attacker leverages ERC777 tokens to reenter before balance is updated.
427,Reentrancy Variant 427,Cross-contract reentrancy,Fallback invoked before state lock,Variant #427: Cross-contract reentrancy caused by Fallback invoked before state lock. Attacker reenters contract flow before state update.,Bypassing access restrictions,Attacker leverages ERC777 tokens to reenter before balance is updated.
428,Reentrancy Variant 428,Cross-contract reentrancy,Missing reentrancy guard,Variant #428: Cross-contract reentrancy caused by Missing reentrancy guard. Attacker reenters contract flow before state update.,Token supply manipulation,"Attacker calls withdraw(), fallback triggers withdraw() repeatedly."
429,Reentrancy Variant 429,Reentrancy via delegatecall,Missing reentrancy guard,Variant #429: Reentrancy via delegatecall caused by Missing reentrancy guard. Attacker reenters contract flow before state update.,Bypassing access restrictions,"Attacker calls withdraw(), fallback triggers withdraw() repeatedly."
430,Reentrancy Variant 430,Recursive fallback reentrancy,Upgradeable proxy storage collision,Variant #430: Recursive fallback reentrancy caused by Upgradeable proxy storage collision. Attacker reenters contract flow before state update.,Bypassing access restrictions,Vault updates shares after sending tokens to attacker contract.
431,Reentrancy Variant 431,Cross-function reentrancy,Unsafe external call to attacker contract,Variant #431: Cross-function reentrancy caused by Unsafe external call to attacker contract. Attacker reenters contract flow before state update.,Partial draining of pooled funds,Cross-function: deposit() sets state after external token transfer().
432,Reentrancy Variant 432,Pull-payment reentrancy,Multiple entry points sharing same state variable,Variant #432: Pull-payment reentrancy caused by Multiple entry points sharing same state variable. Attacker reenters contract flow before state update.,Partial draining of pooled funds,"Attacker calls withdraw(), fallback triggers withdraw() repeatedly."
433,Reentrancy Variant 433,Read-only reentrancy,Unsafe external call to attacker contract,Variant #433: Read-only reentrancy caused by Unsafe external call to attacker contract. Attacker reenters contract flow before state update.,Bypassing access restrictions,"Attacker calls withdraw(), fallback triggers withdraw() repeatedly."
434,Reentrancy Variant 434,Cross-function reentrancy,State updated after external call,Variant #434: Cross-function reentrancy caused by State updated after external call. Attacker reenters contract flow before state update.,Draining rewards pool,Attacker leverages ERC777 tokens to reenter before balance is updated.
435,Reentrancy Variant 435,State-dependent reentrancy,Upgradeable proxy storage collision,Variant #435: State-dependent reentrancy caused by Upgradeable proxy storage collision. Attacker reenters contract flow before state update.,Partial draining of pooled funds,"Attacker calls withdraw(), fallback triggers withdraw() repeatedly."
436,Reentrancy Variant 436,ERC777-hook reentrancy,External call inside loop,Variant #436: ERC777-hook reentrancy caused by External call inside loop. Attacker reenters contract flow before state update.,Draining rewards pool,Cross-function: deposit() sets state after external token transfer().
437,Reentrancy Variant 437,Reentrancy via delegatecall,External call inside loop,Variant #437: Reentrancy via delegatecall caused by External call inside loop. Attacker reenters contract flow before state update.,Partial draining of pooled funds,Vault updates shares after sending tokens to attacker contract.
438,Reentrancy Variant 438,ERC777-hook reentrancy,Hooks triggered without control flow guard,Variant #438: ERC777-hook reentrancy caused by Hooks triggered without control flow guard. Attacker reenters contract flow before state update.,Bypassing access restrictions,Attacker leverages ERC777 tokens to reenter before balance is updated.
439,Reentrancy Variant 439,Pull-payment reentrancy,Balance checked after transfer,Variant #439: Pull-payment reentrancy caused by Balance checked after transfer. Attacker reenters contract flow before state update.,Partial draining of pooled funds,Cross-function: deposit() sets state after external token transfer().
440,Reentrancy Variant 440,Pull-payment reentrancy,Missing reentrancy guard,Variant #440: Pull-payment reentrancy caused by Missing reentrancy guard. Attacker reenters contract flow before state update.,Inflated share minting,Cross-function: deposit() sets state after external token transfer().
441,Reentrancy Variant 441,Single-function reentrancy,Balance checked after transfer,Variant #441: Single-function reentrancy caused by Balance checked after transfer. Attacker reenters contract flow before state update.,Unauthorized repeated withdrawals,Vault updates shares after sending tokens to attacker contract.
442,Reentrancy Variant 442,Recursive fallback reentrancy,Multiple entry points sharing same state variable,Variant #442: Recursive fallback reentrancy caused by Multiple entry points sharing same state variable. Attacker reenters contract flow before state update.,Draining rewards pool,Cross-function: deposit() sets state after external token transfer().
443,Reentrancy Variant 443,Withdraw-before-update reentrancy,Balance checked after transfer,Variant #443: Withdraw-before-update reentrancy caused by Balance checked after transfer. Attacker reenters contract flow before state update.,Inflated share minting,Attacker leverages ERC777 tokens to reenter before balance is updated.
444,Reentrancy Variant 444,Pull-payment reentrancy,Recursive callback before mutation,Variant #444: Pull-payment reentrancy caused by Recursive callback before mutation. Attacker reenters contract flow before state update.,Draining rewards pool,"Attacker calls withdraw(), fallback triggers withdraw() repeatedly."
445,Reentrancy Variant 445,Read-only reentrancy,External call inside loop,Variant #445: Read-only reentrancy caused by External call inside loop. Attacker reenters contract flow before state update.,Partial draining of pooled funds,Cross-function: deposit() sets state after external token transfer().
446,Reentrancy Variant 446,Cross-function reentrancy,Recursive callback before mutation,Variant #446: Cross-function reentrancy caused by Recursive callback before mutation. Attacker reenters contract flow before state update.,Unauthorized repeated withdrawals,Cross-function: deposit() sets state after external token transfer().
447,Reentrancy Variant 447,Reentrancy via delegatecall,Recursive callback before mutation,Variant #447: Reentrancy via delegatecall caused by Recursive callback before mutation. Attacker reenters contract flow before state update.,Draining rewards pool,Cross-function: deposit() sets state after external token transfer().
448,Reentrancy Variant 448,Reentrancy via delegatecall,State updated after external call,Variant #448: Reentrancy via delegatecall caused by State updated after external call. Attacker reenters contract flow before state update.,Token supply manipulation,Cross-function: deposit() sets state after external token transfer().
449,Reentrancy Variant 449,Cross-function reentrancy,Unsafe external call to attacker contract,Variant #449: Cross-function reentrancy caused by Unsafe external call to attacker contract. Attacker reenters contract flow before state update.,Complete balance drain,"Attacker calls withdraw(), fallback triggers withdraw() repeatedly."
450,Reentrancy Variant 450,Recursive fallback reentrancy,Balance checked after transfer,Variant #450: Recursive fallback reentrancy caused by Balance checked after transfer. Attacker reenters contract flow before state update.,Partial draining of pooled funds,Vault updates shares after sending tokens to attacker contract.
451,Reentrancy Variant 451,Cross-contract reentrancy,Missing reentrancy guard,Variant #451: Cross-contract reentrancy caused by Missing reentrancy guard. Attacker reenters contract flow before state update.,Draining rewards pool,Attacker leverages ERC777 tokens to reenter before balance is updated.
452,Reentrancy Variant 452,Pull-payment reentrancy,Multiple entry points sharing same state variable,Variant #452: Pull-payment reentrancy caused by Multiple entry points sharing same state variable. Attacker reenters contract flow before state update.,Inflated share minting,Vault updates shares after sending tokens to attacker contract.
453,Reentrancy Variant 453,Cross-function reentrancy,Missing reentrancy guard,Variant #453: Cross-function reentrancy caused by Missing reentrancy guard. Attacker reenters contract flow before state update.,Complete balance drain,Cross-function: deposit() sets state after external token transfer().
454,Reentrancy Variant 454,Cross-contract reentrancy,Missing reentrancy guard,Variant #454: Cross-contract reentrancy caused by Missing reentrancy guard. Attacker reenters contract flow before state update.,Unauthorized repeated withdrawals,"Attacker calls withdraw(), fallback triggers withdraw() repeatedly."
455,Reentrancy Variant 455,Recursive fallback reentrancy,Unsafe external call to attacker contract,Variant #455: Recursive fallback reentrancy caused by Unsafe external call to attacker contract. Attacker reenters contract flow before state update.,Bypassing access restrictions,"Attacker calls withdraw(), fallback triggers withdraw() repeatedly."
456,Reentrancy Variant 456,Cross-function reentrancy,Recursive callback before mutation,Variant #456: Cross-function reentrancy caused by Recursive callback before mutation. Attacker reenters contract flow before state update.,Bypassing access restrictions,Cross-function: deposit() sets state after external token transfer().
457,Reentrancy Variant 457,State-dependent reentrancy,Hooks triggered without control flow guard,Variant #457: State-dependent reentrancy caused by Hooks triggered without control flow guard. Attacker reenters contract flow before state update.,Partial draining of pooled funds,Attacker leverages ERC777 tokens to reenter before balance is updated.
458,Reentrancy Variant 458,Single-function reentrancy,Fallback invoked before state lock,Variant #458: Single-function reentrancy caused by Fallback invoked before state lock. Attacker reenters contract flow before state update.,Complete balance drain,Attacker leverages ERC777 tokens to reenter before balance is updated.
459,Reentrancy Variant 459,Cross-contract reentrancy,Balance checked after transfer,Variant #459: Cross-contract reentrancy caused by Balance checked after transfer. Attacker reenters contract flow before state update.,Complete balance drain,"Attacker calls withdraw(), fallback triggers withdraw() repeatedly."
460,Reentrancy Variant 460,State-dependent reentrancy,External call inside loop,Variant #460: State-dependent reentrancy caused by External call inside loop. Attacker reenters contract flow before state update.,Partial draining of pooled funds,Cross-function: deposit() sets state after external token transfer().
461,Reentrancy Variant 461,Pull-payment reentrancy,Hooks triggered without control flow guard,Variant #461: Pull-payment reentrancy caused by Hooks triggered without control flow guard. Attacker reenters contract flow before state update.,Bypassing access restrictions,Vault updates shares after sending tokens to attacker contract.
462,Reentrancy Variant 462,Cross-function reentrancy,Recursive callback before mutation,Variant #462: Cross-function reentrancy caused by Recursive callback before mutation. Attacker reenters contract flow before state update.,Bypassing access restrictions,Attacker leverages ERC777 tokens to reenter before balance is updated.
463,Reentrancy Variant 463,Withdraw-before-update reentrancy,Upgradeable proxy storage collision,Variant #463: Withdraw-before-update reentrancy caused by Upgradeable proxy storage collision. Attacker reenters contract flow before state update.,Unauthorized repeated withdrawals,Attacker leverages ERC777 tokens to reenter before balance is updated.
464,Reentrancy Variant 464,Pull-payment reentrancy,External call inside loop,Variant #464: Pull-payment reentrancy caused by External call inside loop. Attacker reenters contract flow before state update.,Inflated share minting,Attacker leverages ERC777 tokens to reenter before balance is updated.
465,Reentrancy Variant 465,Withdraw-before-update reentrancy,Fallback invoked before state lock,Variant #465: Withdraw-before-update reentrancy caused by Fallback invoked before state lock. Attacker reenters contract flow before state update.,Complete balance drain,Cross-function: deposit() sets state after external token transfer().
466,Reentrancy Variant 466,Cross-contract reentrancy,Recursive callback before mutation,Variant #466: Cross-contract reentrancy caused by Recursive callback before mutation. Attacker reenters contract flow before state update.,Token supply manipulation,Attacker leverages ERC777 tokens to reenter before balance is updated.
467,Reentrancy Variant 467,ERC777-hook reentrancy,Multiple entry points sharing same state variable,Variant #467: ERC777-hook reentrancy caused by Multiple entry points sharing same state variable. Attacker reenters contract flow before state update.,Inflated share minting,Cross-function: deposit() sets state after external token transfer().
468,Reentrancy Variant 468,Cross-function reentrancy,External call inside loop,Variant #468: Cross-function reentrancy caused by External call inside loop. Attacker reenters contract flow before state update.,Unauthorized repeated withdrawals,Cross-function: deposit() sets state after external token transfer().
469,Reentrancy Variant 469,Single-function reentrancy,Missing reentrancy guard,Variant #469: Single-function reentrancy caused by Missing reentrancy guard. Attacker reenters contract flow before state update.,Partial draining of pooled funds,Vault updates shares after sending tokens to attacker contract.
470,Reentrancy Variant 470,Read-only reentrancy,Fallback invoked before state lock,Variant #470: Read-only reentrancy caused by Fallback invoked before state lock. Attacker reenters contract flow before state update.,Token supply manipulation,Vault updates shares after sending tokens to attacker contract.
471,Reentrancy Variant 471,Pull-payment reentrancy,Balance checked after transfer,Variant #471: Pull-payment reentrancy caused by Balance checked after transfer. Attacker reenters contract flow before state update.,Complete balance drain,Attacker leverages ERC777 tokens to reenter before balance is updated.
472,Reentrancy Variant 472,State-dependent reentrancy,Unsafe external call to attacker contract,Variant #472: State-dependent reentrancy caused by Unsafe external call to attacker contract. Attacker reenters contract flow before state update.,Partial draining of pooled funds,"Attacker calls withdraw(), fallback triggers withdraw() repeatedly."
473,Reentrancy Variant 473,Single-function reentrancy,Hooks triggered without control flow guard,Variant #473: Single-function reentrancy caused by Hooks triggered without control flow guard. Attacker reenters contract flow before state update.,Partial draining of pooled funds,Attacker leverages ERC777 tokens to reenter before balance is updated.
474,Reentrancy Variant 474,Cross-function reentrancy,Upgradeable proxy storage collision,Variant #474: Cross-function reentrancy caused by Upgradeable proxy storage collision. Attacker reenters contract flow before state update.,Unauthorized repeated withdrawals,Attacker leverages ERC777 tokens to reenter before balance is updated.
475,Reentrancy Variant 475,Pull-payment reentrancy,Upgradeable proxy storage collision,Variant #475: Pull-payment reentrancy caused by Upgradeable proxy storage collision. Attacker reenters contract flow before state update.,Bypassing access restrictions,Attacker leverages ERC777 tokens to reenter before balance is updated.
476,Reentrancy Variant 476,ERC777-hook reentrancy,Recursive callback before mutation,Variant #476: ERC777-hook reentrancy caused by Recursive callback before mutation. Attacker reenters contract flow before state update.,Draining rewards pool,Cross-function: deposit() sets state after external token transfer().
477,Reentrancy Variant 477,ERC777-hook reentrancy,State updated after external call,Variant #477: ERC777-hook reentrancy caused by State updated after external call. Attacker reenters contract flow before state update.,Bypassing access restrictions,Vault updates shares after sending tokens to attacker contract.
478,Reentrancy Variant 478,Recursive fallback reentrancy,Missing reentrancy guard,Variant #478: Recursive fallback reentrancy caused by Missing reentrancy guard. Attacker reenters contract flow before state update.,Bypassing access restrictions,Attacker leverages ERC777 tokens to reenter before balance is updated.
479,Reentrancy Variant 479,State-dependent reentrancy,Multiple entry points sharing same state variable,Variant #479: State-dependent reentrancy caused by Multiple entry points sharing same state variable. Attacker reenters contract flow before state update.,Bypassing access restrictions,Vault updates shares after sending tokens to attacker contract.
480,Reentrancy Variant 480,Read-only reentrancy,Balance checked after transfer,Variant #480: Read-only reentrancy caused by Balance checked after transfer. Attacker reenters contract flow before state update.,Bypassing access restrictions,Attacker leverages ERC777 tokens to reenter before balance is updated.
481,Reentrancy Variant 481,ERC777-hook reentrancy,Balance checked after transfer,Variant #481: ERC777-hook reentrancy caused by Balance checked after transfer. Attacker reenters contract flow before state update.,Complete balance drain,Attacker leverages ERC777 tokens to reenter before balance is updated.
482,Reentrancy Variant 482,ERC777-hook reentrancy,Balance checked after transfer,Variant #482: ERC777-hook reentrancy caused by Balance checked after transfer. Attacker reenters contract flow before state update.,Unauthorized repeated withdrawals,Cross-function: deposit() sets state after external token transfer().
483,Reentrancy Variant 483,Recursive fallback reentrancy,Fallback invoked before state lock,Variant #483: Recursive fallback reentrancy caused by Fallback invoked before state lock. Attacker reenters contract flow before state update.,Complete balance drain,Attacker leverages ERC777 tokens to reenter before balance is updated.
484,Reentrancy Variant 484,Cross-contract reentrancy,Unsafe external call to attacker contract,Variant #484: Cross-contract reentrancy caused by Unsafe external call to attacker contract. Attacker reenters contract flow before state update.,Inflated share minting,Vault updates shares after sending tokens to attacker contract.
485,Reentrancy Variant 485,Cross-contract reentrancy,External call inside loop,Variant #485: Cross-contract reentrancy caused by External call inside loop. Attacker reenters contract flow before state update.,Token supply manipulation,"Attacker calls withdraw(), fallback triggers withdraw() repeatedly."
486,Reentrancy Variant 486,Read-only reentrancy,Unsafe external call to attacker contract,Variant #486: Read-only reentrancy caused by Unsafe external call to attacker contract. Attacker reenters contract flow before state update.,Partial draining of pooled funds,Vault updates shares after sending tokens to attacker contract.
487,Reentrancy Variant 487,ERC777-hook reentrancy,Upgradeable proxy storage collision,Variant #487: ERC777-hook reentrancy caused by Upgradeable proxy storage collision. Attacker reenters contract flow before state update.,Bypassing access restrictions,"Attacker calls withdraw(), fallback triggers withdraw() repeatedly."
488,Reentrancy Variant 488,ERC777-hook reentrancy,Missing reentrancy guard,Variant #488: ERC777-hook reentrancy caused by Missing reentrancy guard. Attacker reenters contract flow before state update.,Inflated share minting,"Attacker calls withdraw(), fallback triggers withdraw() repeatedly."
489,Reentrancy Variant 489,Pull-payment reentrancy,State updated after external call,Variant #489: Pull-payment reentrancy caused by State updated after external call. Attacker reenters contract flow before state update.,Draining rewards pool,Attacker leverages ERC777 tokens to reenter before balance is updated.
490,Reentrancy Variant 490,Withdraw-before-update reentrancy,Upgradeable proxy storage collision,Variant #490: Withdraw-before-update reentrancy caused by Upgradeable proxy storage collision. Attacker reenters contract flow before state update.,Bypassing access restrictions,"Attacker calls withdraw(), fallback triggers withdraw() repeatedly."
491,Reentrancy Variant 491,Withdraw-before-update reentrancy,Hooks triggered without control flow guard,Variant #491: Withdraw-before-update reentrancy caused by Hooks triggered without control flow guard. Attacker reenters contract flow before state update.,Inflated share minting,Cross-function: deposit() sets state after external token transfer().
492,Reentrancy Variant 492,Cross-contract reentrancy,Missing reentrancy guard,Variant #492: Cross-contract reentrancy caused by Missing reentrancy guard. Attacker reenters contract flow before state update.,Unauthorized repeated withdrawals,Attacker leverages ERC777 tokens to reenter before balance is updated.
493,Reentrancy Variant 493,Recursive fallback reentrancy,Upgradeable proxy storage collision,Variant #493: Recursive fallback reentrancy caused by Upgradeable proxy storage collision. Attacker reenters contract flow before state update.,Draining rewards pool,Attacker leverages ERC777 tokens to reenter before balance is updated.
494,Reentrancy Variant 494,Read-only reentrancy,Unsafe external call to attacker contract,Variant #494: Read-only reentrancy caused by Unsafe external call to attacker contract. Attacker reenters contract flow before state update.,Partial draining of pooled funds,Attacker leverages ERC777 tokens to reenter before balance is updated.
495,Reentrancy Variant 495,Recursive fallback reentrancy,Multiple entry points sharing same state variable,Variant #495: Recursive fallback reentrancy caused by Multiple entry points sharing same state variable. Attacker reenters contract flow before state update.,Complete balance drain,Vault updates shares after sending tokens to attacker contract.
496,Reentrancy Variant 496,Reentrancy via delegatecall,Missing reentrancy guard,Variant #496: Reentrancy via delegatecall caused by Missing reentrancy guard. Attacker reenters contract flow before state update.,Complete balance drain,Attacker leverages ERC777 tokens to reenter before balance is updated.
497,Reentrancy Variant 497,Reentrancy via delegatecall,Hooks triggered without control flow guard,Variant #497: Reentrancy via delegatecall caused by Hooks triggered without control flow guard. Attacker reenters contract flow before state update.,Bypassing access restrictions,Attacker leverages ERC777 tokens to reenter before balance is updated.
498,Reentrancy Variant 498,Cross-contract reentrancy,Unsafe external call to attacker contract,Variant #498: Cross-contract reentrancy caused by Unsafe external call to attacker contract. Attacker reenters contract flow before state update.,Unauthorized repeated withdrawals,Cross-function: deposit() sets state after external token transfer().
499,Reentrancy Variant 499,Read-only reentrancy,State updated after external call,Variant #499: Read-only reentrancy caused by State updated after external call. Attacker reenters contract flow before state update.,Bypassing access restrictions,Vault updates shares after sending tokens to attacker contract.
500,Reentrancy Variant 500,Withdraw-before-update reentrancy,Unsafe external call to attacker contract,Variant #500: Withdraw-before-update reentrancy caused by Unsafe external call to attacker contract. Attacker reenters contract flow before state update.,Complete balance drain,"Attacker calls withdraw(), fallback triggers withdraw() repeatedly."
501,Reentrancy Variant 501,Reentrancy via delegatecall,Multiple entry points sharing same state variable,Variant #501: Reentrancy via delegatecall caused by Multiple entry points sharing same state variable. Attacker reenters contract flow before state update.,Inflated share minting,Vault updates shares after sending tokens to attacker contract.
502,Reentrancy Variant 502,Reentrancy via delegatecall,Missing reentrancy guard,Variant #502: Reentrancy via delegatecall caused by Missing reentrancy guard. Attacker reenters contract flow before state update.,Bypassing access restrictions,Cross-function: deposit() sets state after external token transfer().
503,Reentrancy Variant 503,ERC777-hook reentrancy,Recursive callback before mutation,Variant #503: ERC777-hook reentrancy caused by Recursive callback before mutation. Attacker reenters contract flow before state update.,Inflated share minting,"Attacker calls withdraw(), fallback triggers withdraw() repeatedly."
504,Reentrancy Variant 504,Read-only reentrancy,Hooks triggered without control flow guard,Variant #504: Read-only reentrancy caused by Hooks triggered without control flow guard. Attacker reenters contract flow before state update.,Complete balance drain,Cross-function: deposit() sets state after external token transfer().
505,Reentrancy Variant 505,ERC777-hook reentrancy,Fallback invoked before state lock,Variant #505: ERC777-hook reentrancy caused by Fallback invoked before state lock. Attacker reenters contract flow before state update.,Unauthorized repeated withdrawals,Cross-function: deposit() sets state after external token transfer().
506,Reentrancy Variant 506,ERC777-hook reentrancy,Recursive callback before mutation,Variant #506: ERC777-hook reentrancy caused by Recursive callback before mutation. Attacker reenters contract flow before state update.,Token supply manipulation,"Attacker calls withdraw(), fallback triggers withdraw() repeatedly."
507,Reentrancy Variant 507,ERC777-hook reentrancy,Fallback invoked before state lock,Variant #507: ERC777-hook reentrancy caused by Fallback invoked before state lock. Attacker reenters contract flow before state update.,Token supply manipulation,Vault updates shares after sending tokens to attacker contract.
508,Reentrancy Variant 508,Single-function reentrancy,Recursive callback before mutation,Variant #508: Single-function reentrancy caused by Recursive callback before mutation. Attacker reenters contract flow before state update.,Unauthorized repeated withdrawals,Vault updates shares after sending tokens to attacker contract.
509,Reentrancy Variant 509,State-dependent reentrancy,Unsafe external call to attacker contract,Variant #509: State-dependent reentrancy caused by Unsafe external call to attacker contract. Attacker reenters contract flow before state update.,Inflated share minting,Attacker leverages ERC777 tokens to reenter before balance is updated.
510,Reentrancy Variant 510,Single-function reentrancy,Unsafe external call to attacker contract,Variant #510: Single-function reentrancy caused by Unsafe external call to attacker contract. Attacker reenters contract flow before state update.,Token supply manipulation,Cross-function: deposit() sets state after external token transfer().
511,Reentrancy Variant 511,Read-only reentrancy,Hooks triggered without control flow guard,Variant #511: Read-only reentrancy caused by Hooks triggered without control flow guard. Attacker reenters contract flow before state update.,Partial draining of pooled funds,Vault updates shares after sending tokens to attacker contract.
512,Reentrancy Variant 512,Read-only reentrancy,Fallback invoked before state lock,Variant #512: Read-only reentrancy caused by Fallback invoked before state lock. Attacker reenters contract flow before state update.,Unauthorized repeated withdrawals,Attacker leverages ERC777 tokens to reenter before balance is updated.
513,Reentrancy Variant 513,Read-only reentrancy,Recursive callback before mutation,Variant #513: Read-only reentrancy caused by Recursive callback before mutation. Attacker reenters contract flow before state update.,Complete balance drain,Attacker leverages ERC777 tokens to reenter before balance is updated.
514,Reentrancy Variant 514,ERC777-hook reentrancy,Multiple entry points sharing same state variable,Variant #514: ERC777-hook reentrancy caused by Multiple entry points sharing same state variable. Attacker reenters contract flow before state update.,Draining rewards pool,"Attacker calls withdraw(), fallback triggers withdraw() repeatedly."
515,Reentrancy Variant 515,Cross-contract reentrancy,Upgradeable proxy storage collision,Variant #515: Cross-contract reentrancy caused by Upgradeable proxy storage collision. Attacker reenters contract flow before state update.,Inflated share minting,Cross-function: deposit() sets state after external token transfer().
516,Reentrancy Variant 516,Reentrancy via delegatecall,Recursive callback before mutation,Variant #516: Reentrancy via delegatecall caused by Recursive callback before mutation. Attacker reenters contract flow before state update.,Bypassing access restrictions,Vault updates shares after sending tokens to attacker contract.
517,Reentrancy Variant 517,Cross-function reentrancy,Missing reentrancy guard,Variant #517: Cross-function reentrancy caused by Missing reentrancy guard. Attacker reenters contract flow before state update.,Inflated share minting,Vault updates shares after sending tokens to attacker contract.
518,Reentrancy Variant 518,State-dependent reentrancy,External call inside loop,Variant #518: State-dependent reentrancy caused by External call inside loop. Attacker reenters contract flow before state update.,Inflated share minting,Cross-function: deposit() sets state after external token transfer().
519,Reentrancy Variant 519,Reentrancy via delegatecall,Unsafe external call to attacker contract,Variant #519: Reentrancy via delegatecall caused by Unsafe external call to attacker contract. Attacker reenters contract flow before state update.,Token supply manipulation,Vault updates shares after sending tokens to attacker contract.
520,Reentrancy Variant 520,Cross-function reentrancy,Recursive callback before mutation,Variant #520: Cross-function reentrancy caused by Recursive callback before mutation. Attacker reenters contract flow before state update.,Draining rewards pool,"Attacker calls withdraw(), fallback triggers withdraw() repeatedly."
521,Reentrancy Variant 521,Single-function reentrancy,Upgradeable proxy storage collision,Variant #521: Single-function reentrancy caused by Upgradeable proxy storage collision. Attacker reenters contract flow before state update.,Complete balance drain,Attacker leverages ERC777 tokens to reenter before balance is updated.
522,Reentrancy Variant 522,Reentrancy via delegatecall,State updated after external call,Variant #522: Reentrancy via delegatecall caused by State updated after external call. Attacker reenters contract flow before state update.,Inflated share minting,Vault updates shares after sending tokens to attacker contract.
523,Reentrancy Variant 523,Read-only reentrancy,Multiple entry points sharing same state variable,Variant #523: Read-only reentrancy caused by Multiple entry points sharing same state variable. Attacker reenters contract flow before state update.,Draining rewards pool,Vault updates shares after sending tokens to attacker contract.
524,Reentrancy Variant 524,Reentrancy via delegatecall,Recursive callback before mutation,Variant #524: Reentrancy via delegatecall caused by Recursive callback before mutation. Attacker reenters contract flow before state update.,Draining rewards pool,Attacker leverages ERC777 tokens to reenter before balance is updated.
525,Reentrancy Variant 525,Pull-payment reentrancy,Unsafe external call to attacker contract,Variant #525: Pull-payment reentrancy caused by Unsafe external call to attacker contract. Attacker reenters contract flow before state update.,Token supply manipulation,Vault updates shares after sending tokens to attacker contract.
526,Reentrancy Variant 526,Recursive fallback reentrancy,Unsafe external call to attacker contract,Variant #526: Recursive fallback reentrancy caused by Unsafe external call to attacker contract. Attacker reenters contract flow before state update.,Bypassing access restrictions,"Attacker calls withdraw(), fallback triggers withdraw() repeatedly."
527,Reentrancy Variant 527,Cross-contract reentrancy,Hooks triggered without control flow guard,Variant #527: Cross-contract reentrancy caused by Hooks triggered without control flow guard. Attacker reenters contract flow before state update.,Partial draining of pooled funds,Vault updates shares after sending tokens to attacker contract.
528,Reentrancy Variant 528,Read-only reentrancy,Upgradeable proxy storage collision,Variant #528: Read-only reentrancy caused by Upgradeable proxy storage collision. Attacker reenters contract flow before state update.,Draining rewards pool,Cross-function: deposit() sets state after external token transfer().
529,Reentrancy Variant 529,Pull-payment reentrancy,Missing reentrancy guard,Variant #529: Pull-payment reentrancy caused by Missing reentrancy guard. Attacker reenters contract flow before state update.,Unauthorized repeated withdrawals,Attacker leverages ERC777 tokens to reenter before balance is updated.
530,Reentrancy Variant 530,Single-function reentrancy,State updated after external call,Variant #530: Single-function reentrancy caused by State updated after external call. Attacker reenters contract flow before state update.,Inflated share minting,Cross-function: deposit() sets state after external token transfer().
531,Reentrancy Variant 531,Reentrancy via delegatecall,Fallback invoked before state lock,Variant #531: Reentrancy via delegatecall caused by Fallback invoked before state lock. Attacker reenters contract flow before state update.,Partial draining of pooled funds,Cross-function: deposit() sets state after external token transfer().
532,Reentrancy Variant 532,Cross-function reentrancy,State updated after external call,Variant #532: Cross-function reentrancy caused by State updated after external call. Attacker reenters contract flow before state update.,Bypassing access restrictions,"Attacker calls withdraw(), fallback triggers withdraw() repeatedly."
533,Reentrancy Variant 533,Cross-function reentrancy,Multiple entry points sharing same state variable,Variant #533: Cross-function reentrancy caused by Multiple entry points sharing same state variable. Attacker reenters contract flow before state update.,Unauthorized repeated withdrawals,Vault updates shares after sending tokens to attacker contract.
534,Reentrancy Variant 534,Withdraw-before-update reentrancy,Balance checked after transfer,Variant #534: Withdraw-before-update reentrancy caused by Balance checked after transfer. Attacker reenters contract flow before state update.,Bypassing access restrictions,Attacker leverages ERC777 tokens to reenter before balance is updated.
535,Reentrancy Variant 535,State-dependent reentrancy,Fallback invoked before state lock,Variant #535: State-dependent reentrancy caused by Fallback invoked before state lock. Attacker reenters contract flow before state update.,Bypassing access restrictions,"Attacker calls withdraw(), fallback triggers withdraw() repeatedly."
536,Reentrancy Variant 536,Recursive fallback reentrancy,Upgradeable proxy storage collision,Variant #536: Recursive fallback reentrancy caused by Upgradeable proxy storage collision. Attacker reenters contract flow before state update.,Partial draining of pooled funds,Vault updates shares after sending tokens to attacker contract.
537,Reentrancy Variant 537,Pull-payment reentrancy,Fallback invoked before state lock,Variant #537: Pull-payment reentrancy caused by Fallback invoked before state lock. Attacker reenters contract flow before state update.,Unauthorized repeated withdrawals,Attacker leverages ERC777 tokens to reenter before balance is updated.
538,Reentrancy Variant 538,Withdraw-before-update reentrancy,Upgradeable proxy storage collision,Variant #538: Withdraw-before-update reentrancy caused by Upgradeable proxy storage collision. Attacker reenters contract flow before state update.,Token supply manipulation,"Attacker calls withdraw(), fallback triggers withdraw() repeatedly."
539,Reentrancy Variant 539,Cross-function reentrancy,Fallback invoked before state lock,Variant #539: Cross-function reentrancy caused by Fallback invoked before state lock. Attacker reenters contract flow before state update.,Complete balance drain,Cross-function: deposit() sets state after external token transfer().
540,Reentrancy Variant 540,Withdraw-before-update reentrancy,Balance checked after transfer,Variant #540: Withdraw-before-update reentrancy caused by Balance checked after transfer. Attacker reenters contract flow before state update.,Inflated share minting,Cross-function: deposit() sets state after external token transfer().
541,Reentrancy Variant 541,Recursive fallback reentrancy,Fallback invoked before state lock,Variant #541: Recursive fallback reentrancy caused by Fallback invoked before state lock. Attacker reenters contract flow before state update.,Token supply manipulation,Vault updates shares after sending tokens to attacker contract.
542,Reentrancy Variant 542,Withdraw-before-update reentrancy,Fallback invoked before state lock,Variant #542: Withdraw-before-update reentrancy caused by Fallback invoked before state lock. Attacker reenters contract flow before state update.,Partial draining of pooled funds,"Attacker calls withdraw(), fallback triggers withdraw() repeatedly."
543,Reentrancy Variant 543,State-dependent reentrancy,Unsafe external call to attacker contract,Variant #543: State-dependent reentrancy caused by Unsafe external call to attacker contract. Attacker reenters contract flow before state update.,Draining rewards pool,Vault updates shares after sending tokens to attacker contract.
544,Reentrancy Variant 544,ERC777-hook reentrancy,Balance checked after transfer,Variant #544: ERC777-hook reentrancy caused by Balance checked after transfer. Attacker reenters contract flow before state update.,Inflated share minting,"Attacker calls withdraw(), fallback triggers withdraw() repeatedly."
545,Reentrancy Variant 545,State-dependent reentrancy,Hooks triggered without control flow guard,Variant #545: State-dependent reentrancy caused by Hooks triggered without control flow guard. Attacker reenters contract flow before state update.,Complete balance drain,Cross-function: deposit() sets state after external token transfer().
546,Reentrancy Variant 546,Cross-function reentrancy,Multiple entry points sharing same state variable,Variant #546: Cross-function reentrancy caused by Multiple entry points sharing same state variable. Attacker reenters contract flow before state update.,Draining rewards pool,"Attacker calls withdraw(), fallback triggers withdraw() repeatedly."
547,Reentrancy Variant 547,Pull-payment reentrancy,External call inside loop,Variant #547: Pull-payment reentrancy caused by External call inside loop. Attacker reenters contract flow before state update.,Complete balance drain,"Attacker calls withdraw(), fallback triggers withdraw() repeatedly."
548,Reentrancy Variant 548,Reentrancy via delegatecall,Hooks triggered without control flow guard,Variant #548: Reentrancy via delegatecall caused by Hooks triggered without control flow guard. Attacker reenters contract flow before state update.,Partial draining of pooled funds,Vault updates shares after sending tokens to attacker contract.
549,Reentrancy Variant 549,Withdraw-before-update reentrancy,Multiple entry points sharing same state variable,Variant #549: Withdraw-before-update reentrancy caused by Multiple entry points sharing same state variable. Attacker reenters contract flow before state update.,Inflated share minting,Attacker leverages ERC777 tokens to reenter before balance is updated.
550,Reentrancy Variant 550,Withdraw-before-update reentrancy,Multiple entry points sharing same state variable,Variant #550: Withdraw-before-update reentrancy caused by Multiple entry points sharing same state variable. Attacker reenters contract flow before state update.,Inflated share minting,Cross-function: deposit() sets state after external token transfer().
551,Reentrancy Variant 551,Recursive fallback reentrancy,External call inside loop,Variant #551: Recursive fallback reentrancy caused by External call inside loop. Attacker reenters contract flow before state update.,Token supply manipulation,"Attacker calls withdraw(), fallback triggers withdraw() repeatedly."
552,Reentrancy Variant 552,Read-only reentrancy,State updated after external call,Variant #552: Read-only reentrancy caused by State updated after external call. Attacker reenters contract flow before state update.,Complete balance drain,"Attacker calls withdraw(), fallback triggers withdraw() repeatedly."
553,Reentrancy Variant 553,Cross-function reentrancy,Unsafe external call to attacker contract,Variant #553: Cross-function reentrancy caused by Unsafe external call to attacker contract. Attacker reenters contract flow before state update.,Inflated share minting,Vault updates shares after sending tokens to attacker contract.
554,Reentrancy Variant 554,Pull-payment reentrancy,Missing reentrancy guard,Variant #554: Pull-payment reentrancy caused by Missing reentrancy guard. Attacker reenters contract flow before state update.,Inflated share minting,Vault updates shares after sending tokens to attacker contract.
555,Reentrancy Variant 555,Recursive fallback reentrancy,Missing reentrancy guard,Variant #555: Recursive fallback reentrancy caused by Missing reentrancy guard. Attacker reenters contract flow before state update.,Complete balance drain,Attacker leverages ERC777 tokens to reenter before balance is updated.
556,Reentrancy Variant 556,Reentrancy via delegatecall,Recursive callback before mutation,Variant #556: Reentrancy via delegatecall caused by Recursive callback before mutation. Attacker reenters contract flow before state update.,Complete balance drain,Attacker leverages ERC777 tokens to reenter before balance is updated.
557,Reentrancy Variant 557,Read-only reentrancy,Missing reentrancy guard,Variant #557: Read-only reentrancy caused by Missing reentrancy guard. Attacker reenters contract flow before state update.,Token supply manipulation,"Attacker calls withdraw(), fallback triggers withdraw() repeatedly."
558,Reentrancy Variant 558,Cross-function reentrancy,Balance checked after transfer,Variant #558: Cross-function reentrancy caused by Balance checked after transfer. Attacker reenters contract flow before state update.,Inflated share minting,Vault updates shares after sending tokens to attacker contract.
559,Reentrancy Variant 559,Reentrancy via delegatecall,Balance checked after transfer,Variant #559: Reentrancy via delegatecall caused by Balance checked after transfer. Attacker reenters contract flow before state update.,Unauthorized repeated withdrawals,Cross-function: deposit() sets state after external token transfer().
560,Reentrancy Variant 560,State-dependent reentrancy,Recursive callback before mutation,Variant #560: State-dependent reentrancy caused by Recursive callback before mutation. Attacker reenters contract flow before state update.,Inflated share minting,Vault updates shares after sending tokens to attacker contract.
561,Reentrancy Variant 561,State-dependent reentrancy,Upgradeable proxy storage collision,Variant #561: State-dependent reentrancy caused by Upgradeable proxy storage collision. Attacker reenters contract flow before state update.,Bypassing access restrictions,Vault updates shares after sending tokens to attacker contract.
562,Reentrancy Variant 562,Read-only reentrancy,Unsafe external call to attacker contract,Variant #562: Read-only reentrancy caused by Unsafe external call to attacker contract. Attacker reenters contract flow before state update.,Draining rewards pool,"Attacker calls withdraw(), fallback triggers withdraw() repeatedly."
563,Reentrancy Variant 563,Pull-payment reentrancy,Missing reentrancy guard,Variant #563: Pull-payment reentrancy caused by Missing reentrancy guard. Attacker reenters contract flow before state update.,Unauthorized repeated withdrawals,Vault updates shares after sending tokens to attacker contract.
564,Reentrancy Variant 564,Pull-payment reentrancy,Unsafe external call to attacker contract,Variant #564: Pull-payment reentrancy caused by Unsafe external call to attacker contract. Attacker reenters contract flow before state update.,Inflated share minting,Attacker leverages ERC777 tokens to reenter before balance is updated.
565,Reentrancy Variant 565,Cross-contract reentrancy,State updated after external call,Variant #565: Cross-contract reentrancy caused by State updated after external call. Attacker reenters contract flow before state update.,Unauthorized repeated withdrawals,Cross-function: deposit() sets state after external token transfer().
566,Reentrancy Variant 566,Cross-contract reentrancy,Recursive callback before mutation,Variant #566: Cross-contract reentrancy caused by Recursive callback before mutation. Attacker reenters contract flow before state update.,Complete balance drain,Vault updates shares after sending tokens to attacker contract.
567,Reentrancy Variant 567,Read-only reentrancy,Missing reentrancy guard,Variant #567: Read-only reentrancy caused by Missing reentrancy guard. Attacker reenters contract flow before state update.,Partial draining of pooled funds,Attacker leverages ERC777 tokens to reenter before balance is updated.
568,Reentrancy Variant 568,Reentrancy via delegatecall,Upgradeable proxy storage collision,Variant #568: Reentrancy via delegatecall caused by Upgradeable proxy storage collision. Attacker reenters contract flow before state update.,Complete balance drain,"Attacker calls withdraw(), fallback triggers withdraw() repeatedly."
569,Reentrancy Variant 569,Pull-payment reentrancy,Balance checked after transfer,Variant #569: Pull-payment reentrancy caused by Balance checked after transfer. Attacker reenters contract flow before state update.,Draining rewards pool,Cross-function: deposit() sets state after external token transfer().
570,Reentrancy Variant 570,Reentrancy via delegatecall,Upgradeable proxy storage collision,Variant #570: Reentrancy via delegatecall caused by Upgradeable proxy storage collision. Attacker reenters contract flow before state update.,Inflated share minting,Attacker leverages ERC777 tokens to reenter before balance is updated.
571,Reentrancy Variant 571,Reentrancy via delegatecall,Multiple entry points sharing same state variable,Variant #571: Reentrancy via delegatecall caused by Multiple entry points sharing same state variable. Attacker reenters contract flow before state update.,Draining rewards pool,Attacker leverages ERC777 tokens to reenter before balance is updated.
572,Reentrancy Variant 572,Pull-payment reentrancy,Missing reentrancy guard,Variant #572: Pull-payment reentrancy caused by Missing reentrancy guard. Attacker reenters contract flow before state update.,Complete balance drain,Cross-function: deposit() sets state after external token transfer().
573,Reentrancy Variant 573,Recursive fallback reentrancy,Missing reentrancy guard,Variant #573: Recursive fallback reentrancy caused by Missing reentrancy guard. Attacker reenters contract flow before state update.,Inflated share minting,Cross-function: deposit() sets state after external token transfer().
574,Reentrancy Variant 574,Single-function reentrancy,State updated after external call,Variant #574: Single-function reentrancy caused by State updated after external call. Attacker reenters contract flow before state update.,Complete balance drain,Attacker leverages ERC777 tokens to reenter before balance is updated.
575,Reentrancy Variant 575,Pull-payment reentrancy,Multiple entry points sharing same state variable,Variant #575: Pull-payment reentrancy caused by Multiple entry points sharing same state variable. Attacker reenters contract flow before state update.,Unauthorized repeated withdrawals,"Attacker calls withdraw(), fallback triggers withdraw() repeatedly."
576,Reentrancy Variant 576,Pull-payment reentrancy,Missing reentrancy guard,Variant #576: Pull-payment reentrancy caused by Missing reentrancy guard. Attacker reenters contract flow before state update.,Bypassing access restrictions,"Attacker calls withdraw(), fallback triggers withdraw() repeatedly."
577,Reentrancy Variant 577,Pull-payment reentrancy,Upgradeable proxy storage collision,Variant #577: Pull-payment reentrancy caused by Upgradeable proxy storage collision. Attacker reenters contract flow before state update.,Unauthorized repeated withdrawals,"Attacker calls withdraw(), fallback triggers withdraw() repeatedly."
578,Reentrancy Variant 578,Cross-contract reentrancy,Unsafe external call to attacker contract,Variant #578: Cross-contract reentrancy caused by Unsafe external call to attacker contract. Attacker reenters contract flow before state update.,Unauthorized repeated withdrawals,Cross-function: deposit() sets state after external token transfer().
579,Reentrancy Variant 579,State-dependent reentrancy,Upgradeable proxy storage collision,Variant #579: State-dependent reentrancy caused by Upgradeable proxy storage collision. Attacker reenters contract flow before state update.,Inflated share minting,Attacker leverages ERC777 tokens to reenter before balance is updated.
580,Reentrancy Variant 580,State-dependent reentrancy,Hooks triggered without control flow guard,Variant #580: State-dependent reentrancy caused by Hooks triggered without control flow guard. Attacker reenters contract flow before state update.,Draining rewards pool,Cross-function: deposit() sets state after external token transfer().
581,Reentrancy Variant 581,Withdraw-before-update reentrancy,Missing reentrancy guard,Variant #581: Withdraw-before-update reentrancy caused by Missing reentrancy guard. Attacker reenters contract flow before state update.,Partial draining of pooled funds,"Attacker calls withdraw(), fallback triggers withdraw() repeatedly."
582,Reentrancy Variant 582,Pull-payment reentrancy,Upgradeable proxy storage collision,Variant #582: Pull-payment reentrancy caused by Upgradeable proxy storage collision. Attacker reenters contract flow before state update.,Inflated share minting,"Attacker calls withdraw(), fallback triggers withdraw() repeatedly."
583,Reentrancy Variant 583,Cross-contract reentrancy,State updated after external call,Variant #583: Cross-contract reentrancy caused by State updated after external call. Attacker reenters contract flow before state update.,Complete balance drain,Vault updates shares after sending tokens to attacker contract.
584,Reentrancy Variant 584,Cross-function reentrancy,Multiple entry points sharing same state variable,Variant #584: Cross-function reentrancy caused by Multiple entry points sharing same state variable. Attacker reenters contract flow before state update.,Token supply manipulation,Attacker leverages ERC777 tokens to reenter before balance is updated.
585,Reentrancy Variant 585,Read-only reentrancy,Multiple entry points sharing same state variable,Variant #585: Read-only reentrancy caused by Multiple entry points sharing same state variable. Attacker reenters contract flow before state update.,Draining rewards pool,Vault updates shares after sending tokens to attacker contract.
586,Reentrancy Variant 586,Cross-function reentrancy,Fallback invoked before state lock,Variant #586: Cross-function reentrancy caused by Fallback invoked before state lock. Attacker reenters contract flow before state update.,Token supply manipulation,Cross-function: deposit() sets state after external token transfer().
587,Reentrancy Variant 587,Read-only reentrancy,Hooks triggered without control flow guard,Variant #587: Read-only reentrancy caused by Hooks triggered without control flow guard. Attacker reenters contract flow before state update.,Partial draining of pooled funds,Cross-function: deposit() sets state after external token transfer().
588,Reentrancy Variant 588,Cross-contract reentrancy,Hooks triggered without control flow guard,Variant #588: Cross-contract reentrancy caused by Hooks triggered without control flow guard. Attacker reenters contract flow before state update.,Bypassing access restrictions,Attacker leverages ERC777 tokens to reenter before balance is updated.
589,Reentrancy Variant 589,Recursive fallback reentrancy,External call inside loop,Variant #589: Recursive fallback reentrancy caused by External call inside loop. Attacker reenters contract flow before state update.,Draining rewards pool,Attacker leverages ERC777 tokens to reenter before balance is updated.
590,Reentrancy Variant 590,Single-function reentrancy,Multiple entry points sharing same state variable,Variant #590: Single-function reentrancy caused by Multiple entry points sharing same state variable. Attacker reenters contract flow before state update.,Draining rewards pool,Attacker leverages ERC777 tokens to reenter before balance is updated.
591,Reentrancy Variant 591,Read-only reentrancy,Balance checked after transfer,Variant #591: Read-only reentrancy caused by Balance checked after transfer. Attacker reenters contract flow before state update.,Inflated share minting,"Attacker calls withdraw(), fallback triggers withdraw() repeatedly."
592,Reentrancy Variant 592,Recursive fallback reentrancy,Multiple entry points sharing same state variable,Variant #592: Recursive fallback reentrancy caused by Multiple entry points sharing same state variable. Attacker reenters contract flow before state update.,Token supply manipulation,"Attacker calls withdraw(), fallback triggers withdraw() repeatedly."
593,Reentrancy Variant 593,Withdraw-before-update reentrancy,Unsafe external call to attacker contract,Variant #593: Withdraw-before-update reentrancy caused by Unsafe external call to attacker contract. Attacker reenters contract flow before state update.,Token supply manipulation,Cross-function: deposit() sets state after external token transfer().
594,Reentrancy Variant 594,Cross-contract reentrancy,Unsafe external call to attacker contract,Variant #594: Cross-contract reentrancy caused by Unsafe external call to attacker contract. Attacker reenters contract flow before state update.,Token supply manipulation,Vault updates shares after sending tokens to attacker contract.
595,Reentrancy Variant 595,Pull-payment reentrancy,Missing reentrancy guard,Variant #595: Pull-payment reentrancy caused by Missing reentrancy guard. Attacker reenters contract flow before state update.,Partial draining of pooled funds,Attacker leverages ERC777 tokens to reenter before balance is updated.
596,Reentrancy Variant 596,Pull-payment reentrancy,Hooks triggered without control flow guard,Variant #596: Pull-payment reentrancy caused by Hooks triggered without control flow guard. Attacker reenters contract flow before state update.,Inflated share minting,"Attacker calls withdraw(), fallback triggers withdraw() repeatedly."
597,Reentrancy Variant 597,Recursive fallback reentrancy,Recursive callback before mutation,Variant #597: Recursive fallback reentrancy caused by Recursive callback before mutation. Attacker reenters contract flow before state update.,Bypassing access restrictions,Cross-function: deposit() sets state after external token transfer().
598,Reentrancy Variant 598,Single-function reentrancy,Hooks triggered without control flow guard,Variant #598: Single-function reentrancy caused by Hooks triggered without control flow guard. Attacker reenters contract flow before state update.,Draining rewards pool,"Attacker calls withdraw(), fallback triggers withdraw() repeatedly."
599,Reentrancy Variant 599,Recursive fallback reentrancy,Hooks triggered without control flow guard,Variant #599: Recursive fallback reentrancy caused by Hooks triggered without control flow guard. Attacker reenters contract flow before state update.,Bypassing access restrictions,Attacker leverages ERC777 tokens to reenter before balance is updated.
600,Reentrancy Variant 600,Single-function reentrancy,State updated after external call,Variant #600: Single-function reentrancy caused by State updated after external call. Attacker reenters contract flow before state update.,Complete balance drain,Attacker leverages ERC777 tokens to reenter before balance is updated.
601,Reentrancy Variant 601,Single-function reentrancy,Unsafe external call to attacker contract,Variant #601: Single-function reentrancy caused by Unsafe external call to attacker contract. Attacker reenters contract flow before state update.,Bypassing access restrictions,"Attacker calls withdraw(), fallback triggers withdraw() repeatedly."
602,Reentrancy Variant 602,Recursive fallback reentrancy,Recursive callback before mutation,Variant #602: Recursive fallback reentrancy caused by Recursive callback before mutation. Attacker reenters contract flow before state update.,Draining rewards pool,Attacker leverages ERC777 tokens to reenter before balance is updated.
603,Reentrancy Variant 603,Pull-payment reentrancy,Hooks triggered without control flow guard,Variant #603: Pull-payment reentrancy caused by Hooks triggered without control flow guard. Attacker reenters contract flow before state update.,Inflated share minting,Cross-function: deposit() sets state after external token transfer().
604,Reentrancy Variant 604,Pull-payment reentrancy,Hooks triggered without control flow guard,Variant #604: Pull-payment reentrancy caused by Hooks triggered without control flow guard. Attacker reenters contract flow before state update.,Draining rewards pool,"Attacker calls withdraw(), fallback triggers withdraw() repeatedly."
605,Reentrancy Variant 605,Reentrancy via delegatecall,Multiple entry points sharing same state variable,Variant #605: Reentrancy via delegatecall caused by Multiple entry points sharing same state variable. Attacker reenters contract flow before state update.,Unauthorized repeated withdrawals,Vault updates shares after sending tokens to attacker contract.
606,Reentrancy Variant 606,Recursive fallback reentrancy,State updated after external call,Variant #606: Recursive fallback reentrancy caused by State updated after external call. Attacker reenters contract flow before state update.,Token supply manipulation,"Attacker calls withdraw(), fallback triggers withdraw() repeatedly."
607,Reentrancy Variant 607,Reentrancy via delegatecall,External call inside loop,Variant #607: Reentrancy via delegatecall caused by External call inside loop. Attacker reenters contract flow before state update.,Bypassing access restrictions,Attacker leverages ERC777 tokens to reenter before balance is updated.
608,Reentrancy Variant 608,ERC777-hook reentrancy,Hooks triggered without control flow guard,Variant #608: ERC777-hook reentrancy caused by Hooks triggered without control flow guard. Attacker reenters contract flow before state update.,Unauthorized repeated withdrawals,Vault updates shares after sending tokens to attacker contract.
609,Reentrancy Variant 609,Single-function reentrancy,Recursive callback before mutation,Variant #609: Single-function reentrancy caused by Recursive callback before mutation. Attacker reenters contract flow before state update.,Inflated share minting,Vault updates shares after sending tokens to attacker contract.
610,Reentrancy Variant 610,Cross-contract reentrancy,Upgradeable proxy storage collision,Variant #610: Cross-contract reentrancy caused by Upgradeable proxy storage collision. Attacker reenters contract flow before state update.,Bypassing access restrictions,"Attacker calls withdraw(), fallback triggers withdraw() repeatedly."
611,Reentrancy Variant 611,ERC777-hook reentrancy,Unsafe external call to attacker contract,Variant #611: ERC777-hook reentrancy caused by Unsafe external call to attacker contract. Attacker reenters contract flow before state update.,Bypassing access restrictions,Cross-function: deposit() sets state after external token transfer().
612,Reentrancy Variant 612,Recursive fallback reentrancy,Unsafe external call to attacker contract,Variant #612: Recursive fallback reentrancy caused by Unsafe external call to attacker contract. Attacker reenters contract flow before state update.,Draining rewards pool,Attacker leverages ERC777 tokens to reenter before balance is updated.
613,Reentrancy Variant 613,Recursive fallback reentrancy,Unsafe external call to attacker contract,Variant #613: Recursive fallback reentrancy caused by Unsafe external call to attacker contract. Attacker reenters contract flow before state update.,Inflated share minting,Attacker leverages ERC777 tokens to reenter before balance is updated.
614,Reentrancy Variant 614,Pull-payment reentrancy,Multiple entry points sharing same state variable,Variant #614: Pull-payment reentrancy caused by Multiple entry points sharing same state variable. Attacker reenters contract flow before state update.,Bypassing access restrictions,"Attacker calls withdraw(), fallback triggers withdraw() repeatedly."
615,Reentrancy Variant 615,Pull-payment reentrancy,Upgradeable proxy storage collision,Variant #615: Pull-payment reentrancy caused by Upgradeable proxy storage collision. Attacker reenters contract flow before state update.,Partial draining of pooled funds,Vault updates shares after sending tokens to attacker contract.
616,Reentrancy Variant 616,Read-only reentrancy,Hooks triggered without control flow guard,Variant #616: Read-only reentrancy caused by Hooks triggered without control flow guard. Attacker reenters contract flow before state update.,Complete balance drain,Vault updates shares after sending tokens to attacker contract.
617,Reentrancy Variant 617,ERC777-hook reentrancy,Multiple entry points sharing same state variable,Variant #617: ERC777-hook reentrancy caused by Multiple entry points sharing same state variable. Attacker reenters contract flow before state update.,Unauthorized repeated withdrawals,Vault updates shares after sending tokens to attacker contract.
618,Reentrancy Variant 618,Cross-contract reentrancy,Upgradeable proxy storage collision,Variant #618: Cross-contract reentrancy caused by Upgradeable proxy storage collision. Attacker reenters contract flow before state update.,Partial draining of pooled funds,"Attacker calls withdraw(), fallback triggers withdraw() repeatedly."
619,Reentrancy Variant 619,Reentrancy via delegatecall,State updated after external call,Variant #619: Reentrancy via delegatecall caused by State updated after external call. Attacker reenters contract flow before state update.,Partial draining of pooled funds,"Attacker calls withdraw(), fallback triggers withdraw() repeatedly."
620,Reentrancy Variant 620,Withdraw-before-update reentrancy,Unsafe external call to attacker contract,Variant #620: Withdraw-before-update reentrancy caused by Unsafe external call to attacker contract. Attacker reenters contract flow before state update.,Token supply manipulation,Cross-function: deposit() sets state after external token transfer().
621,Reentrancy Variant 621,Cross-function reentrancy,Fallback invoked before state lock,Variant #621: Cross-function reentrancy caused by Fallback invoked before state lock. Attacker reenters contract flow before state update.,Complete balance drain,Vault updates shares after sending tokens to attacker contract.
622,Reentrancy Variant 622,ERC777-hook reentrancy,Balance checked after transfer,Variant #622: ERC777-hook reentrancy caused by Balance checked after transfer. Attacker reenters contract flow before state update.,Draining rewards pool,Cross-function: deposit() sets state after external token transfer().
623,Reentrancy Variant 623,Cross-function reentrancy,Hooks triggered without control flow guard,Variant #623: Cross-function reentrancy caused by Hooks triggered without control flow guard. Attacker reenters contract flow before state update.,Unauthorized repeated withdrawals,Cross-function: deposit() sets state after external token transfer().
624,Reentrancy Variant 624,State-dependent reentrancy,Unsafe external call to attacker contract,Variant #624: State-dependent reentrancy caused by Unsafe external call to attacker contract. Attacker reenters contract flow before state update.,Draining rewards pool,Vault updates shares after sending tokens to attacker contract.
625,Reentrancy Variant 625,Pull-payment reentrancy,External call inside loop,Variant #625: Pull-payment reentrancy caused by External call inside loop. Attacker reenters contract flow before state update.,Bypassing access restrictions,Cross-function: deposit() sets state after external token transfer().
626,Reentrancy Variant 626,Recursive fallback reentrancy,Fallback invoked before state lock,Variant #626: Recursive fallback reentrancy caused by Fallback invoked before state lock. Attacker reenters contract flow before state update.,Partial draining of pooled funds,"Attacker calls withdraw(), fallback triggers withdraw() repeatedly."
627,Reentrancy Variant 627,Pull-payment reentrancy,Hooks triggered without control flow guard,Variant #627: Pull-payment reentrancy caused by Hooks triggered without control flow guard. Attacker reenters contract flow before state update.,Partial draining of pooled funds,Cross-function: deposit() sets state after external token transfer().
628,Reentrancy Variant 628,Reentrancy via delegatecall,Unsafe external call to attacker contract,Variant #628: Reentrancy via delegatecall caused by Unsafe external call to attacker contract. Attacker reenters contract flow before state update.,Unauthorized repeated withdrawals,Vault updates shares after sending tokens to attacker contract.
629,Reentrancy Variant 629,ERC777-hook reentrancy,Hooks triggered without control flow guard,Variant #629: ERC777-hook reentrancy caused by Hooks triggered without control flow guard. Attacker reenters contract flow before state update.,Bypassing access restrictions,Cross-function: deposit() sets state after external token transfer().
630,Reentrancy Variant 630,Single-function reentrancy,Hooks triggered without control flow guard,Variant #630: Single-function reentrancy caused by Hooks triggered without control flow guard. Attacker reenters contract flow before state update.,Unauthorized repeated withdrawals,Cross-function: deposit() sets state after external token transfer().
631,Reentrancy Variant 631,Read-only reentrancy,External call inside loop,Variant #631: Read-only reentrancy caused by External call inside loop. Attacker reenters contract flow before state update.,Bypassing access restrictions,Attacker leverages ERC777 tokens to reenter before balance is updated.
632,Reentrancy Variant 632,Reentrancy via delegatecall,Multiple entry points sharing same state variable,Variant #632: Reentrancy via delegatecall caused by Multiple entry points sharing same state variable. Attacker reenters contract flow before state update.,Unauthorized repeated withdrawals,Vault updates shares after sending tokens to attacker contract.
633,Reentrancy Variant 633,Pull-payment reentrancy,External call inside loop,Variant #633: Pull-payment reentrancy caused by External call inside loop. Attacker reenters contract flow before state update.,Token supply manipulation,Attacker leverages ERC777 tokens to reenter before balance is updated.
634,Reentrancy Variant 634,Cross-function reentrancy,State updated after external call,Variant #634: Cross-function reentrancy caused by State updated after external call. Attacker reenters contract flow before state update.,Bypassing access restrictions,"Attacker calls withdraw(), fallback triggers withdraw() repeatedly."
635,Reentrancy Variant 635,Reentrancy via delegatecall,Recursive callback before mutation,Variant #635: Reentrancy via delegatecall caused by Recursive callback before mutation. Attacker reenters contract flow before state update.,Partial draining of pooled funds,Attacker leverages ERC777 tokens to reenter before balance is updated.
636,Reentrancy Variant 636,Pull-payment reentrancy,Balance checked after transfer,Variant #636: Pull-payment reentrancy caused by Balance checked after transfer. Attacker reenters contract flow before state update.,Token supply manipulation,Cross-function: deposit() sets state after external token transfer().
637,Reentrancy Variant 637,State-dependent reentrancy,Upgradeable proxy storage collision,Variant #637: State-dependent reentrancy caused by Upgradeable proxy storage collision. Attacker reenters contract flow before state update.,Unauthorized repeated withdrawals,Attacker leverages ERC777 tokens to reenter before balance is updated.
638,Reentrancy Variant 638,ERC777-hook reentrancy,External call inside loop,Variant #638: ERC777-hook reentrancy caused by External call inside loop. Attacker reenters contract flow before state update.,Inflated share minting,Cross-function: deposit() sets state after external token transfer().
639,Reentrancy Variant 639,Read-only reentrancy,Balance checked after transfer,Variant #639: Read-only reentrancy caused by Balance checked after transfer. Attacker reenters contract flow before state update.,Complete balance drain,Vault updates shares after sending tokens to attacker contract.
640,Reentrancy Variant 640,Pull-payment reentrancy,Fallback invoked before state lock,Variant #640: Pull-payment reentrancy caused by Fallback invoked before state lock. Attacker reenters contract flow before state update.,Token supply manipulation,Cross-function: deposit() sets state after external token transfer().
641,Reentrancy Variant 641,ERC777-hook reentrancy,Hooks triggered without control flow guard,Variant #641: ERC777-hook reentrancy caused by Hooks triggered without control flow guard. Attacker reenters contract flow before state update.,Partial draining of pooled funds,Vault updates shares after sending tokens to attacker contract.
642,Reentrancy Variant 642,State-dependent reentrancy,Fallback invoked before state lock,Variant #642: State-dependent reentrancy caused by Fallback invoked before state lock. Attacker reenters contract flow before state update.,Token supply manipulation,Attacker leverages ERC777 tokens to reenter before balance is updated.
643,Reentrancy Variant 643,Cross-contract reentrancy,Unsafe external call to attacker contract,Variant #643: Cross-contract reentrancy caused by Unsafe external call to attacker contract. Attacker reenters contract flow before state update.,Token supply manipulation,Cross-function: deposit() sets state after external token transfer().
644,Reentrancy Variant 644,Withdraw-before-update reentrancy,Recursive callback before mutation,Variant #644: Withdraw-before-update reentrancy caused by Recursive callback before mutation. Attacker reenters contract flow before state update.,Complete balance drain,Attacker leverages ERC777 tokens to reenter before balance is updated.
645,Reentrancy Variant 645,State-dependent reentrancy,State updated after external call,Variant #645: State-dependent reentrancy caused by State updated after external call. Attacker reenters contract flow before state update.,Unauthorized repeated withdrawals,Cross-function: deposit() sets state after external token transfer().
646,Reentrancy Variant 646,State-dependent reentrancy,External call inside loop,Variant #646: State-dependent reentrancy caused by External call inside loop. Attacker reenters contract flow before state update.,Draining rewards pool,Attacker leverages ERC777 tokens to reenter before balance is updated.
647,Reentrancy Variant 647,Reentrancy via delegatecall,Multiple entry points sharing same state variable,Variant #647: Reentrancy via delegatecall caused by Multiple entry points sharing same state variable. Attacker reenters contract flow before state update.,Inflated share minting,Vault updates shares after sending tokens to attacker contract.
648,Reentrancy Variant 648,State-dependent reentrancy,Unsafe external call to attacker contract,Variant #648: State-dependent reentrancy caused by Unsafe external call to attacker contract. Attacker reenters contract flow before state update.,Complete balance drain,Cross-function: deposit() sets state after external token transfer().
649,Reentrancy Variant 649,Reentrancy via delegatecall,External call inside loop,Variant #649: Reentrancy via delegatecall caused by External call inside loop. Attacker reenters contract flow before state update.,Draining rewards pool,Vault updates shares after sending tokens to attacker contract.
650,Reentrancy Variant 650,State-dependent reentrancy,Multiple entry points sharing same state variable,Variant #650: State-dependent reentrancy caused by Multiple entry points sharing same state variable. Attacker reenters contract flow before state update.,Inflated share minting,Attacker leverages ERC777 tokens to reenter before balance is updated.
651,Reentrancy Variant 651,State-dependent reentrancy,State updated after external call,Variant #651: State-dependent reentrancy caused by State updated after external call. Attacker reenters contract flow before state update.,Token supply manipulation,Cross-function: deposit() sets state after external token transfer().
652,Reentrancy Variant 652,ERC777-hook reentrancy,Balance checked after transfer,Variant #652: ERC777-hook reentrancy caused by Balance checked after transfer. Attacker reenters contract flow before state update.,Token supply manipulation,Cross-function: deposit() sets state after external token transfer().
653,Reentrancy Variant 653,Pull-payment reentrancy,Balance checked after transfer,Variant #653: Pull-payment reentrancy caused by Balance checked after transfer. Attacker reenters contract flow before state update.,Complete balance drain,Vault updates shares after sending tokens to attacker contract.
654,Reentrancy Variant 654,Cross-contract reentrancy,External call inside loop,Variant #654: Cross-contract reentrancy caused by External call inside loop. Attacker reenters contract flow before state update.,Token supply manipulation,Attacker leverages ERC777 tokens to reenter before balance is updated.
655,Reentrancy Variant 655,Cross-function reentrancy,External call inside loop,Variant #655: Cross-function reentrancy caused by External call inside loop. Attacker reenters contract flow before state update.,Partial draining of pooled funds,"Attacker calls withdraw(), fallback triggers withdraw() repeatedly."
656,Reentrancy Variant 656,Read-only reentrancy,Fallback invoked before state lock,Variant #656: Read-only reentrancy caused by Fallback invoked before state lock. Attacker reenters contract flow before state update.,Bypassing access restrictions,Cross-function: deposit() sets state after external token transfer().
657,Reentrancy Variant 657,Cross-contract reentrancy,External call inside loop,Variant #657: Cross-contract reentrancy caused by External call inside loop. Attacker reenters contract flow before state update.,Partial draining of pooled funds,Cross-function: deposit() sets state after external token transfer().
658,Reentrancy Variant 658,Recursive fallback reentrancy,External call inside loop,Variant #658: Recursive fallback reentrancy caused by External call inside loop. Attacker reenters contract flow before state update.,Token supply manipulation,Cross-function: deposit() sets state after external token transfer().
659,Reentrancy Variant 659,Recursive fallback reentrancy,State updated after external call,Variant #659: Recursive fallback reentrancy caused by State updated after external call. Attacker reenters contract flow before state update.,Partial draining of pooled funds,Cross-function: deposit() sets state after external token transfer().
660,Reentrancy Variant 660,Read-only reentrancy,External call inside loop,Variant #660: Read-only reentrancy caused by External call inside loop. Attacker reenters contract flow before state update.,Complete balance drain,Vault updates shares after sending tokens to attacker contract.
661,Reentrancy Variant 661,Recursive fallback reentrancy,External call inside loop,Variant #661: Recursive fallback reentrancy caused by External call inside loop. Attacker reenters contract flow before state update.,Complete balance drain,Attacker leverages ERC777 tokens to reenter before balance is updated.
662,Reentrancy Variant 662,Read-only reentrancy,Unsafe external call to attacker contract,Variant #662: Read-only reentrancy caused by Unsafe external call to attacker contract. Attacker reenters contract flow before state update.,Partial draining of pooled funds,"Attacker calls withdraw(), fallback triggers withdraw() repeatedly."
663,Reentrancy Variant 663,Read-only reentrancy,Hooks triggered without control flow guard,Variant #663: Read-only reentrancy caused by Hooks triggered without control flow guard. Attacker reenters contract flow before state update.,Inflated share minting,Cross-function: deposit() sets state after external token transfer().
664,Reentrancy Variant 664,State-dependent reentrancy,Missing reentrancy guard,Variant #664: State-dependent reentrancy caused by Missing reentrancy guard. Attacker reenters contract flow before state update.,Partial draining of pooled funds,Vault updates shares after sending tokens to attacker contract.
665,Reentrancy Variant 665,Reentrancy via delegatecall,Unsafe external call to attacker contract,Variant #665: Reentrancy via delegatecall caused by Unsafe external call to attacker contract. Attacker reenters contract flow before state update.,Unauthorized repeated withdrawals,Vault updates shares after sending tokens to attacker contract.
666,Reentrancy Variant 666,Single-function reentrancy,Missing reentrancy guard,Variant #666: Single-function reentrancy caused by Missing reentrancy guard. Attacker reenters contract flow before state update.,Token supply manipulation,Vault updates shares after sending tokens to attacker contract.
667,Reentrancy Variant 667,Pull-payment reentrancy,External call inside loop,Variant #667: Pull-payment reentrancy caused by External call inside loop. Attacker reenters contract flow before state update.,Complete balance drain,Attacker leverages ERC777 tokens to reenter before balance is updated.
668,Reentrancy Variant 668,ERC777-hook reentrancy,Multiple entry points sharing same state variable,Variant #668: ERC777-hook reentrancy caused by Multiple entry points sharing same state variable. Attacker reenters contract flow before state update.,Inflated share minting,"Attacker calls withdraw(), fallback triggers withdraw() repeatedly."
669,Reentrancy Variant 669,ERC777-hook reentrancy,Balance checked after transfer,Variant #669: ERC777-hook reentrancy caused by Balance checked after transfer. Attacker reenters contract flow before state update.,Inflated share minting,Attacker leverages ERC777 tokens to reenter before balance is updated.
670,Reentrancy Variant 670,Cross-function reentrancy,Fallback invoked before state lock,Variant #670: Cross-function reentrancy caused by Fallback invoked before state lock. Attacker reenters contract flow before state update.,Inflated share minting,"Attacker calls withdraw(), fallback triggers withdraw() repeatedly."
671,Reentrancy Variant 671,Cross-contract reentrancy,State updated after external call,Variant #671: Cross-contract reentrancy caused by State updated after external call. Attacker reenters contract flow before state update.,Token supply manipulation,"Attacker calls withdraw(), fallback triggers withdraw() repeatedly."
672,Reentrancy Variant 672,Reentrancy via delegatecall,Fallback invoked before state lock,Variant #672: Reentrancy via delegatecall caused by Fallback invoked before state lock. Attacker reenters contract flow before state update.,Draining rewards pool,Vault updates shares after sending tokens to attacker contract.
673,Reentrancy Variant 673,Read-only reentrancy,Unsafe external call to attacker contract,Variant #673: Read-only reentrancy caused by Unsafe external call to attacker contract. Attacker reenters contract flow before state update.,Unauthorized repeated withdrawals,Cross-function: deposit() sets state after external token transfer().
674,Reentrancy Variant 674,Cross-contract reentrancy,Balance checked after transfer,Variant #674: Cross-contract reentrancy caused by Balance checked after transfer. Attacker reenters contract flow before state update.,Inflated share minting,Attacker leverages ERC777 tokens to reenter before balance is updated.
675,Reentrancy Variant 675,Single-function reentrancy,State updated after external call,Variant #675: Single-function reentrancy caused by State updated after external call. Attacker reenters contract flow before state update.,Inflated share minting,Attacker leverages ERC777 tokens to reenter before balance is updated.
676,Reentrancy Variant 676,Cross-function reentrancy,Recursive callback before mutation,Variant #676: Cross-function reentrancy caused by Recursive callback before mutation. Attacker reenters contract flow before state update.,Unauthorized repeated withdrawals,Attacker leverages ERC777 tokens to reenter before balance is updated.
677,Reentrancy Variant 677,ERC777-hook reentrancy,Missing reentrancy guard,Variant #677: ERC777-hook reentrancy caused by Missing reentrancy guard. Attacker reenters contract flow before state update.,Unauthorized repeated withdrawals,Vault updates shares after sending tokens to attacker contract.
678,Reentrancy Variant 678,Withdraw-before-update reentrancy,Upgradeable proxy storage collision,Variant #678: Withdraw-before-update reentrancy caused by Upgradeable proxy storage collision. Attacker reenters contract flow before state update.,Inflated share minting,Cross-function: deposit() sets state after external token transfer().
679,Reentrancy Variant 679,Read-only reentrancy,Balance checked after transfer,Variant #679: Read-only reentrancy caused by Balance checked after transfer. Attacker reenters contract flow before state update.,Partial draining of pooled funds,Attacker leverages ERC777 tokens to reenter before balance is updated.
680,Reentrancy Variant 680,Pull-payment reentrancy,State updated after external call,Variant #680: Pull-payment reentrancy caused by State updated after external call. Attacker reenters contract flow before state update.,Inflated share minting,"Attacker calls withdraw(), fallback triggers withdraw() repeatedly."
681,Reentrancy Variant 681,Single-function reentrancy,Upgradeable proxy storage collision,Variant #681: Single-function reentrancy caused by Upgradeable proxy storage collision. Attacker reenters contract flow before state update.,Unauthorized repeated withdrawals,Vault updates shares after sending tokens to attacker contract.
682,Reentrancy Variant 682,Read-only reentrancy,State updated after external call,Variant #682: Read-only reentrancy caused by State updated after external call. Attacker reenters contract flow before state update.,Draining rewards pool,Cross-function: deposit() sets state after external token transfer().
683,Reentrancy Variant 683,Recursive fallback reentrancy,Recursive callback before mutation,Variant #683: Recursive fallback reentrancy caused by Recursive callback before mutation. Attacker reenters contract flow before state update.,Bypassing access restrictions,"Attacker calls withdraw(), fallback triggers withdraw() repeatedly."
684,Reentrancy Variant 684,Recursive fallback reentrancy,State updated after external call,Variant #684: Recursive fallback reentrancy caused by State updated after external call. Attacker reenters contract flow before state update.,Draining rewards pool,Vault updates shares after sending tokens to attacker contract.
685,Reentrancy Variant 685,Read-only reentrancy,Multiple entry points sharing same state variable,Variant #685: Read-only reentrancy caused by Multiple entry points sharing same state variable. Attacker reenters contract flow before state update.,Token supply manipulation,"Attacker calls withdraw(), fallback triggers withdraw() repeatedly."
686,Reentrancy Variant 686,ERC777-hook reentrancy,External call inside loop,Variant #686: ERC777-hook reentrancy caused by External call inside loop. Attacker reenters contract flow before state update.,Bypassing access restrictions,Cross-function: deposit() sets state after external token transfer().
687,Reentrancy Variant 687,Reentrancy via delegatecall,External call inside loop,Variant #687: Reentrancy via delegatecall caused by External call inside loop. Attacker reenters contract flow before state update.,Inflated share minting,"Attacker calls withdraw(), fallback triggers withdraw() repeatedly."
688,Reentrancy Variant 688,Cross-function reentrancy,Balance checked after transfer,Variant #688: Cross-function reentrancy caused by Balance checked after transfer. Attacker reenters contract flow before state update.,Inflated share minting,Vault updates shares after sending tokens to attacker contract.
689,Reentrancy Variant 689,Withdraw-before-update reentrancy,Unsafe external call to attacker contract,Variant #689: Withdraw-before-update reentrancy caused by Unsafe external call to attacker contract. Attacker reenters contract flow before state update.,Token supply manipulation,Vault updates shares after sending tokens to attacker contract.
690,Reentrancy Variant 690,Single-function reentrancy,State updated after external call,Variant #690: Single-function reentrancy caused by State updated after external call. Attacker reenters contract flow before state update.,Inflated share minting,Cross-function: deposit() sets state after external token transfer().
691,Reentrancy Variant 691,Cross-contract reentrancy,Fallback invoked before state lock,Variant #691: Cross-contract reentrancy caused by Fallback invoked before state lock. Attacker reenters contract flow before state update.,Unauthorized repeated withdrawals,Attacker leverages ERC777 tokens to reenter before balance is updated.
692,Reentrancy Variant 692,Single-function reentrancy,Unsafe external call to attacker contract,Variant #692: Single-function reentrancy caused by Unsafe external call to attacker contract. Attacker reenters contract flow before state update.,Token supply manipulation,Cross-function: deposit() sets state after external token transfer().
693,Reentrancy Variant 693,Pull-payment reentrancy,Multiple entry points sharing same state variable,Variant #693: Pull-payment reentrancy caused by Multiple entry points sharing same state variable. Attacker reenters contract flow before state update.,Token supply manipulation,"Attacker calls withdraw(), fallback triggers withdraw() repeatedly."
694,Reentrancy Variant 694,ERC777-hook reentrancy,Fallback invoked before state lock,Variant #694: ERC777-hook reentrancy caused by Fallback invoked before state lock. Attacker reenters contract flow before state update.,Bypassing access restrictions,Attacker leverages ERC777 tokens to reenter before balance is updated.
695,Reentrancy Variant 695,Cross-function reentrancy,Upgradeable proxy storage collision,Variant #695: Cross-function reentrancy caused by Upgradeable proxy storage collision. Attacker reenters contract flow before state update.,Complete balance drain,Vault updates shares after sending tokens to attacker contract.
696,Reentrancy Variant 696,Cross-function reentrancy,State updated after external call,Variant #696: Cross-function reentrancy caused by State updated after external call. Attacker reenters contract flow before state update.,Draining rewards pool,Cross-function: deposit() sets state after external token transfer().
697,Reentrancy Variant 697,ERC777-hook reentrancy,Upgradeable proxy storage collision,Variant #697: ERC777-hook reentrancy caused by Upgradeable proxy storage collision. Attacker reenters contract flow before state update.,Partial draining of pooled funds,Vault updates shares after sending tokens to attacker contract.
698,Reentrancy Variant 698,Pull-payment reentrancy,Multiple entry points sharing same state variable,Variant #698: Pull-payment reentrancy caused by Multiple entry points sharing same state variable. Attacker reenters contract flow before state update.,Partial draining of pooled funds,Vault updates shares after sending tokens to attacker contract.
699,Reentrancy Variant 699,Read-only reentrancy,State updated after external call,Variant #699: Read-only reentrancy caused by State updated after external call. Attacker reenters contract flow before state update.,Token supply manipulation,Cross-function: deposit() sets state after external token transfer().
700,Reentrancy Variant 700,Withdraw-before-update reentrancy,External call inside loop,Variant #700: Withdraw-before-update reentrancy caused by External call inside loop. Attacker reenters contract flow before state update.,Bypassing access restrictions,Cross-function: deposit() sets state after external token transfer().
701,Reentrancy Variant 701,Single-function reentrancy,Fallback invoked before state lock,Variant #701: Single-function reentrancy caused by Fallback invoked before state lock. Attacker reenters contract flow before state update.,Bypassing access restrictions,"Attacker calls withdraw(), fallback triggers withdraw() repeatedly."
702,Reentrancy Variant 702,Read-only reentrancy,Fallback invoked before state lock,Variant #702: Read-only reentrancy caused by Fallback invoked before state lock. Attacker reenters contract flow before state update.,Partial draining of pooled funds,Cross-function: deposit() sets state after external token transfer().
703,Reentrancy Variant 703,Reentrancy via delegatecall,External call inside loop,Variant #703: Reentrancy via delegatecall caused by External call inside loop. Attacker reenters contract flow before state update.,Draining rewards pool,Attacker leverages ERC777 tokens to reenter before balance is updated.
704,Reentrancy Variant 704,State-dependent reentrancy,Upgradeable proxy storage collision,Variant #704: State-dependent reentrancy caused by Upgradeable proxy storage collision. Attacker reenters contract flow before state update.,Complete balance drain,Cross-function: deposit() sets state after external token transfer().
705,Reentrancy Variant 705,Single-function reentrancy,Multiple entry points sharing same state variable,Variant #705: Single-function reentrancy caused by Multiple entry points sharing same state variable. Attacker reenters contract flow before state update.,Bypassing access restrictions,Attacker leverages ERC777 tokens to reenter before balance is updated.
706,Reentrancy Variant 706,Cross-function reentrancy,Hooks triggered without control flow guard,Variant #706: Cross-function reentrancy caused by Hooks triggered without control flow guard. Attacker reenters contract flow before state update.,Inflated share minting,Vault updates shares after sending tokens to attacker contract.
707,Reentrancy Variant 707,Read-only reentrancy,Recursive callback before mutation,Variant #707: Read-only reentrancy caused by Recursive callback before mutation. Attacker reenters contract flow before state update.,Bypassing access restrictions,"Attacker calls withdraw(), fallback triggers withdraw() repeatedly."
708,Reentrancy Variant 708,Recursive fallback reentrancy,Hooks triggered without control flow guard,Variant #708: Recursive fallback reentrancy caused by Hooks triggered without control flow guard. Attacker reenters contract flow before state update.,Token supply manipulation,Cross-function: deposit() sets state after external token transfer().
709,Reentrancy Variant 709,Withdraw-before-update reentrancy,Multiple entry points sharing same state variable,Variant #709: Withdraw-before-update reentrancy caused by Multiple entry points sharing same state variable. Attacker reenters contract flow before state update.,Draining rewards pool,Attacker leverages ERC777 tokens to reenter before balance is updated.
710,Reentrancy Variant 710,Reentrancy via delegatecall,State updated after external call,Variant #710: Reentrancy via delegatecall caused by State updated after external call. Attacker reenters contract flow before state update.,Unauthorized repeated withdrawals,Vault updates shares after sending tokens to attacker contract.
711,Reentrancy Variant 711,State-dependent reentrancy,Upgradeable proxy storage collision,Variant #711: State-dependent reentrancy caused by Upgradeable proxy storage collision. Attacker reenters contract flow before state update.,Partial draining of pooled funds,"Attacker calls withdraw(), fallback triggers withdraw() repeatedly."
712,Reentrancy Variant 712,Recursive fallback reentrancy,Upgradeable proxy storage collision,Variant #712: Recursive fallback reentrancy caused by Upgradeable proxy storage collision. Attacker reenters contract flow before state update.,Unauthorized repeated withdrawals,Attacker leverages ERC777 tokens to reenter before balance is updated.
713,Reentrancy Variant 713,Single-function reentrancy,Unsafe external call to attacker contract,Variant #713: Single-function reentrancy caused by Unsafe external call to attacker contract. Attacker reenters contract flow before state update.,Inflated share minting,"Attacker calls withdraw(), fallback triggers withdraw() repeatedly."
714,Reentrancy Variant 714,Pull-payment reentrancy,Multiple entry points sharing same state variable,Variant #714: Pull-payment reentrancy caused by Multiple entry points sharing same state variable. Attacker reenters contract flow before state update.,Complete balance drain,Attacker leverages ERC777 tokens to reenter before balance is updated.
715,Reentrancy Variant 715,Cross-contract reentrancy,Hooks triggered without control flow guard,Variant #715: Cross-contract reentrancy caused by Hooks triggered without control flow guard. Attacker reenters contract flow before state update.,Bypassing access restrictions,"Attacker calls withdraw(), fallback triggers withdraw() repeatedly."
716,Reentrancy Variant 716,Single-function reentrancy,Missing reentrancy guard,Variant #716: Single-function reentrancy caused by Missing reentrancy guard. Attacker reenters contract flow before state update.,Bypassing access restrictions,Attacker leverages ERC777 tokens to reenter before balance is updated.
717,Reentrancy Variant 717,Cross-function reentrancy,Recursive callback before mutation,Variant #717: Cross-function reentrancy caused by Recursive callback before mutation. Attacker reenters contract flow before state update.,Draining rewards pool,Cross-function: deposit() sets state after external token transfer().
718,Reentrancy Variant 718,Single-function reentrancy,Multiple entry points sharing same state variable,Variant #718: Single-function reentrancy caused by Multiple entry points sharing same state variable. Attacker reenters contract flow before state update.,Bypassing access restrictions,Cross-function: deposit() sets state after external token transfer().
719,Reentrancy Variant 719,Single-function reentrancy,Hooks triggered without control flow guard,Variant #719: Single-function reentrancy caused by Hooks triggered without control flow guard. Attacker reenters contract flow before state update.,Bypassing access restrictions,Attacker leverages ERC777 tokens to reenter before balance is updated.
720,Reentrancy Variant 720,Cross-function reentrancy,Fallback invoked before state lock,Variant #720: Cross-function reentrancy caused by Fallback invoked before state lock. Attacker reenters contract flow before state update.,Token supply manipulation,Attacker leverages ERC777 tokens to reenter before balance is updated.
721,Reentrancy Variant 721,Pull-payment reentrancy,Missing reentrancy guard,Variant #721: Pull-payment reentrancy caused by Missing reentrancy guard. Attacker reenters contract flow before state update.,Draining rewards pool,"Attacker calls withdraw(), fallback triggers withdraw() repeatedly."
722,Reentrancy Variant 722,Single-function reentrancy,Hooks triggered without control flow guard,Variant #722: Single-function reentrancy caused by Hooks triggered without control flow guard. Attacker reenters contract flow before state update.,Draining rewards pool,Cross-function: deposit() sets state after external token transfer().
723,Reentrancy Variant 723,Cross-function reentrancy,Balance checked after transfer,Variant #723: Cross-function reentrancy caused by Balance checked after transfer. Attacker reenters contract flow before state update.,Unauthorized repeated withdrawals,"Attacker calls withdraw(), fallback triggers withdraw() repeatedly."
724,Reentrancy Variant 724,ERC777-hook reentrancy,External call inside loop,Variant #724: ERC777-hook reentrancy caused by External call inside loop. Attacker reenters contract flow before state update.,Draining rewards pool,Attacker leverages ERC777 tokens to reenter before balance is updated.
725,Reentrancy Variant 725,Single-function reentrancy,Hooks triggered without control flow guard,Variant #725: Single-function reentrancy caused by Hooks triggered without control flow guard. Attacker reenters contract flow before state update.,Complete balance drain,Cross-function: deposit() sets state after external token transfer().
726,Reentrancy Variant 726,Read-only reentrancy,Upgradeable proxy storage collision,Variant #726: Read-only reentrancy caused by Upgradeable proxy storage collision. Attacker reenters contract flow before state update.,Bypassing access restrictions,Vault updates shares after sending tokens to attacker contract.
727,Reentrancy Variant 727,Read-only reentrancy,Balance checked after transfer,Variant #727: Read-only reentrancy caused by Balance checked after transfer. Attacker reenters contract flow before state update.,Complete balance drain,Cross-function: deposit() sets state after external token transfer().
728,Reentrancy Variant 728,Reentrancy via delegatecall,External call inside loop,Variant #728: Reentrancy via delegatecall caused by External call inside loop. Attacker reenters contract flow before state update.,Partial draining of pooled funds,Cross-function: deposit() sets state after external token transfer().
729,Reentrancy Variant 729,Recursive fallback reentrancy,External call inside loop,Variant #729: Recursive fallback reentrancy caused by External call inside loop. Attacker reenters contract flow before state update.,Partial draining of pooled funds,Vault updates shares after sending tokens to attacker contract.
730,Reentrancy Variant 730,Read-only reentrancy,State updated after external call,Variant #730: Read-only reentrancy caused by State updated after external call. Attacker reenters contract flow before state update.,Draining rewards pool,Vault updates shares after sending tokens to attacker contract.
731,Reentrancy Variant 731,State-dependent reentrancy,Multiple entry points sharing same state variable,Variant #731: State-dependent reentrancy caused by Multiple entry points sharing same state variable. Attacker reenters contract flow before state update.,Partial draining of pooled funds,"Attacker calls withdraw(), fallback triggers withdraw() repeatedly."
732,Reentrancy Variant 732,Single-function reentrancy,Unsafe external call to attacker contract,Variant #732: Single-function reentrancy caused by Unsafe external call to attacker contract. Attacker reenters contract flow before state update.,Partial draining of pooled funds,Vault updates shares after sending tokens to attacker contract.
733,Reentrancy Variant 733,Pull-payment reentrancy,Balance checked after transfer,Variant #733: Pull-payment reentrancy caused by Balance checked after transfer. Attacker reenters contract flow before state update.,Inflated share minting,"Attacker calls withdraw(), fallback triggers withdraw() repeatedly."
734,Reentrancy Variant 734,Cross-contract reentrancy,Hooks triggered without control flow guard,Variant #734: Cross-contract reentrancy caused by Hooks triggered without control flow guard. Attacker reenters contract flow before state update.,Unauthorized repeated withdrawals,Vault updates shares after sending tokens to attacker contract.
735,Reentrancy Variant 735,Recursive fallback reentrancy,Multiple entry points sharing same state variable,Variant #735: Recursive fallback reentrancy caused by Multiple entry points sharing same state variable. Attacker reenters contract flow before state update.,Token supply manipulation,Vault updates shares after sending tokens to attacker contract.
736,Reentrancy Variant 736,Read-only reentrancy,Upgradeable proxy storage collision,Variant #736: Read-only reentrancy caused by Upgradeable proxy storage collision. Attacker reenters contract flow before state update.,Inflated share minting,Attacker leverages ERC777 tokens to reenter before balance is updated.
737,Reentrancy Variant 737,Pull-payment reentrancy,State updated after external call,Variant #737: Pull-payment reentrancy caused by State updated after external call. Attacker reenters contract flow before state update.,Complete balance drain,Attacker leverages ERC777 tokens to reenter before balance is updated.
738,Reentrancy Variant 738,Recursive fallback reentrancy,Balance checked after transfer,Variant #738: Recursive fallback reentrancy caused by Balance checked after transfer. Attacker reenters contract flow before state update.,Unauthorized repeated withdrawals,Cross-function: deposit() sets state after external token transfer().
739,Reentrancy Variant 739,Single-function reentrancy,Unsafe external call to attacker contract,Variant #739: Single-function reentrancy caused by Unsafe external call to attacker contract. Attacker reenters contract flow before state update.,Draining rewards pool,Cross-function: deposit() sets state after external token transfer().
740,Reentrancy Variant 740,Single-function reentrancy,External call inside loop,Variant #740: Single-function reentrancy caused by External call inside loop. Attacker reenters contract flow before state update.,Partial draining of pooled funds,Cross-function: deposit() sets state after external token transfer().
741,Reentrancy Variant 741,Reentrancy via delegatecall,Missing reentrancy guard,Variant #741: Reentrancy via delegatecall caused by Missing reentrancy guard. Attacker reenters contract flow before state update.,Complete balance drain,Attacker leverages ERC777 tokens to reenter before balance is updated.
742,Reentrancy Variant 742,ERC777-hook reentrancy,Upgradeable proxy storage collision,Variant #742: ERC777-hook reentrancy caused by Upgradeable proxy storage collision. Attacker reenters contract flow before state update.,Inflated share minting,Attacker leverages ERC777 tokens to reenter before balance is updated.
743,Reentrancy Variant 743,ERC777-hook reentrancy,Upgradeable proxy storage collision,Variant #743: ERC777-hook reentrancy caused by Upgradeable proxy storage collision. Attacker reenters contract flow before state update.,Token supply manipulation,"Attacker calls withdraw(), fallback triggers withdraw() repeatedly."
744,Reentrancy Variant 744,Recursive fallback reentrancy,External call inside loop,Variant #744: Recursive fallback reentrancy caused by External call inside loop. Attacker reenters contract flow before state update.,Unauthorized repeated withdrawals,Cross-function: deposit() sets state after external token transfer().
745,Reentrancy Variant 745,Single-function reentrancy,Recursive callback before mutation,Variant #745: Single-function reentrancy caused by Recursive callback before mutation. Attacker reenters contract flow before state update.,Partial draining of pooled funds,"Attacker calls withdraw(), fallback triggers withdraw() repeatedly."
746,Reentrancy Variant 746,State-dependent reentrancy,External call inside loop,Variant #746: State-dependent reentrancy caused by External call inside loop. Attacker reenters contract flow before state update.,Partial draining of pooled funds,Vault updates shares after sending tokens to attacker contract.
747,Reentrancy Variant 747,Cross-contract reentrancy,Fallback invoked before state lock,Variant #747: Cross-contract reentrancy caused by Fallback invoked before state lock. Attacker reenters contract flow before state update.,Token supply manipulation,Attacker leverages ERC777 tokens to reenter before balance is updated.
748,Reentrancy Variant 748,ERC777-hook reentrancy,Fallback invoked before state lock,Variant #748: ERC777-hook reentrancy caused by Fallback invoked before state lock. Attacker reenters contract flow before state update.,Bypassing access restrictions,Vault updates shares after sending tokens to attacker contract.
749,Reentrancy Variant 749,Reentrancy via delegatecall,Hooks triggered without control flow guard,Variant #749: Reentrancy via delegatecall caused by Hooks triggered without control flow guard. Attacker reenters contract flow before state update.,Token supply manipulation,Vault updates shares after sending tokens to attacker contract.
750,Reentrancy Variant 750,Cross-function reentrancy,Upgradeable proxy storage collision,Variant #750: Cross-function reentrancy caused by Upgradeable proxy storage collision. Attacker reenters contract flow before state update.,Bypassing access restrictions,Vault updates shares after sending tokens to attacker contract.
751,Reentrancy Variant 751,Recursive fallback reentrancy,Hooks triggered without control flow guard,Variant #751: Recursive fallback reentrancy caused by Hooks triggered without control flow guard. Attacker reenters contract flow before state update.,Token supply manipulation,Attacker leverages ERC777 tokens to reenter before balance is updated.
752,Reentrancy Variant 752,Cross-function reentrancy,Missing reentrancy guard,Variant #752: Cross-function reentrancy caused by Missing reentrancy guard. Attacker reenters contract flow before state update.,Inflated share minting,"Attacker calls withdraw(), fallback triggers withdraw() repeatedly."
753,Reentrancy Variant 753,Withdraw-before-update reentrancy,Recursive callback before mutation,Variant #753: Withdraw-before-update reentrancy caused by Recursive callback before mutation. Attacker reenters contract flow before state update.,Complete balance drain,"Attacker calls withdraw(), fallback triggers withdraw() repeatedly."
754,Reentrancy Variant 754,State-dependent reentrancy,Missing reentrancy guard,Variant #754: State-dependent reentrancy caused by Missing reentrancy guard. Attacker reenters contract flow before state update.,Partial draining of pooled funds,"Attacker calls withdraw(), fallback triggers withdraw() repeatedly."
755,Reentrancy Variant 755,Single-function reentrancy,Balance checked after transfer,Variant #755: Single-function reentrancy caused by Balance checked after transfer. Attacker reenters contract flow before state update.,Partial draining of pooled funds,Vault updates shares after sending tokens to attacker contract.
756,Reentrancy Variant 756,Recursive fallback reentrancy,Multiple entry points sharing same state variable,Variant #756: Recursive fallback reentrancy caused by Multiple entry points sharing same state variable. Attacker reenters contract flow before state update.,Inflated share minting,"Attacker calls withdraw(), fallback triggers withdraw() repeatedly."
757,Reentrancy Variant 757,State-dependent reentrancy,State updated after external call,Variant #757: State-dependent reentrancy caused by State updated after external call. Attacker reenters contract flow before state update.,Bypassing access restrictions,Vault updates shares after sending tokens to attacker contract.
758,Reentrancy Variant 758,ERC777-hook reentrancy,Balance checked after transfer,Variant #758: ERC777-hook reentrancy caused by Balance checked after transfer. Attacker reenters contract flow before state update.,Complete balance drain,Attacker leverages ERC777 tokens to reenter before balance is updated.
759,Reentrancy Variant 759,Cross-contract reentrancy,Recursive callback before mutation,Variant #759: Cross-contract reentrancy caused by Recursive callback before mutation. Attacker reenters contract flow before state update.,Draining rewards pool,Attacker leverages ERC777 tokens to reenter before balance is updated.
760,Reentrancy Variant 760,Pull-payment reentrancy,State updated after external call,Variant #760: Pull-payment reentrancy caused by State updated after external call. Attacker reenters contract flow before state update.,Complete balance drain,Cross-function: deposit() sets state after external token transfer().
761,Reentrancy Variant 761,ERC777-hook reentrancy,Unsafe external call to attacker contract,Variant #761: ERC777-hook reentrancy caused by Unsafe external call to attacker contract. Attacker reenters contract flow before state update.,Unauthorized repeated withdrawals,Vault updates shares after sending tokens to attacker contract.
762,Reentrancy Variant 762,Read-only reentrancy,Missing reentrancy guard,Variant #762: Read-only reentrancy caused by Missing reentrancy guard. Attacker reenters contract flow before state update.,Inflated share minting,"Attacker calls withdraw(), fallback triggers withdraw() repeatedly."
763,Reentrancy Variant 763,Cross-function reentrancy,Missing reentrancy guard,Variant #763: Cross-function reentrancy caused by Missing reentrancy guard. Attacker reenters contract flow before state update.,Bypassing access restrictions,Vault updates shares after sending tokens to attacker contract.
764,Reentrancy Variant 764,Recursive fallback reentrancy,Multiple entry points sharing same state variable,Variant #764: Recursive fallback reentrancy caused by Multiple entry points sharing same state variable. Attacker reenters contract flow before state update.,Complete balance drain,Vault updates shares after sending tokens to attacker contract.
765,Reentrancy Variant 765,Read-only reentrancy,Upgradeable proxy storage collision,Variant #765: Read-only reentrancy caused by Upgradeable proxy storage collision. Attacker reenters contract flow before state update.,Unauthorized repeated withdrawals,"Attacker calls withdraw(), fallback triggers withdraw() repeatedly."
766,Reentrancy Variant 766,Read-only reentrancy,Fallback invoked before state lock,Variant #766: Read-only reentrancy caused by Fallback invoked before state lock. Attacker reenters contract flow before state update.,Token supply manipulation,Cross-function: deposit() sets state after external token transfer().
767,Reentrancy Variant 767,State-dependent reentrancy,Missing reentrancy guard,Variant #767: State-dependent reentrancy caused by Missing reentrancy guard. Attacker reenters contract flow before state update.,Complete balance drain,Cross-function: deposit() sets state after external token transfer().
768,Reentrancy Variant 768,Reentrancy via delegatecall,Hooks triggered without control flow guard,Variant #768: Reentrancy via delegatecall caused by Hooks triggered without control flow guard. Attacker reenters contract flow before state update.,Bypassing access restrictions,Cross-function: deposit() sets state after external token transfer().
769,Reentrancy Variant 769,Reentrancy via delegatecall,Upgradeable proxy storage collision,Variant #769: Reentrancy via delegatecall caused by Upgradeable proxy storage collision. Attacker reenters contract flow before state update.,Inflated share minting,Cross-function: deposit() sets state after external token transfer().
770,Reentrancy Variant 770,ERC777-hook reentrancy,Multiple entry points sharing same state variable,Variant #770: ERC777-hook reentrancy caused by Multiple entry points sharing same state variable. Attacker reenters contract flow before state update.,Bypassing access restrictions,Attacker leverages ERC777 tokens to reenter before balance is updated.
771,Reentrancy Variant 771,Cross-function reentrancy,Missing reentrancy guard,Variant #771: Cross-function reentrancy caused by Missing reentrancy guard. Attacker reenters contract flow before state update.,Partial draining of pooled funds,"Attacker calls withdraw(), fallback triggers withdraw() repeatedly."
772,Reentrancy Variant 772,Pull-payment reentrancy,Upgradeable proxy storage collision,Variant #772: Pull-payment reentrancy caused by Upgradeable proxy storage collision. Attacker reenters contract flow before state update.,Partial draining of pooled funds,"Attacker calls withdraw(), fallback triggers withdraw() repeatedly."
773,Reentrancy Variant 773,Withdraw-before-update reentrancy,Multiple entry points sharing same state variable,Variant #773: Withdraw-before-update reentrancy caused by Multiple entry points sharing same state variable. Attacker reenters contract flow before state update.,Partial draining of pooled funds,Vault updates shares after sending tokens to attacker contract.
774,Reentrancy Variant 774,State-dependent reentrancy,Fallback invoked before state lock,Variant #774: State-dependent reentrancy caused by Fallback invoked before state lock. Attacker reenters contract flow before state update.,Complete balance drain,Cross-function: deposit() sets state after external token transfer().
775,Reentrancy Variant 775,Reentrancy via delegatecall,Hooks triggered without control flow guard,Variant #775: Reentrancy via delegatecall caused by Hooks triggered without control flow guard. Attacker reenters contract flow before state update.,Inflated share minting,Vault updates shares after sending tokens to attacker contract.
776,Reentrancy Variant 776,State-dependent reentrancy,Fallback invoked before state lock,Variant #776: State-dependent reentrancy caused by Fallback invoked before state lock. Attacker reenters contract flow before state update.,Complete balance drain,Cross-function: deposit() sets state after external token transfer().
777,Reentrancy Variant 777,State-dependent reentrancy,Missing reentrancy guard,Variant #777: State-dependent reentrancy caused by Missing reentrancy guard. Attacker reenters contract flow before state update.,Token supply manipulation,"Attacker calls withdraw(), fallback triggers withdraw() repeatedly."
778,Reentrancy Variant 778,Recursive fallback reentrancy,Hooks triggered without control flow guard,Variant #778: Recursive fallback reentrancy caused by Hooks triggered without control flow guard. Attacker reenters contract flow before state update.,Bypassing access restrictions,Attacker leverages ERC777 tokens to reenter before balance is updated.
779,Reentrancy Variant 779,Read-only reentrancy,Upgradeable proxy storage collision,Variant #779: Read-only reentrancy caused by Upgradeable proxy storage collision. Attacker reenters contract flow before state update.,Complete balance drain,"Attacker calls withdraw(), fallback triggers withdraw() repeatedly."
780,Reentrancy Variant 780,Cross-function reentrancy,Unsafe external call to attacker contract,Variant #780: Cross-function reentrancy caused by Unsafe external call to attacker contract. Attacker reenters contract flow before state update.,Inflated share minting,"Attacker calls withdraw(), fallback triggers withdraw() repeatedly."
781,Reentrancy Variant 781,Recursive fallback reentrancy,Balance checked after transfer,Variant #781: Recursive fallback reentrancy caused by Balance checked after transfer. Attacker reenters contract flow before state update.,Inflated share minting,"Attacker calls withdraw(), fallback triggers withdraw() repeatedly."
782,Reentrancy Variant 782,Pull-payment reentrancy,Hooks triggered without control flow guard,Variant #782: Pull-payment reentrancy caused by Hooks triggered without control flow guard. Attacker reenters contract flow before state update.,Unauthorized repeated withdrawals,Attacker leverages ERC777 tokens to reenter before balance is updated.
783,Reentrancy Variant 783,Single-function reentrancy,Multiple entry points sharing same state variable,Variant #783: Single-function reentrancy caused by Multiple entry points sharing same state variable. Attacker reenters contract flow before state update.,Bypassing access restrictions,Vault updates shares after sending tokens to attacker contract.
784,Reentrancy Variant 784,Read-only reentrancy,Recursive callback before mutation,Variant #784: Read-only reentrancy caused by Recursive callback before mutation. Attacker reenters contract flow before state update.,Bypassing access restrictions,Vault updates shares after sending tokens to attacker contract.
785,Reentrancy Variant 785,Recursive fallback reentrancy,Recursive callback before mutation,Variant #785: Recursive fallback reentrancy caused by Recursive callback before mutation. Attacker reenters contract flow before state update.,Draining rewards pool,"Attacker calls withdraw(), fallback triggers withdraw() repeatedly."
786,Reentrancy Variant 786,Pull-payment reentrancy,External call inside loop,Variant #786: Pull-payment reentrancy caused by External call inside loop. Attacker reenters contract flow before state update.,Complete balance drain,"Attacker calls withdraw(), fallback triggers withdraw() repeatedly."
787,Reentrancy Variant 787,State-dependent reentrancy,Unsafe external call to attacker contract,Variant #787: State-dependent reentrancy caused by Unsafe external call to attacker contract. Attacker reenters contract flow before state update.,Bypassing access restrictions,Vault updates shares after sending tokens to attacker contract.
788,Reentrancy Variant 788,ERC777-hook reentrancy,Recursive callback before mutation,Variant #788: ERC777-hook reentrancy caused by Recursive callback before mutation. Attacker reenters contract flow before state update.,Complete balance drain,Vault updates shares after sending tokens to attacker contract.
789,Reentrancy Variant 789,Pull-payment reentrancy,Unsafe external call to attacker contract,Variant #789: Pull-payment reentrancy caused by Unsafe external call to attacker contract. Attacker reenters contract flow before state update.,Unauthorized repeated withdrawals,Vault updates shares after sending tokens to attacker contract.
790,Reentrancy Variant 790,Cross-function reentrancy,Recursive callback before mutation,Variant #790: Cross-function reentrancy caused by Recursive callback before mutation. Attacker reenters contract flow before state update.,Token supply manipulation,Cross-function: deposit() sets state after external token transfer().
791,Reentrancy Variant 791,Recursive fallback reentrancy,External call inside loop,Variant #791: Recursive fallback reentrancy caused by External call inside loop. Attacker reenters contract flow before state update.,Bypassing access restrictions,Attacker leverages ERC777 tokens to reenter before balance is updated.
792,Reentrancy Variant 792,Cross-function reentrancy,Recursive callback before mutation,Variant #792: Cross-function reentrancy caused by Recursive callback before mutation. Attacker reenters contract flow before state update.,Bypassing access restrictions,"Attacker calls withdraw(), fallback triggers withdraw() repeatedly."
793,Reentrancy Variant 793,Single-function reentrancy,State updated after external call,Variant #793: Single-function reentrancy caused by State updated after external call. Attacker reenters contract flow before state update.,Draining rewards pool,"Attacker calls withdraw(), fallback triggers withdraw() repeatedly."
794,Reentrancy Variant 794,Single-function reentrancy,Upgradeable proxy storage collision,Variant #794: Single-function reentrancy caused by Upgradeable proxy storage collision. Attacker reenters contract flow before state update.,Token supply manipulation,"Attacker calls withdraw(), fallback triggers withdraw() repeatedly."
795,Reentrancy Variant 795,Pull-payment reentrancy,External call inside loop,Variant #795: Pull-payment reentrancy caused by External call inside loop. Attacker reenters contract flow before state update.,Unauthorized repeated withdrawals,Cross-function: deposit() sets state after external token transfer().
796,Reentrancy Variant 796,Cross-function reentrancy,External call inside loop,Variant #796: Cross-function reentrancy caused by External call inside loop. Attacker reenters contract flow before state update.,Bypassing access restrictions,"Attacker calls withdraw(), fallback triggers withdraw() repeatedly."
797,Reentrancy Variant 797,Cross-contract reentrancy,Hooks triggered without control flow guard,Variant #797: Cross-contract reentrancy caused by Hooks triggered without control flow guard. Attacker reenters contract flow before state update.,Unauthorized repeated withdrawals,Vault updates shares after sending tokens to attacker contract.
798,Reentrancy Variant 798,Withdraw-before-update reentrancy,Fallback invoked before state lock,Variant #798: Withdraw-before-update reentrancy caused by Fallback invoked before state lock. Attacker reenters contract flow before state update.,Inflated share minting,"Attacker calls withdraw(), fallback triggers withdraw() repeatedly."
799,Reentrancy Variant 799,Read-only reentrancy,Missing reentrancy guard,Variant #799: Read-only reentrancy caused by Missing reentrancy guard. Attacker reenters contract flow before state update.,Bypassing access restrictions,Attacker leverages ERC777 tokens to reenter before balance is updated.
800,Reentrancy Variant 800,Withdraw-before-update reentrancy,Unsafe external call to attacker contract,Variant #800: Withdraw-before-update reentrancy caused by Unsafe external call to attacker contract. Attacker reenters contract flow before state update.,Draining rewards pool,Attacker leverages ERC777 tokens to reenter before balance is updated.
801,Reentrancy Variant 801,Reentrancy via delegatecall,Balance checked after transfer,Variant #801: Reentrancy via delegatecall caused by Balance checked after transfer. Attacker reenters contract flow before state update.,Complete balance drain,Cross-function: deposit() sets state after external token transfer().
802,Reentrancy Variant 802,Reentrancy via delegatecall,Missing reentrancy guard,Variant #802: Reentrancy via delegatecall caused by Missing reentrancy guard. Attacker reenters contract flow before state update.,Complete balance drain,Cross-function: deposit() sets state after external token transfer().
803,Reentrancy Variant 803,Read-only reentrancy,Recursive callback before mutation,Variant #803: Read-only reentrancy caused by Recursive callback before mutation. Attacker reenters contract flow before state update.,Bypassing access restrictions,"Attacker calls withdraw(), fallback triggers withdraw() repeatedly."
804,Reentrancy Variant 804,Recursive fallback reentrancy,State updated after external call,Variant #804: Recursive fallback reentrancy caused by State updated after external call. Attacker reenters contract flow before state update.,Draining rewards pool,Vault updates shares after sending tokens to attacker contract.
805,Reentrancy Variant 805,ERC777-hook reentrancy,External call inside loop,Variant #805: ERC777-hook reentrancy caused by External call inside loop. Attacker reenters contract flow before state update.,Complete balance drain,Vault updates shares after sending tokens to attacker contract.
806,Reentrancy Variant 806,Recursive fallback reentrancy,State updated after external call,Variant #806: Recursive fallback reentrancy caused by State updated after external call. Attacker reenters contract flow before state update.,Draining rewards pool,Vault updates shares after sending tokens to attacker contract.
807,Reentrancy Variant 807,Withdraw-before-update reentrancy,Fallback invoked before state lock,Variant #807: Withdraw-before-update reentrancy caused by Fallback invoked before state lock. Attacker reenters contract flow before state update.,Complete balance drain,Vault updates shares after sending tokens to attacker contract.
808,Reentrancy Variant 808,Cross-function reentrancy,Recursive callback before mutation,Variant #808: Cross-function reentrancy caused by Recursive callback before mutation. Attacker reenters contract flow before state update.,Unauthorized repeated withdrawals,Cross-function: deposit() sets state after external token transfer().
809,Reentrancy Variant 809,Single-function reentrancy,Unsafe external call to attacker contract,Variant #809: Single-function reentrancy caused by Unsafe external call to attacker contract. Attacker reenters contract flow before state update.,Complete balance drain,"Attacker calls withdraw(), fallback triggers withdraw() repeatedly."
810,Reentrancy Variant 810,ERC777-hook reentrancy,Upgradeable proxy storage collision,Variant #810: ERC777-hook reentrancy caused by Upgradeable proxy storage collision. Attacker reenters contract flow before state update.,Token supply manipulation,Attacker leverages ERC777 tokens to reenter before balance is updated.
811,Reentrancy Variant 811,Pull-payment reentrancy,Unsafe external call to attacker contract,Variant #811: Pull-payment reentrancy caused by Unsafe external call to attacker contract. Attacker reenters contract flow before state update.,Token supply manipulation,Attacker leverages ERC777 tokens to reenter before balance is updated.
812,Reentrancy Variant 812,Cross-function reentrancy,Fallback invoked before state lock,Variant #812: Cross-function reentrancy caused by Fallback invoked before state lock. Attacker reenters contract flow before state update.,Token supply manipulation,Attacker leverages ERC777 tokens to reenter before balance is updated.
813,Reentrancy Variant 813,Single-function reentrancy,Hooks triggered without control flow guard,Variant #813: Single-function reentrancy caused by Hooks triggered without control flow guard. Attacker reenters contract flow before state update.,Complete balance drain,Cross-function: deposit() sets state after external token transfer().
814,Reentrancy Variant 814,Cross-contract reentrancy,Hooks triggered without control flow guard,Variant #814: Cross-contract reentrancy caused by Hooks triggered without control flow guard. Attacker reenters contract flow before state update.,Complete balance drain,"Attacker calls withdraw(), fallback triggers withdraw() repeatedly."
815,Reentrancy Variant 815,Recursive fallback reentrancy,Missing reentrancy guard,Variant #815: Recursive fallback reentrancy caused by Missing reentrancy guard. Attacker reenters contract flow before state update.,Bypassing access restrictions,Cross-function: deposit() sets state after external token transfer().
816,Reentrancy Variant 816,Cross-contract reentrancy,Upgradeable proxy storage collision,Variant #816: Cross-contract reentrancy caused by Upgradeable proxy storage collision. Attacker reenters contract flow before state update.,Unauthorized repeated withdrawals,"Attacker calls withdraw(), fallback triggers withdraw() repeatedly."
817,Reentrancy Variant 817,Cross-contract reentrancy,Hooks triggered without control flow guard,Variant #817: Cross-contract reentrancy caused by Hooks triggered without control flow guard. Attacker reenters contract flow before state update.,Inflated share minting,"Attacker calls withdraw(), fallback triggers withdraw() repeatedly."
818,Reentrancy Variant 818,Read-only reentrancy,External call inside loop,Variant #818: Read-only reentrancy caused by External call inside loop. Attacker reenters contract flow before state update.,Inflated share minting,Cross-function: deposit() sets state after external token transfer().
819,Reentrancy Variant 819,Single-function reentrancy,Multiple entry points sharing same state variable,Variant #819: Single-function reentrancy caused by Multiple entry points sharing same state variable. Attacker reenters contract flow before state update.,Bypassing access restrictions,Cross-function: deposit() sets state after external token transfer().
820,Reentrancy Variant 820,Single-function reentrancy,Upgradeable proxy storage collision,Variant #820: Single-function reentrancy caused by Upgradeable proxy storage collision. Attacker reenters contract flow before state update.,Inflated share minting,Cross-function: deposit() sets state after external token transfer().
821,Reentrancy Variant 821,Withdraw-before-update reentrancy,Recursive callback before mutation,Variant #821: Withdraw-before-update reentrancy caused by Recursive callback before mutation. Attacker reenters contract flow before state update.,Bypassing access restrictions,"Attacker calls withdraw(), fallback triggers withdraw() repeatedly."
822,Reentrancy Variant 822,Recursive fallback reentrancy,Unsafe external call to attacker contract,Variant #822: Recursive fallback reentrancy caused by Unsafe external call to attacker contract. Attacker reenters contract flow before state update.,Token supply manipulation,Vault updates shares after sending tokens to attacker contract.
823,Reentrancy Variant 823,State-dependent reentrancy,Upgradeable proxy storage collision,Variant #823: State-dependent reentrancy caused by Upgradeable proxy storage collision. Attacker reenters contract flow before state update.,Inflated share minting,"Attacker calls withdraw(), fallback triggers withdraw() repeatedly."
824,Reentrancy Variant 824,Read-only reentrancy,Recursive callback before mutation,Variant #824: Read-only reentrancy caused by Recursive callback before mutation. Attacker reenters contract flow before state update.,Complete balance drain,Cross-function: deposit() sets state after external token transfer().
825,Reentrancy Variant 825,Single-function reentrancy,Balance checked after transfer,Variant #825: Single-function reentrancy caused by Balance checked after transfer. Attacker reenters contract flow before state update.,Unauthorized repeated withdrawals,Cross-function: deposit() sets state after external token transfer().
826,Reentrancy Variant 826,Withdraw-before-update reentrancy,Missing reentrancy guard,Variant #826: Withdraw-before-update reentrancy caused by Missing reentrancy guard. Attacker reenters contract flow before state update.,Bypassing access restrictions,"Attacker calls withdraw(), fallback triggers withdraw() repeatedly."
827,Reentrancy Variant 827,Reentrancy via delegatecall,External call inside loop,Variant #827: Reentrancy via delegatecall caused by External call inside loop. Attacker reenters contract flow before state update.,Inflated share minting,"Attacker calls withdraw(), fallback triggers withdraw() repeatedly."
828,Reentrancy Variant 828,State-dependent reentrancy,State updated after external call,Variant #828: State-dependent reentrancy caused by State updated after external call. Attacker reenters contract flow before state update.,Unauthorized repeated withdrawals,Attacker leverages ERC777 tokens to reenter before balance is updated.
829,Reentrancy Variant 829,State-dependent reentrancy,Unsafe external call to attacker contract,Variant #829: State-dependent reentrancy caused by Unsafe external call to attacker contract. Attacker reenters contract flow before state update.,Draining rewards pool,Attacker leverages ERC777 tokens to reenter before balance is updated.
830,Reentrancy Variant 830,Recursive fallback reentrancy,Hooks triggered without control flow guard,Variant #830: Recursive fallback reentrancy caused by Hooks triggered without control flow guard. Attacker reenters contract flow before state update.,Inflated share minting,"Attacker calls withdraw(), fallback triggers withdraw() repeatedly."
831,Reentrancy Variant 831,Pull-payment reentrancy,State updated after external call,Variant #831: Pull-payment reentrancy caused by State updated after external call. Attacker reenters contract flow before state update.,Draining rewards pool,Cross-function: deposit() sets state after external token transfer().
832,Reentrancy Variant 832,ERC777-hook reentrancy,Recursive callback before mutation,Variant #832: ERC777-hook reentrancy caused by Recursive callback before mutation. Attacker reenters contract flow before state update.,Unauthorized repeated withdrawals,Cross-function: deposit() sets state after external token transfer().
833,Reentrancy Variant 833,ERC777-hook reentrancy,State updated after external call,Variant #833: ERC777-hook reentrancy caused by State updated after external call. Attacker reenters contract flow before state update.,Draining rewards pool,"Attacker calls withdraw(), fallback triggers withdraw() repeatedly."
834,Reentrancy Variant 834,ERC777-hook reentrancy,Upgradeable proxy storage collision,Variant #834: ERC777-hook reentrancy caused by Upgradeable proxy storage collision. Attacker reenters contract flow before state update.,Unauthorized repeated withdrawals,"Attacker calls withdraw(), fallback triggers withdraw() repeatedly."
835,Reentrancy Variant 835,Cross-contract reentrancy,Missing reentrancy guard,Variant #835: Cross-contract reentrancy caused by Missing reentrancy guard. Attacker reenters contract flow before state update.,Unauthorized repeated withdrawals,Vault updates shares after sending tokens to attacker contract.
836,Reentrancy Variant 836,Reentrancy via delegatecall,Missing reentrancy guard,Variant #836: Reentrancy via delegatecall caused by Missing reentrancy guard. Attacker reenters contract flow before state update.,Partial draining of pooled funds,Vault updates shares after sending tokens to attacker contract.
837,Reentrancy Variant 837,Pull-payment reentrancy,State updated after external call,Variant #837: Pull-payment reentrancy caused by State updated after external call. Attacker reenters contract flow before state update.,Token supply manipulation,Vault updates shares after sending tokens to attacker contract.
838,Reentrancy Variant 838,Cross-contract reentrancy,Fallback invoked before state lock,Variant #838: Cross-contract reentrancy caused by Fallback invoked before state lock. Attacker reenters contract flow before state update.,Complete balance drain,"Attacker calls withdraw(), fallback triggers withdraw() repeatedly."
839,Reentrancy Variant 839,Single-function reentrancy,Fallback invoked before state lock,Variant #839: Single-function reentrancy caused by Fallback invoked before state lock. Attacker reenters contract flow before state update.,Bypassing access restrictions,Cross-function: deposit() sets state after external token transfer().
840,Reentrancy Variant 840,Reentrancy via delegatecall,Missing reentrancy guard,Variant #840: Reentrancy via delegatecall caused by Missing reentrancy guard. Attacker reenters contract flow before state update.,Unauthorized repeated withdrawals,"Attacker calls withdraw(), fallback triggers withdraw() repeatedly."
841,Reentrancy Variant 841,Reentrancy via delegatecall,Hooks triggered without control flow guard,Variant #841: Reentrancy via delegatecall caused by Hooks triggered without control flow guard. Attacker reenters contract flow before state update.,Inflated share minting,Vault updates shares after sending tokens to attacker contract.
842,Reentrancy Variant 842,Recursive fallback reentrancy,Multiple entry points sharing same state variable,Variant #842: Recursive fallback reentrancy caused by Multiple entry points sharing same state variable. Attacker reenters contract flow before state update.,Bypassing access restrictions,Vault updates shares after sending tokens to attacker contract.
843,Reentrancy Variant 843,Recursive fallback reentrancy,Multiple entry points sharing same state variable,Variant #843: Recursive fallback reentrancy caused by Multiple entry points sharing same state variable. Attacker reenters contract flow before state update.,Draining rewards pool,Vault updates shares after sending tokens to attacker contract.
844,Reentrancy Variant 844,Pull-payment reentrancy,Unsafe external call to attacker contract,Variant #844: Pull-payment reentrancy caused by Unsafe external call to attacker contract. Attacker reenters contract flow before state update.,Bypassing access restrictions,"Attacker calls withdraw(), fallback triggers withdraw() repeatedly."
845,Reentrancy Variant 845,Recursive fallback reentrancy,Balance checked after transfer,Variant #845: Recursive fallback reentrancy caused by Balance checked after transfer. Attacker reenters contract flow before state update.,Inflated share minting,Attacker leverages ERC777 tokens to reenter before balance is updated.
846,Reentrancy Variant 846,State-dependent reentrancy,Multiple entry points sharing same state variable,Variant #846: State-dependent reentrancy caused by Multiple entry points sharing same state variable. Attacker reenters contract flow before state update.,Complete balance drain,Attacker leverages ERC777 tokens to reenter before balance is updated.
847,Reentrancy Variant 847,Recursive fallback reentrancy,Recursive callback before mutation,Variant #847: Recursive fallback reentrancy caused by Recursive callback before mutation. Attacker reenters contract flow before state update.,Token supply manipulation,Cross-function: deposit() sets state after external token transfer().
848,Reentrancy Variant 848,Withdraw-before-update reentrancy,Missing reentrancy guard,Variant #848: Withdraw-before-update reentrancy caused by Missing reentrancy guard. Attacker reenters contract flow before state update.,Inflated share minting,"Attacker calls withdraw(), fallback triggers withdraw() repeatedly."
849,Reentrancy Variant 849,Withdraw-before-update reentrancy,External call inside loop,Variant #849: Withdraw-before-update reentrancy caused by External call inside loop. Attacker reenters contract flow before state update.,Complete balance drain,Attacker leverages ERC777 tokens to reenter before balance is updated.
850,Reentrancy Variant 850,Single-function reentrancy,Missing reentrancy guard,Variant #850: Single-function reentrancy caused by Missing reentrancy guard. Attacker reenters contract flow before state update.,Partial draining of pooled funds,"Attacker calls withdraw(), fallback triggers withdraw() repeatedly."
851,Reentrancy Variant 851,Cross-function reentrancy,External call inside loop,Variant #851: Cross-function reentrancy caused by External call inside loop. Attacker reenters contract flow before state update.,Partial draining of pooled funds,"Attacker calls withdraw(), fallback triggers withdraw() repeatedly."
852,Reentrancy Variant 852,State-dependent reentrancy,Missing reentrancy guard,Variant #852: State-dependent reentrancy caused by Missing reentrancy guard. Attacker reenters contract flow before state update.,Bypassing access restrictions,"Attacker calls withdraw(), fallback triggers withdraw() repeatedly."
853,Reentrancy Variant 853,ERC777-hook reentrancy,State updated after external call,Variant #853: ERC777-hook reentrancy caused by State updated after external call. Attacker reenters contract flow before state update.,Bypassing access restrictions,Attacker leverages ERC777 tokens to reenter before balance is updated.
854,Reentrancy Variant 854,Cross-contract reentrancy,External call inside loop,Variant #854: Cross-contract reentrancy caused by External call inside loop. Attacker reenters contract flow before state update.,Inflated share minting,Attacker leverages ERC777 tokens to reenter before balance is updated.
855,Reentrancy Variant 855,Recursive fallback reentrancy,External call inside loop,Variant #855: Recursive fallback reentrancy caused by External call inside loop. Attacker reenters contract flow before state update.,Unauthorized repeated withdrawals,Attacker leverages ERC777 tokens to reenter before balance is updated.
856,Reentrancy Variant 856,State-dependent reentrancy,Hooks triggered without control flow guard,Variant #856: State-dependent reentrancy caused by Hooks triggered without control flow guard. Attacker reenters contract flow before state update.,Inflated share minting,Vault updates shares after sending tokens to attacker contract.
857,Reentrancy Variant 857,ERC777-hook reentrancy,Recursive callback before mutation,Variant #857: ERC777-hook reentrancy caused by Recursive callback before mutation. Attacker reenters contract flow before state update.,Inflated share minting,Vault updates shares after sending tokens to attacker contract.
858,Reentrancy Variant 858,State-dependent reentrancy,Balance checked after transfer,Variant #858: State-dependent reentrancy caused by Balance checked after transfer. Attacker reenters contract flow before state update.,Bypassing access restrictions,"Attacker calls withdraw(), fallback triggers withdraw() repeatedly."
859,Reentrancy Variant 859,Reentrancy via delegatecall,Balance checked after transfer,Variant #859: Reentrancy via delegatecall caused by Balance checked after transfer. Attacker reenters contract flow before state update.,Partial draining of pooled funds,Cross-function: deposit() sets state after external token transfer().
860,Reentrancy Variant 860,Withdraw-before-update reentrancy,Recursive callback before mutation,Variant #860: Withdraw-before-update reentrancy caused by Recursive callback before mutation. Attacker reenters contract flow before state update.,Partial draining of pooled funds,Cross-function: deposit() sets state after external token transfer().
861,Reentrancy Variant 861,State-dependent reentrancy,Missing reentrancy guard,Variant #861: State-dependent reentrancy caused by Missing reentrancy guard. Attacker reenters contract flow before state update.,Bypassing access restrictions,Attacker leverages ERC777 tokens to reenter before balance is updated.
862,Reentrancy Variant 862,ERC777-hook reentrancy,Recursive callback before mutation,Variant #862: ERC777-hook reentrancy caused by Recursive callback before mutation. Attacker reenters contract flow before state update.,Partial draining of pooled funds,"Attacker calls withdraw(), fallback triggers withdraw() repeatedly."
863,Reentrancy Variant 863,Reentrancy via delegatecall,Fallback invoked before state lock,Variant #863: Reentrancy via delegatecall caused by Fallback invoked before state lock. Attacker reenters contract flow before state update.,Bypassing access restrictions,Cross-function: deposit() sets state after external token transfer().
864,Reentrancy Variant 864,State-dependent reentrancy,Upgradeable proxy storage collision,Variant #864: State-dependent reentrancy caused by Upgradeable proxy storage collision. Attacker reenters contract flow before state update.,Complete balance drain,Attacker leverages ERC777 tokens to reenter before balance is updated.
865,Reentrancy Variant 865,Single-function reentrancy,State updated after external call,Variant #865: Single-function reentrancy caused by State updated after external call. Attacker reenters contract flow before state update.,Token supply manipulation,Vault updates shares after sending tokens to attacker contract.
866,Reentrancy Variant 866,Pull-payment reentrancy,State updated after external call,Variant #866: Pull-payment reentrancy caused by State updated after external call. Attacker reenters contract flow before state update.,Complete balance drain,Vault updates shares after sending tokens to attacker contract.
867,Reentrancy Variant 867,Recursive fallback reentrancy,State updated after external call,Variant #867: Recursive fallback reentrancy caused by State updated after external call. Attacker reenters contract flow before state update.,Inflated share minting,Cross-function: deposit() sets state after external token transfer().
868,Reentrancy Variant 868,Withdraw-before-update reentrancy,Balance checked after transfer,Variant #868: Withdraw-before-update reentrancy caused by Balance checked after transfer. Attacker reenters contract flow before state update.,Inflated share minting,Attacker leverages ERC777 tokens to reenter before balance is updated.
869,Reentrancy Variant 869,Cross-function reentrancy,Hooks triggered without control flow guard,Variant #869: Cross-function reentrancy caused by Hooks triggered without control flow guard. Attacker reenters contract flow before state update.,Draining rewards pool,Attacker leverages ERC777 tokens to reenter before balance is updated.
870,Reentrancy Variant 870,Recursive fallback reentrancy,Fallback invoked before state lock,Variant #870: Recursive fallback reentrancy caused by Fallback invoked before state lock. Attacker reenters contract flow before state update.,Complete balance drain,Cross-function: deposit() sets state after external token transfer().
871,Reentrancy Variant 871,Cross-contract reentrancy,Fallback invoked before state lock,Variant #871: Cross-contract reentrancy caused by Fallback invoked before state lock. Attacker reenters contract flow before state update.,Unauthorized repeated withdrawals,Vault updates shares after sending tokens to attacker contract.
872,Reentrancy Variant 872,State-dependent reentrancy,Fallback invoked before state lock,Variant #872: State-dependent reentrancy caused by Fallback invoked before state lock. Attacker reenters contract flow before state update.,Unauthorized repeated withdrawals,Attacker leverages ERC777 tokens to reenter before balance is updated.
873,Reentrancy Variant 873,Cross-function reentrancy,Multiple entry points sharing same state variable,Variant #873: Cross-function reentrancy caused by Multiple entry points sharing same state variable. Attacker reenters contract flow before state update.,Inflated share minting,Cross-function: deposit() sets state after external token transfer().
874,Reentrancy Variant 874,Cross-function reentrancy,Balance checked after transfer,Variant #874: Cross-function reentrancy caused by Balance checked after transfer. Attacker reenters contract flow before state update.,Inflated share minting,Vault updates shares after sending tokens to attacker contract.
875,Reentrancy Variant 875,Withdraw-before-update reentrancy,Multiple entry points sharing same state variable,Variant #875: Withdraw-before-update reentrancy caused by Multiple entry points sharing same state variable. Attacker reenters contract flow before state update.,Bypassing access restrictions,"Attacker calls withdraw(), fallback triggers withdraw() repeatedly."
876,Reentrancy Variant 876,Reentrancy via delegatecall,Upgradeable proxy storage collision,Variant #876: Reentrancy via delegatecall caused by Upgradeable proxy storage collision. Attacker reenters contract flow before state update.,Token supply manipulation,Attacker leverages ERC777 tokens to reenter before balance is updated.
877,Reentrancy Variant 877,State-dependent reentrancy,Multiple entry points sharing same state variable,Variant #877: State-dependent reentrancy caused by Multiple entry points sharing same state variable. Attacker reenters contract flow before state update.,Partial draining of pooled funds,Attacker leverages ERC777 tokens to reenter before balance is updated.
878,Reentrancy Variant 878,Read-only reentrancy,Missing reentrancy guard,Variant #878: Read-only reentrancy caused by Missing reentrancy guard. Attacker reenters contract flow before state update.,Token supply manipulation,Cross-function: deposit() sets state after external token transfer().
879,Reentrancy Variant 879,Reentrancy via delegatecall,Recursive callback before mutation,Variant #879: Reentrancy via delegatecall caused by Recursive callback before mutation. Attacker reenters contract flow before state update.,Draining rewards pool,Vault updates shares after sending tokens to attacker contract.
880,Reentrancy Variant 880,Read-only reentrancy,Recursive callback before mutation,Variant #880: Read-only reentrancy caused by Recursive callback before mutation. Attacker reenters contract flow before state update.,Token supply manipulation,Cross-function: deposit() sets state after external token transfer().
881,Reentrancy Variant 881,Withdraw-before-update reentrancy,Recursive callback before mutation,Variant #881: Withdraw-before-update reentrancy caused by Recursive callback before mutation. Attacker reenters contract flow before state update.,Inflated share minting,Attacker leverages ERC777 tokens to reenter before balance is updated.
882,Reentrancy Variant 882,Single-function reentrancy,Upgradeable proxy storage collision,Variant #882: Single-function reentrancy caused by Upgradeable proxy storage collision. Attacker reenters contract flow before state update.,Token supply manipulation,Attacker leverages ERC777 tokens to reenter before balance is updated.
883,Reentrancy Variant 883,Single-function reentrancy,External call inside loop,Variant #883: Single-function reentrancy caused by External call inside loop. Attacker reenters contract flow before state update.,Draining rewards pool,Attacker leverages ERC777 tokens to reenter before balance is updated.
884,Reentrancy Variant 884,Reentrancy via delegatecall,State updated after external call,Variant #884: Reentrancy via delegatecall caused by State updated after external call. Attacker reenters contract flow before state update.,Token supply manipulation,Vault updates shares after sending tokens to attacker contract.
885,Reentrancy Variant 885,Cross-function reentrancy,Unsafe external call to attacker contract,Variant #885: Cross-function reentrancy caused by Unsafe external call to attacker contract. Attacker reenters contract flow before state update.,Complete balance drain,Vault updates shares after sending tokens to attacker contract.
886,Reentrancy Variant 886,Recursive fallback reentrancy,Unsafe external call to attacker contract,Variant #886: Recursive fallback reentrancy caused by Unsafe external call to attacker contract. Attacker reenters contract flow before state update.,Token supply manipulation,"Attacker calls withdraw(), fallback triggers withdraw() repeatedly."
887,Reentrancy Variant 887,ERC777-hook reentrancy,Unsafe external call to attacker contract,Variant #887: ERC777-hook reentrancy caused by Unsafe external call to attacker contract. Attacker reenters contract flow before state update.,Unauthorized repeated withdrawals,Vault updates shares after sending tokens to attacker contract.
888,Reentrancy Variant 888,Read-only reentrancy,Upgradeable proxy storage collision,Variant #888: Read-only reentrancy caused by Upgradeable proxy storage collision. Attacker reenters contract flow before state update.,Partial draining of pooled funds,"Attacker calls withdraw(), fallback triggers withdraw() repeatedly."
889,Reentrancy Variant 889,Single-function reentrancy,Fallback invoked before state lock,Variant #889: Single-function reentrancy caused by Fallback invoked before state lock. Attacker reenters contract flow before state update.,Partial draining of pooled funds,"Attacker calls withdraw(), fallback triggers withdraw() repeatedly."
890,Reentrancy Variant 890,Cross-function reentrancy,Recursive callback before mutation,Variant #890: Cross-function reentrancy caused by Recursive callback before mutation. Attacker reenters contract flow before state update.,Inflated share minting,"Attacker calls withdraw(), fallback triggers withdraw() repeatedly."
891,Reentrancy Variant 891,Cross-function reentrancy,Fallback invoked before state lock,Variant #891: Cross-function reentrancy caused by Fallback invoked before state lock. Attacker reenters contract flow before state update.,Unauthorized repeated withdrawals,Cross-function: deposit() sets state after external token transfer().
892,Reentrancy Variant 892,Withdraw-before-update reentrancy,Upgradeable proxy storage collision,Variant #892: Withdraw-before-update reentrancy caused by Upgradeable proxy storage collision. Attacker reenters contract flow before state update.,Complete balance drain,"Attacker calls withdraw(), fallback triggers withdraw() repeatedly."
893,Reentrancy Variant 893,Withdraw-before-update reentrancy,Upgradeable proxy storage collision,Variant #893: Withdraw-before-update reentrancy caused by Upgradeable proxy storage collision. Attacker reenters contract flow before state update.,Token supply manipulation,Attacker leverages ERC777 tokens to reenter before balance is updated.
894,Reentrancy Variant 894,Cross-contract reentrancy,Fallback invoked before state lock,Variant #894: Cross-contract reentrancy caused by Fallback invoked before state lock. Attacker reenters contract flow before state update.,Inflated share minting,Attacker leverages ERC777 tokens to reenter before balance is updated.
895,Reentrancy Variant 895,Recursive fallback reentrancy,Recursive callback before mutation,Variant #895: Recursive fallback reentrancy caused by Recursive callback before mutation. Attacker reenters contract flow before state update.,Unauthorized repeated withdrawals,Vault updates shares after sending tokens to attacker contract.
896,Reentrancy Variant 896,Withdraw-before-update reentrancy,Multiple entry points sharing same state variable,Variant #896: Withdraw-before-update reentrancy caused by Multiple entry points sharing same state variable. Attacker reenters contract flow before state update.,Partial draining of pooled funds,Vault updates shares after sending tokens to attacker contract.
897,Reentrancy Variant 897,State-dependent reentrancy,Unsafe external call to attacker contract,Variant #897: State-dependent reentrancy caused by Unsafe external call to attacker contract. Attacker reenters contract flow before state update.,Unauthorized repeated withdrawals,Attacker leverages ERC777 tokens to reenter before balance is updated.
898,Reentrancy Variant 898,Cross-function reentrancy,Recursive callback before mutation,Variant #898: Cross-function reentrancy caused by Recursive callback before mutation. Attacker reenters contract flow before state update.,Partial draining of pooled funds,Attacker leverages ERC777 tokens to reenter before balance is updated.
899,Reentrancy Variant 899,Withdraw-before-update reentrancy,Missing reentrancy guard,Variant #899: Withdraw-before-update reentrancy caused by Missing reentrancy guard. Attacker reenters contract flow before state update.,Partial draining of pooled funds,Vault updates shares after sending tokens to attacker contract.
900,Reentrancy Variant 900,State-dependent reentrancy,Recursive callback before mutation,Variant #900: State-dependent reentrancy caused by Recursive callback before mutation. Attacker reenters contract flow before state update.,Bypassing access restrictions,"Attacker calls withdraw(), fallback triggers withdraw() repeatedly."
901,Reentrancy Variant 901,Pull-payment reentrancy,Missing reentrancy guard,Variant #901: Pull-payment reentrancy caused by Missing reentrancy guard. Attacker reenters contract flow before state update.,Inflated share minting,Vault updates shares after sending tokens to attacker contract.
902,Reentrancy Variant 902,Read-only reentrancy,Missing reentrancy guard,Variant #902: Read-only reentrancy caused by Missing reentrancy guard. Attacker reenters contract flow before state update.,Complete balance drain,"Attacker calls withdraw(), fallback triggers withdraw() repeatedly."
903,Reentrancy Variant 903,Cross-function reentrancy,Hooks triggered without control flow guard,Variant #903: Cross-function reentrancy caused by Hooks triggered without control flow guard. Attacker reenters contract flow before state update.,Bypassing access restrictions,Vault updates shares after sending tokens to attacker contract.
904,Reentrancy Variant 904,Cross-function reentrancy,Missing reentrancy guard,Variant #904: Cross-function reentrancy caused by Missing reentrancy guard. Attacker reenters contract flow before state update.,Draining rewards pool,Vault updates shares after sending tokens to attacker contract.
905,Reentrancy Variant 905,Read-only reentrancy,Unsafe external call to attacker contract,Variant #905: Read-only reentrancy caused by Unsafe external call to attacker contract. Attacker reenters contract flow before state update.,Complete balance drain,Vault updates shares after sending tokens to attacker contract.
906,Reentrancy Variant 906,Single-function reentrancy,Multiple entry points sharing same state variable,Variant #906: Single-function reentrancy caused by Multiple entry points sharing same state variable. Attacker reenters contract flow before state update.,Inflated share minting,Vault updates shares after sending tokens to attacker contract.
907,Reentrancy Variant 907,ERC777-hook reentrancy,Recursive callback before mutation,Variant #907: ERC777-hook reentrancy caused by Recursive callback before mutation. Attacker reenters contract flow before state update.,Draining rewards pool,"Attacker calls withdraw(), fallback triggers withdraw() repeatedly."
908,Reentrancy Variant 908,Recursive fallback reentrancy,Recursive callback before mutation,Variant #908: Recursive fallback reentrancy caused by Recursive callback before mutation. Attacker reenters contract flow before state update.,Unauthorized repeated withdrawals,"Attacker calls withdraw(), fallback triggers withdraw() repeatedly."
909,Reentrancy Variant 909,Read-only reentrancy,Multiple entry points sharing same state variable,Variant #909: Read-only reentrancy caused by Multiple entry points sharing same state variable. Attacker reenters contract flow before state update.,Inflated share minting,Cross-function: deposit() sets state after external token transfer().
910,Reentrancy Variant 910,State-dependent reentrancy,State updated after external call,Variant #910: State-dependent reentrancy caused by State updated after external call. Attacker reenters contract flow before state update.,Inflated share minting,Vault updates shares after sending tokens to attacker contract.
911,Reentrancy Variant 911,Read-only reentrancy,State updated after external call,Variant #911: Read-only reentrancy caused by State updated after external call. Attacker reenters contract flow before state update.,Unauthorized repeated withdrawals,"Attacker calls withdraw(), fallback triggers withdraw() repeatedly."
912,Reentrancy Variant 912,Cross-contract reentrancy,State updated after external call,Variant #912: Cross-contract reentrancy caused by State updated after external call. Attacker reenters contract flow before state update.,Complete balance drain,"Attacker calls withdraw(), fallback triggers withdraw() repeatedly."
913,Reentrancy Variant 913,Read-only reentrancy,State updated after external call,Variant #913: Read-only reentrancy caused by State updated after external call. Attacker reenters contract flow before state update.,Draining rewards pool,Vault updates shares after sending tokens to attacker contract.
914,Reentrancy Variant 914,Cross-function reentrancy,External call inside loop,Variant #914: Cross-function reentrancy caused by External call inside loop. Attacker reenters contract flow before state update.,Partial draining of pooled funds,Attacker leverages ERC777 tokens to reenter before balance is updated.
915,Reentrancy Variant 915,Read-only reentrancy,Missing reentrancy guard,Variant #915: Read-only reentrancy caused by Missing reentrancy guard. Attacker reenters contract flow before state update.,Inflated share minting,Attacker leverages ERC777 tokens to reenter before balance is updated.
916,Reentrancy Variant 916,ERC777-hook reentrancy,Upgradeable proxy storage collision,Variant #916: ERC777-hook reentrancy caused by Upgradeable proxy storage collision. Attacker reenters contract flow before state update.,Token supply manipulation,"Attacker calls withdraw(), fallback triggers withdraw() repeatedly."
917,Reentrancy Variant 917,Cross-function reentrancy,Hooks triggered without control flow guard,Variant #917: Cross-function reentrancy caused by Hooks triggered without control flow guard. Attacker reenters contract flow before state update.,Draining rewards pool,Cross-function: deposit() sets state after external token transfer().
918,Reentrancy Variant 918,Cross-function reentrancy,Unsafe external call to attacker contract,Variant #918: Cross-function reentrancy caused by Unsafe external call to attacker contract. Attacker reenters contract flow before state update.,Unauthorized repeated withdrawals,Attacker leverages ERC777 tokens to reenter before balance is updated.
919,Reentrancy Variant 919,Pull-payment reentrancy,External call inside loop,Variant #919: Pull-payment reentrancy caused by External call inside loop. Attacker reenters contract flow before state update.,Complete balance drain,"Attacker calls withdraw(), fallback triggers withdraw() repeatedly."
920,Reentrancy Variant 920,Reentrancy via delegatecall,Hooks triggered without control flow guard,Variant #920: Reentrancy via delegatecall caused by Hooks triggered without control flow guard. Attacker reenters contract flow before state update.,Bypassing access restrictions,Cross-function: deposit() sets state after external token transfer().
921,Reentrancy Variant 921,Read-only reentrancy,Balance checked after transfer,Variant #921: Read-only reentrancy caused by Balance checked after transfer. Attacker reenters contract flow before state update.,Inflated share minting,Cross-function: deposit() sets state after external token transfer().
922,Reentrancy Variant 922,Recursive fallback reentrancy,Fallback invoked before state lock,Variant #922: Recursive fallback reentrancy caused by Fallback invoked before state lock. Attacker reenters contract flow before state update.,Bypassing access restrictions,"Attacker calls withdraw(), fallback triggers withdraw() repeatedly."
923,Reentrancy Variant 923,Reentrancy via delegatecall,Fallback invoked before state lock,Variant #923: Reentrancy via delegatecall caused by Fallback invoked before state lock. Attacker reenters contract flow before state update.,Token supply manipulation,"Attacker calls withdraw(), fallback triggers withdraw() repeatedly."
924,Reentrancy Variant 924,Reentrancy via delegatecall,State updated after external call,Variant #924: Reentrancy via delegatecall caused by State updated after external call. Attacker reenters contract flow before state update.,Token supply manipulation,Attacker leverages ERC777 tokens to reenter before balance is updated.
925,Reentrancy Variant 925,Recursive fallback reentrancy,Fallback invoked before state lock,Variant #925: Recursive fallback reentrancy caused by Fallback invoked before state lock. Attacker reenters contract flow before state update.,Bypassing access restrictions,Attacker leverages ERC777 tokens to reenter before balance is updated.
926,Reentrancy Variant 926,Cross-function reentrancy,Hooks triggered without control flow guard,Variant #926: Cross-function reentrancy caused by Hooks triggered without control flow guard. Attacker reenters contract flow before state update.,Inflated share minting,Vault updates shares after sending tokens to attacker contract.
927,Reentrancy Variant 927,Cross-contract reentrancy,Missing reentrancy guard,Variant #927: Cross-contract reentrancy caused by Missing reentrancy guard. Attacker reenters contract flow before state update.,Inflated share minting,Attacker leverages ERC777 tokens to reenter before balance is updated.
928,Reentrancy Variant 928,Cross-function reentrancy,State updated after external call,Variant #928: Cross-function reentrancy caused by State updated after external call. Attacker reenters contract flow before state update.,Draining rewards pool,Attacker leverages ERC777 tokens to reenter before balance is updated.
929,Reentrancy Variant 929,Cross-contract reentrancy,Multiple entry points sharing same state variable,Variant #929: Cross-contract reentrancy caused by Multiple entry points sharing same state variable. Attacker reenters contract flow before state update.,Bypassing access restrictions,"Attacker calls withdraw(), fallback triggers withdraw() repeatedly."
930,Reentrancy Variant 930,Cross-contract reentrancy,Missing reentrancy guard,Variant #930: Cross-contract reentrancy caused by Missing reentrancy guard. Attacker reenters contract flow before state update.,Complete balance drain,Attacker leverages ERC777 tokens to reenter before balance is updated.
931,Reentrancy Variant 931,Read-only reentrancy,External call inside loop,Variant #931: Read-only reentrancy caused by External call inside loop. Attacker reenters contract flow before state update.,Complete balance drain,Attacker leverages ERC777 tokens to reenter before balance is updated.
932,Reentrancy Variant 932,Read-only reentrancy,External call inside loop,Variant #932: Read-only reentrancy caused by External call inside loop. Attacker reenters contract flow before state update.,Inflated share minting,"Attacker calls withdraw(), fallback triggers withdraw() repeatedly."
933,Reentrancy Variant 933,Cross-contract reentrancy,Upgradeable proxy storage collision,Variant #933: Cross-contract reentrancy caused by Upgradeable proxy storage collision. Attacker reenters contract flow before state update.,Complete balance drain,Cross-function: deposit() sets state after external token transfer().
934,Reentrancy Variant 934,Single-function reentrancy,Multiple entry points sharing same state variable,Variant #934: Single-function reentrancy caused by Multiple entry points sharing same state variable. Attacker reenters contract flow before state update.,Bypassing access restrictions,"Attacker calls withdraw(), fallback triggers withdraw() repeatedly."
935,Reentrancy Variant 935,Cross-function reentrancy,Missing reentrancy guard,Variant #935: Cross-function reentrancy caused by Missing reentrancy guard. Attacker reenters contract flow before state update.,Complete balance drain,Attacker leverages ERC777 tokens to reenter before balance is updated.
936,Reentrancy Variant 936,ERC777-hook reentrancy,Fallback invoked before state lock,Variant #936: ERC777-hook reentrancy caused by Fallback invoked before state lock. Attacker reenters contract flow before state update.,Draining rewards pool,Vault updates shares after sending tokens to attacker contract.
937,Reentrancy Variant 937,Withdraw-before-update reentrancy,Fallback invoked before state lock,Variant #937: Withdraw-before-update reentrancy caused by Fallback invoked before state lock. Attacker reenters contract flow before state update.,Token supply manipulation,Vault updates shares after sending tokens to attacker contract.
938,Reentrancy Variant 938,Single-function reentrancy,Fallback invoked before state lock,Variant #938: Single-function reentrancy caused by Fallback invoked before state lock. Attacker reenters contract flow before state update.,Unauthorized repeated withdrawals,Vault updates shares after sending tokens to attacker contract.
939,Reentrancy Variant 939,State-dependent reentrancy,Hooks triggered without control flow guard,Variant #939: State-dependent reentrancy caused by Hooks triggered without control flow guard. Attacker reenters contract flow before state update.,Bypassing access restrictions,"Attacker calls withdraw(), fallback triggers withdraw() repeatedly."
940,Reentrancy Variant 940,Read-only reentrancy,Balance checked after transfer,Variant #940: Read-only reentrancy caused by Balance checked after transfer. Attacker reenters contract flow before state update.,Partial draining of pooled funds,Vault updates shares after sending tokens to attacker contract.
941,Reentrancy Variant 941,Reentrancy via delegatecall,Hooks triggered without control flow guard,Variant #941: Reentrancy via delegatecall caused by Hooks triggered without control flow guard. Attacker reenters contract flow before state update.,Unauthorized repeated withdrawals,"Attacker calls withdraw(), fallback triggers withdraw() repeatedly."
942,Reentrancy Variant 942,Single-function reentrancy,Balance checked after transfer,Variant #942: Single-function reentrancy caused by Balance checked after transfer. Attacker reenters contract flow before state update.,Draining rewards pool,Cross-function: deposit() sets state after external token transfer().
943,Reentrancy Variant 943,ERC777-hook reentrancy,External call inside loop,Variant #943: ERC777-hook reentrancy caused by External call inside loop. Attacker reenters contract flow before state update.,Draining rewards pool,Vault updates shares after sending tokens to attacker contract.
944,Reentrancy Variant 944,Pull-payment reentrancy,Upgradeable proxy storage collision,Variant #944: Pull-payment reentrancy caused by Upgradeable proxy storage collision. Attacker reenters contract flow before state update.,Unauthorized repeated withdrawals,Attacker leverages ERC777 tokens to reenter before balance is updated.
945,Reentrancy Variant 945,Read-only reentrancy,Balance checked after transfer,Variant #945: Read-only reentrancy caused by Balance checked after transfer. Attacker reenters contract flow before state update.,Inflated share minting,Cross-function: deposit() sets state after external token transfer().
946,Reentrancy Variant 946,Recursive fallback reentrancy,Fallback invoked before state lock,Variant #946: Recursive fallback reentrancy caused by Fallback invoked before state lock. Attacker reenters contract flow before state update.,Token supply manipulation,Vault updates shares after sending tokens to attacker contract.
947,Reentrancy Variant 947,Withdraw-before-update reentrancy,Fallback invoked before state lock,Variant #947: Withdraw-before-update reentrancy caused by Fallback invoked before state lock. Attacker reenters contract flow before state update.,Unauthorized repeated withdrawals,Vault updates shares after sending tokens to attacker contract.
948,Reentrancy Variant 948,Cross-contract reentrancy,Recursive callback before mutation,Variant #948: Cross-contract reentrancy caused by Recursive callback before mutation. Attacker reenters contract flow before state update.,Draining rewards pool,Vault updates shares after sending tokens to attacker contract.
949,Reentrancy Variant 949,Reentrancy via delegatecall,Balance checked after transfer,Variant #949: Reentrancy via delegatecall caused by Balance checked after transfer. Attacker reenters contract flow before state update.,Draining rewards pool,"Attacker calls withdraw(), fallback triggers withdraw() repeatedly."
950,Reentrancy Variant 950,Reentrancy via delegatecall,State updated after external call,Variant #950: Reentrancy via delegatecall caused by State updated after external call. Attacker reenters contract flow before state update.,Unauthorized repeated withdrawals,Attacker leverages ERC777 tokens to reenter before balance is updated.
951,Reentrancy Variant 951,ERC777-hook reentrancy,Balance checked after transfer,Variant #951: ERC777-hook reentrancy caused by Balance checked after transfer. Attacker reenters contract flow before state update.,Partial draining of pooled funds,Cross-function: deposit() sets state after external token transfer().
952,Reentrancy Variant 952,State-dependent reentrancy,Unsafe external call to attacker contract,Variant #952: State-dependent reentrancy caused by Unsafe external call to attacker contract. Attacker reenters contract flow before state update.,Unauthorized repeated withdrawals,Cross-function: deposit() sets state after external token transfer().
953,Reentrancy Variant 953,Pull-payment reentrancy,Hooks triggered without control flow guard,Variant #953: Pull-payment reentrancy caused by Hooks triggered without control flow guard. Attacker reenters contract flow before state update.,Unauthorized repeated withdrawals,Cross-function: deposit() sets state after external token transfer().
954,Reentrancy Variant 954,Recursive fallback reentrancy,Fallback invoked before state lock,Variant #954: Recursive fallback reentrancy caused by Fallback invoked before state lock. Attacker reenters contract flow before state update.,Token supply manipulation,Attacker leverages ERC777 tokens to reenter before balance is updated.
955,Reentrancy Variant 955,Cross-function reentrancy,Balance checked after transfer,Variant #955: Cross-function reentrancy caused by Balance checked after transfer. Attacker reenters contract flow before state update.,Complete balance drain,Cross-function: deposit() sets state after external token transfer().
956,Reentrancy Variant 956,Cross-contract reentrancy,Balance checked after transfer,Variant #956: Cross-contract reentrancy caused by Balance checked after transfer. Attacker reenters contract flow before state update.,Inflated share minting,Cross-function: deposit() sets state after external token transfer().
957,Reentrancy Variant 957,Read-only reentrancy,Unsafe external call to attacker contract,Variant #957: Read-only reentrancy caused by Unsafe external call to attacker contract. Attacker reenters contract flow before state update.,Bypassing access restrictions,Vault updates shares after sending tokens to attacker contract.
958,Reentrancy Variant 958,Single-function reentrancy,State updated after external call,Variant #958: Single-function reentrancy caused by State updated after external call. Attacker reenters contract flow before state update.,Inflated share minting,Vault updates shares after sending tokens to attacker contract.
959,Reentrancy Variant 959,Recursive fallback reentrancy,Balance checked after transfer,Variant #959: Recursive fallback reentrancy caused by Balance checked after transfer. Attacker reenters contract flow before state update.,Complete balance drain,Cross-function: deposit() sets state after external token transfer().
960,Reentrancy Variant 960,Cross-contract reentrancy,Balance checked after transfer,Variant #960: Cross-contract reentrancy caused by Balance checked after transfer. Attacker reenters contract flow before state update.,Unauthorized repeated withdrawals,Vault updates shares after sending tokens to attacker contract.
961,Reentrancy Variant 961,Withdraw-before-update reentrancy,Balance checked after transfer,Variant #961: Withdraw-before-update reentrancy caused by Balance checked after transfer. Attacker reenters contract flow before state update.,Inflated share minting,Cross-function: deposit() sets state after external token transfer().
962,Reentrancy Variant 962,Withdraw-before-update reentrancy,Hooks triggered without control flow guard,Variant #962: Withdraw-before-update reentrancy caused by Hooks triggered without control flow guard. Attacker reenters contract flow before state update.,Unauthorized repeated withdrawals,Vault updates shares after sending tokens to attacker contract.
963,Reentrancy Variant 963,ERC777-hook reentrancy,Recursive callback before mutation,Variant #963: ERC777-hook reentrancy caused by Recursive callback before mutation. Attacker reenters contract flow before state update.,Partial draining of pooled funds,Vault updates shares after sending tokens to attacker contract.
964,Reentrancy Variant 964,Reentrancy via delegatecall,Multiple entry points sharing same state variable,Variant #964: Reentrancy via delegatecall caused by Multiple entry points sharing same state variable. Attacker reenters contract flow before state update.,Token supply manipulation,Vault updates shares after sending tokens to attacker contract.
965,Reentrancy Variant 965,Pull-payment reentrancy,Hooks triggered without control flow guard,Variant #965: Pull-payment reentrancy caused by Hooks triggered without control flow guard. Attacker reenters contract flow before state update.,Partial draining of pooled funds,Cross-function: deposit() sets state after external token transfer().
966,Reentrancy Variant 966,Pull-payment reentrancy,State updated after external call,Variant #966: Pull-payment reentrancy caused by State updated after external call. Attacker reenters contract flow before state update.,Unauthorized repeated withdrawals,Vault updates shares after sending tokens to attacker contract.
967,Reentrancy Variant 967,Cross-function reentrancy,Balance checked after transfer,Variant #967: Cross-function reentrancy caused by Balance checked after transfer. Attacker reenters contract flow before state update.,Unauthorized repeated withdrawals,Attacker leverages ERC777 tokens to reenter before balance is updated.
968,Reentrancy Variant 968,Single-function reentrancy,Multiple entry points sharing same state variable,Variant #968: Single-function reentrancy caused by Multiple entry points sharing same state variable. Attacker reenters contract flow before state update.,Complete balance drain,Vault updates shares after sending tokens to attacker contract.
969,Reentrancy Variant 969,Read-only reentrancy,Fallback invoked before state lock,Variant #969: Read-only reentrancy caused by Fallback invoked before state lock. Attacker reenters contract flow before state update.,Draining rewards pool,Vault updates shares after sending tokens to attacker contract.
970,Reentrancy Variant 970,Read-only reentrancy,Hooks triggered without control flow guard,Variant #970: Read-only reentrancy caused by Hooks triggered without control flow guard. Attacker reenters contract flow before state update.,Unauthorized repeated withdrawals,Cross-function: deposit() sets state after external token transfer().
971,Reentrancy Variant 971,Cross-function reentrancy,Balance checked after transfer,Variant #971: Cross-function reentrancy caused by Balance checked after transfer. Attacker reenters contract flow before state update.,Draining rewards pool,Cross-function: deposit() sets state after external token transfer().
972,Reentrancy Variant 972,Single-function reentrancy,Missing reentrancy guard,Variant #972: Single-function reentrancy caused by Missing reentrancy guard. Attacker reenters contract flow before state update.,Token supply manipulation,Vault updates shares after sending tokens to attacker contract.
973,Reentrancy Variant 973,Recursive fallback reentrancy,Missing reentrancy guard,Variant #973: Recursive fallback reentrancy caused by Missing reentrancy guard. Attacker reenters contract flow before state update.,Draining rewards pool,Vault updates shares after sending tokens to attacker contract.
974,Reentrancy Variant 974,Withdraw-before-update reentrancy,Unsafe external call to attacker contract,Variant #974: Withdraw-before-update reentrancy caused by Unsafe external call to attacker contract. Attacker reenters contract flow before state update.,Partial draining of pooled funds,Cross-function: deposit() sets state after external token transfer().
975,Reentrancy Variant 975,Single-function reentrancy,Hooks triggered without control flow guard,Variant #975: Single-function reentrancy caused by Hooks triggered without control flow guard. Attacker reenters contract flow before state update.,Token supply manipulation,Attacker leverages ERC777 tokens to reenter before balance is updated.
976,Reentrancy Variant 976,Recursive fallback reentrancy,External call inside loop,Variant #976: Recursive fallback reentrancy caused by External call inside loop. Attacker reenters contract flow before state update.,Inflated share minting,Attacker leverages ERC777 tokens to reenter before balance is updated.
977,Reentrancy Variant 977,Single-function reentrancy,Upgradeable proxy storage collision,Variant #977: Single-function reentrancy caused by Upgradeable proxy storage collision. Attacker reenters contract flow before state update.,Unauthorized repeated withdrawals,"Attacker calls withdraw(), fallback triggers withdraw() repeatedly."
978,Reentrancy Variant 978,Read-only reentrancy,Recursive callback before mutation,Variant #978: Read-only reentrancy caused by Recursive callback before mutation. Attacker reenters contract flow before state update.,Complete balance drain,Attacker leverages ERC777 tokens to reenter before balance is updated.
979,Reentrancy Variant 979,State-dependent reentrancy,State updated after external call,Variant #979: State-dependent reentrancy caused by State updated after external call. Attacker reenters contract flow before state update.,Draining rewards pool,"Attacker calls withdraw(), fallback triggers withdraw() repeatedly."
980,Reentrancy Variant 980,Cross-function reentrancy,Balance checked after transfer,Variant #980: Cross-function reentrancy caused by Balance checked after transfer. Attacker reenters contract flow before state update.,Partial draining of pooled funds,"Attacker calls withdraw(), fallback triggers withdraw() repeatedly."
981,Reentrancy Variant 981,Read-only reentrancy,Recursive callback before mutation,Variant #981: Read-only reentrancy caused by Recursive callback before mutation. Attacker reenters contract flow before state update.,Token supply manipulation,Cross-function: deposit() sets state after external token transfer().
982,Reentrancy Variant 982,Withdraw-before-update reentrancy,Recursive callback before mutation,Variant #982: Withdraw-before-update reentrancy caused by Recursive callback before mutation. Attacker reenters contract flow before state update.,Unauthorized repeated withdrawals,Cross-function: deposit() sets state after external token transfer().
983,Reentrancy Variant 983,Read-only reentrancy,Unsafe external call to attacker contract,Variant #983: Read-only reentrancy caused by Unsafe external call to attacker contract. Attacker reenters contract flow before state update.,Complete balance drain,Attacker leverages ERC777 tokens to reenter before balance is updated.
984,Reentrancy Variant 984,Read-only reentrancy,Missing reentrancy guard,Variant #984: Read-only reentrancy caused by Missing reentrancy guard. Attacker reenters contract flow before state update.,Token supply manipulation,Cross-function: deposit() sets state after external token transfer().
985,Reentrancy Variant 985,Single-function reentrancy,Upgradeable proxy storage collision,Variant #985: Single-function reentrancy caused by Upgradeable proxy storage collision. Attacker reenters contract flow before state update.,Draining rewards pool,Cross-function: deposit() sets state after external token transfer().
986,Reentrancy Variant 986,Cross-function reentrancy,Unsafe external call to attacker contract,Variant #986: Cross-function reentrancy caused by Unsafe external call to attacker contract. Attacker reenters contract flow before state update.,Bypassing access restrictions,"Attacker calls withdraw(), fallback triggers withdraw() repeatedly."
987,Reentrancy Variant 987,ERC777-hook reentrancy,Fallback invoked before state lock,Variant #987: ERC777-hook reentrancy caused by Fallback invoked before state lock. Attacker reenters contract flow before state update.,Token supply manipulation,"Attacker calls withdraw(), fallback triggers withdraw() repeatedly."
988,Reentrancy Variant 988,Cross-function reentrancy,Multiple entry points sharing same state variable,Variant #988: Cross-function reentrancy caused by Multiple entry points sharing same state variable. Attacker reenters contract flow before state update.,Inflated share minting,"Attacker calls withdraw(), fallback triggers withdraw() repeatedly."
989,Reentrancy Variant 989,Pull-payment reentrancy,Recursive callback before mutation,Variant #989: Pull-payment reentrancy caused by Recursive callback before mutation. Attacker reenters contract flow before state update.,Draining rewards pool,Attacker leverages ERC777 tokens to reenter before balance is updated.
990,Reentrancy Variant 990,Cross-function reentrancy,State updated after external call,Variant #990: Cross-function reentrancy caused by State updated after external call. Attacker reenters contract flow before state update.,Complete balance drain,"Attacker calls withdraw(), fallback triggers withdraw() repeatedly."
991,Reentrancy Variant 991,Reentrancy via delegatecall,Unsafe external call to attacker contract,Variant #991: Reentrancy via delegatecall caused by Unsafe external call to attacker contract. Attacker reenters contract flow before state update.,Complete balance drain,Vault updates shares after sending tokens to attacker contract.
992,Reentrancy Variant 992,Read-only reentrancy,Missing reentrancy guard,Variant #992: Read-only reentrancy caused by Missing reentrancy guard. Attacker reenters contract flow before state update.,Inflated share minting,Cross-function: deposit() sets state after external token transfer().
993,Reentrancy Variant 993,State-dependent reentrancy,Missing reentrancy guard,Variant #993: State-dependent reentrancy caused by Missing reentrancy guard. Attacker reenters contract flow before state update.,Token supply manipulation,Vault updates shares after sending tokens to attacker contract.
994,Reentrancy Variant 994,Single-function reentrancy,Missing reentrancy guard,Variant #994: Single-function reentrancy caused by Missing reentrancy guard. Attacker reenters contract flow before state update.,Bypassing access restrictions,Cross-function: deposit() sets state after external token transfer().
995,Reentrancy Variant 995,Recursive fallback reentrancy,Multiple entry points sharing same state variable,Variant #995: Recursive fallback reentrancy caused by Multiple entry points sharing same state variable. Attacker reenters contract flow before state update.,Unauthorized repeated withdrawals,Cross-function: deposit() sets state after external token transfer().
996,Reentrancy Variant 996,Cross-contract reentrancy,State updated after external call,Variant #996: Cross-contract reentrancy caused by State updated after external call. Attacker reenters contract flow before state update.,Unauthorized repeated withdrawals,Vault updates shares after sending tokens to attacker contract.
997,Reentrancy Variant 997,Single-function reentrancy,Multiple entry points sharing same state variable,Variant #997: Single-function reentrancy caused by Multiple entry points sharing same state variable. Attacker reenters contract flow before state update.,Token supply manipulation,Attacker leverages ERC777 tokens to reenter before balance is updated.
998,Reentrancy Variant 998,Read-only reentrancy,Unsafe external call to attacker contract,Variant #998: Read-only reentrancy caused by Unsafe external call to attacker contract. Attacker reenters contract flow before state update.,Bypassing access restrictions,"Attacker calls withdraw(), fallback triggers withdraw() repeatedly."
999,Reentrancy Variant 999,Recursive fallback reentrancy,External call inside loop,Variant #999: Recursive fallback reentrancy caused by External call inside loop. Attacker reenters contract flow before state update.,Unauthorized repeated withdrawals,Vault updates shares after sending tokens to attacker contract.
1000,Reentrancy Variant 1000,Recursive fallback reentrancy,State updated after external call,Variant #1000: Recursive fallback reentrancy caused by State updated after external call. Attacker reenters contract flow before state update.,Bypassing access restrictions,"Attacker calls withdraw(), fallback triggers withdraw() repeatedly."
1001,Reentrancy Variant 1001,Cross-contract reentrancy,External call inside loop,Variant #1001: Cross-contract reentrancy caused by External call inside loop. Attacker reenters contract flow before state update.,Partial draining of pooled funds,Cross-function: deposit() sets state after external token transfer().
1002,Reentrancy Variant 1002,Reentrancy via delegatecall,Fallback invoked before state lock,Variant #1002: Reentrancy via delegatecall caused by Fallback invoked before state lock. Attacker reenters contract flow before state update.,Inflated share minting,Vault updates shares after sending tokens to attacker contract.
1003,Reentrancy Variant 1003,Cross-contract reentrancy,External call inside loop,Variant #1003: Cross-contract reentrancy caused by External call inside loop. Attacker reenters contract flow before state update.,Inflated share minting,Vault updates shares after sending tokens to attacker contract.
1004,Reentrancy Variant 1004,Read-only reentrancy,Unsafe external call to attacker contract,Variant #1004: Read-only reentrancy caused by Unsafe external call to attacker contract. Attacker reenters contract flow before state update.,Complete balance drain,Vault updates shares after sending tokens to attacker contract.
1005,Reentrancy Variant 1005,Cross-contract reentrancy,Upgradeable proxy storage collision,Variant #1005: Cross-contract reentrancy caused by Upgradeable proxy storage collision. Attacker reenters contract flow before state update.,Bypassing access restrictions,"Attacker calls withdraw(), fallback triggers withdraw() repeatedly."
1006,Reentrancy Variant 1006,Withdraw-before-update reentrancy,External call inside loop,Variant #1006: Withdraw-before-update reentrancy caused by External call inside loop. Attacker reenters contract flow before state update.,Token supply manipulation,Attacker leverages ERC777 tokens to reenter before balance is updated.
1007,Reentrancy Variant 1007,Pull-payment reentrancy,Unsafe external call to attacker contract,Variant #1007: Pull-payment reentrancy caused by Unsafe external call to attacker contract. Attacker reenters contract flow before state update.,Inflated share minting,Cross-function: deposit() sets state after external token transfer().
1008,Reentrancy Variant 1008,Single-function reentrancy,Fallback invoked before state lock,Variant #1008: Single-function reentrancy caused by Fallback invoked before state lock. Attacker reenters contract flow before state update.,Inflated share minting,Attacker leverages ERC777 tokens to reenter before balance is updated.
1009,Reentrancy Variant 1009,State-dependent reentrancy,Recursive callback before mutation,Variant #1009: State-dependent reentrancy caused by Recursive callback before mutation. Attacker reenters contract flow before state update.,Complete balance drain,"Attacker calls withdraw(), fallback triggers withdraw() repeatedly."
1010,Reentrancy Variant 1010,Recursive fallback reentrancy,External call inside loop,Variant #1010: Recursive fallback reentrancy caused by External call inside loop. Attacker reenters contract flow before state update.,Inflated share minting,Attacker leverages ERC777 tokens to reenter before balance is updated.
1011,Reentrancy Variant 1011,Recursive fallback reentrancy,External call inside loop,Variant #1011: Recursive fallback reentrancy caused by External call inside loop. Attacker reenters contract flow before state update.,Complete balance drain,Attacker leverages ERC777 tokens to reenter before balance is updated.
1012,Reentrancy Variant 1012,ERC777-hook reentrancy,Balance checked after transfer,Variant #1012: ERC777-hook reentrancy caused by Balance checked after transfer. Attacker reenters contract flow before state update.,Complete balance drain,Cross-function: deposit() sets state after external token transfer().
1013,Reentrancy Variant 1013,Reentrancy via delegatecall,External call inside loop,Variant #1013: Reentrancy via delegatecall caused by External call inside loop. Attacker reenters contract flow before state update.,Draining rewards pool,Cross-function: deposit() sets state after external token transfer().
1014,Reentrancy Variant 1014,Cross-function reentrancy,Recursive callback before mutation,Variant #1014: Cross-function reentrancy caused by Recursive callback before mutation. Attacker reenters contract flow before state update.,Complete balance drain,Vault updates shares after sending tokens to attacker contract.
1015,Reentrancy Variant 1015,Recursive fallback reentrancy,Balance checked after transfer,Variant #1015: Recursive fallback reentrancy caused by Balance checked after transfer. Attacker reenters contract flow before state update.,Inflated share minting,Vault updates shares after sending tokens to attacker contract.
1016,Reentrancy Variant 1016,ERC777-hook reentrancy,Unsafe external call to attacker contract,Variant #1016: ERC777-hook reentrancy caused by Unsafe external call to attacker contract. Attacker reenters contract flow before state update.,Partial draining of pooled funds,Vault updates shares after sending tokens to attacker contract.
1017,Reentrancy Variant 1017,State-dependent reentrancy,Unsafe external call to attacker contract,Variant #1017: State-dependent reentrancy caused by Unsafe external call to attacker contract. Attacker reenters contract flow before state update.,Token supply manipulation,Attacker leverages ERC777 tokens to reenter before balance is updated.
1018,Reentrancy Variant 1018,Cross-function reentrancy,Missing reentrancy guard,Variant #1018: Cross-function reentrancy caused by Missing reentrancy guard. Attacker reenters contract flow before state update.,Complete balance drain,"Attacker calls withdraw(), fallback triggers withdraw() repeatedly."
1019,Reentrancy Variant 1019,Cross-contract reentrancy,Multiple entry points sharing same state variable,Variant #1019: Cross-contract reentrancy caused by Multiple entry points sharing same state variable. Attacker reenters contract flow before state update.,Unauthorized repeated withdrawals,"Attacker calls withdraw(), fallback triggers withdraw() repeatedly."
1020,Reentrancy Variant 1020,Cross-contract reentrancy,Missing reentrancy guard,Variant #1020: Cross-contract reentrancy caused by Missing reentrancy guard. Attacker reenters contract flow before state update.,Complete balance drain,Cross-function: deposit() sets state after external token transfer().
1021,Reentrancy Variant 1021,State-dependent reentrancy,Balance checked after transfer,Variant #1021: State-dependent reentrancy caused by Balance checked after transfer. Attacker reenters contract flow before state update.,Draining rewards pool,"Attacker calls withdraw(), fallback triggers withdraw() repeatedly."
1022,Reentrancy Variant 1022,Cross-function reentrancy,Recursive callback before mutation,Variant #1022: Cross-function reentrancy caused by Recursive callback before mutation. Attacker reenters contract flow before state update.,Partial draining of pooled funds,"Attacker calls withdraw(), fallback triggers withdraw() repeatedly."
1023,Reentrancy Variant 1023,ERC777-hook reentrancy,Multiple entry points sharing same state variable,Variant #1023: ERC777-hook reentrancy caused by Multiple entry points sharing same state variable. Attacker reenters contract flow before state update.,Draining rewards pool,Attacker leverages ERC777 tokens to reenter before balance is updated.
1024,Reentrancy Variant 1024,Pull-payment reentrancy,Fallback invoked before state lock,Variant #1024: Pull-payment reentrancy caused by Fallback invoked before state lock. Attacker reenters contract flow before state update.,Token supply manipulation,"Attacker calls withdraw(), fallback triggers withdraw() repeatedly."
1025,Reentrancy Variant 1025,ERC777-hook reentrancy,State updated after external call,Variant #1025: ERC777-hook reentrancy caused by State updated after external call. Attacker reenters contract flow before state update.,Partial draining of pooled funds,Vault updates shares after sending tokens to attacker contract.
1026,Reentrancy Variant 1026,Recursive fallback reentrancy,Fallback invoked before state lock,Variant #1026: Recursive fallback reentrancy caused by Fallback invoked before state lock. Attacker reenters contract flow before state update.,Token supply manipulation,Attacker leverages ERC777 tokens to reenter before balance is updated.
1027,Reentrancy Variant 1027,State-dependent reentrancy,Balance checked after transfer,Variant #1027: State-dependent reentrancy caused by Balance checked after transfer. Attacker reenters contract flow before state update.,Bypassing access restrictions,Attacker leverages ERC777 tokens to reenter before balance is updated.
1028,Reentrancy Variant 1028,Cross-function reentrancy,Missing reentrancy guard,Variant #1028: Cross-function reentrancy caused by Missing reentrancy guard. Attacker reenters contract flow before state update.,Inflated share minting,Cross-function: deposit() sets state after external token transfer().
1029,Reentrancy Variant 1029,Withdraw-before-update reentrancy,External call inside loop,Variant #1029: Withdraw-before-update reentrancy caused by External call inside loop. Attacker reenters contract flow before state update.,Draining rewards pool,Vault updates shares after sending tokens to attacker contract.
1030,Reentrancy Variant 1030,Withdraw-before-update reentrancy,Upgradeable proxy storage collision,Variant #1030: Withdraw-before-update reentrancy caused by Upgradeable proxy storage collision. Attacker reenters contract flow before state update.,Unauthorized repeated withdrawals,Vault updates shares after sending tokens to attacker contract.
1031,Reentrancy Variant 1031,Pull-payment reentrancy,External call inside loop,Variant #1031: Pull-payment reentrancy caused by External call inside loop. Attacker reenters contract flow before state update.,Inflated share minting,Cross-function: deposit() sets state after external token transfer().
1032,Reentrancy Variant 1032,Pull-payment reentrancy,State updated after external call,Variant #1032: Pull-payment reentrancy caused by State updated after external call. Attacker reenters contract flow before state update.,Complete balance drain,"Attacker calls withdraw(), fallback triggers withdraw() repeatedly."
1033,Reentrancy Variant 1033,ERC777-hook reentrancy,Hooks triggered without control flow guard,Variant #1033: ERC777-hook reentrancy caused by Hooks triggered without control flow guard. Attacker reenters contract flow before state update.,Inflated share minting,Attacker leverages ERC777 tokens to reenter before balance is updated.
1034,Reentrancy Variant 1034,Read-only reentrancy,Missing reentrancy guard,Variant #1034: Read-only reentrancy caused by Missing reentrancy guard. Attacker reenters contract flow before state update.,Draining rewards pool,Vault updates shares after sending tokens to attacker contract.
1035,Reentrancy Variant 1035,Single-function reentrancy,Upgradeable proxy storage collision,Variant #1035: Single-function reentrancy caused by Upgradeable proxy storage collision. Attacker reenters contract flow before state update.,Token supply manipulation,Cross-function: deposit() sets state after external token transfer().
1036,Reentrancy Variant 1036,Read-only reentrancy,Hooks triggered without control flow guard,Variant #1036: Read-only reentrancy caused by Hooks triggered without control flow guard. Attacker reenters contract flow before state update.,Draining rewards pool,Vault updates shares after sending tokens to attacker contract.
1037,Reentrancy Variant 1037,Pull-payment reentrancy,Unsafe external call to attacker contract,Variant #1037: Pull-payment reentrancy caused by Unsafe external call to attacker contract. Attacker reenters contract flow before state update.,Inflated share minting,Attacker leverages ERC777 tokens to reenter before balance is updated.
1038,Reentrancy Variant 1038,Recursive fallback reentrancy,Upgradeable proxy storage collision,Variant #1038: Recursive fallback reentrancy caused by Upgradeable proxy storage collision. Attacker reenters contract flow before state update.,Token supply manipulation,Vault updates shares after sending tokens to attacker contract.
1039,Reentrancy Variant 1039,Withdraw-before-update reentrancy,Fallback invoked before state lock,Variant #1039: Withdraw-before-update reentrancy caused by Fallback invoked before state lock. Attacker reenters contract flow before state update.,Token supply manipulation,Vault updates shares after sending tokens to attacker contract.
1040,Reentrancy Variant 1040,State-dependent reentrancy,Fallback invoked before state lock,Variant #1040: State-dependent reentrancy caused by Fallback invoked before state lock. Attacker reenters contract flow before state update.,Complete balance drain,Vault updates shares after sending tokens to attacker contract.
1041,Reentrancy Variant 1041,Read-only reentrancy,Balance checked after transfer,Variant #1041: Read-only reentrancy caused by Balance checked after transfer. Attacker reenters contract flow before state update.,Partial draining of pooled funds,Cross-function: deposit() sets state after external token transfer().
1042,Reentrancy Variant 1042,ERC777-hook reentrancy,Recursive callback before mutation,Variant #1042: ERC777-hook reentrancy caused by Recursive callback before mutation. Attacker reenters contract flow before state update.,Unauthorized repeated withdrawals,Cross-function: deposit() sets state after external token transfer().
1043,Reentrancy Variant 1043,Reentrancy via delegatecall,State updated after external call,Variant #1043: Reentrancy via delegatecall caused by State updated after external call. Attacker reenters contract flow before state update.,Token supply manipulation,Vault updates shares after sending tokens to attacker contract.
1044,Reentrancy Variant 1044,Reentrancy via delegatecall,Balance checked after transfer,Variant #1044: Reentrancy via delegatecall caused by Balance checked after transfer. Attacker reenters contract flow before state update.,Inflated share minting,Cross-function: deposit() sets state after external token transfer().
1045,Reentrancy Variant 1045,Withdraw-before-update reentrancy,State updated after external call,Variant #1045: Withdraw-before-update reentrancy caused by State updated after external call. Attacker reenters contract flow before state update.,Partial draining of pooled funds,Cross-function: deposit() sets state after external token transfer().
1046,Reentrancy Variant 1046,Withdraw-before-update reentrancy,Balance checked after transfer,Variant #1046: Withdraw-before-update reentrancy caused by Balance checked after transfer. Attacker reenters contract flow before state update.,Draining rewards pool,"Attacker calls withdraw(), fallback triggers withdraw() repeatedly."
1047,Reentrancy Variant 1047,Cross-contract reentrancy,Balance checked after transfer,Variant #1047: Cross-contract reentrancy caused by Balance checked after transfer. Attacker reenters contract flow before state update.,Inflated share minting,"Attacker calls withdraw(), fallback triggers withdraw() repeatedly."
1048,Reentrancy Variant 1048,Pull-payment reentrancy,Hooks triggered without control flow guard,Variant #1048: Pull-payment reentrancy caused by Hooks triggered without control flow guard. Attacker reenters contract flow before state update.,Complete balance drain,"Attacker calls withdraw(), fallback triggers withdraw() repeatedly."
1049,Reentrancy Variant 1049,ERC777-hook reentrancy,Unsafe external call to attacker contract,Variant #1049: ERC777-hook reentrancy caused by Unsafe external call to attacker contract. Attacker reenters contract flow before state update.,Complete balance drain,Cross-function: deposit() sets state after external token transfer().
1050,Reentrancy Variant 1050,Cross-contract reentrancy,Balance checked after transfer,Variant #1050: Cross-contract reentrancy caused by Balance checked after transfer. Attacker reenters contract flow before state update.,Unauthorized repeated withdrawals,Vault updates shares after sending tokens to attacker contract.
1051,Reentrancy Variant 1051,Read-only reentrancy,Fallback invoked before state lock,Variant #1051: Read-only reentrancy caused by Fallback invoked before state lock. Attacker reenters contract flow before state update.,Complete balance drain,Vault updates shares after sending tokens to attacker contract.
1052,Reentrancy Variant 1052,State-dependent reentrancy,External call inside loop,Variant #1052: State-dependent reentrancy caused by External call inside loop. Attacker reenters contract flow before state update.,Draining rewards pool,Attacker leverages ERC777 tokens to reenter before balance is updated.
1053,Reentrancy Variant 1053,Withdraw-before-update reentrancy,Balance checked after transfer,Variant #1053: Withdraw-before-update reentrancy caused by Balance checked after transfer. Attacker reenters contract flow before state update.,Unauthorized repeated withdrawals,Attacker leverages ERC777 tokens to reenter before balance is updated.
1054,Reentrancy Variant 1054,Pull-payment reentrancy,External call inside loop,Variant #1054: Pull-payment reentrancy caused by External call inside loop. Attacker reenters contract flow before state update.,Unauthorized repeated withdrawals,"Attacker calls withdraw(), fallback triggers withdraw() repeatedly."
1055,Reentrancy Variant 1055,Withdraw-before-update reentrancy,Balance checked after transfer,Variant #1055: Withdraw-before-update reentrancy caused by Balance checked after transfer. Attacker reenters contract flow before state update.,Token supply manipulation,Attacker leverages ERC777 tokens to reenter before balance is updated.
1056,Reentrancy Variant 1056,State-dependent reentrancy,Multiple entry points sharing same state variable,Variant #1056: State-dependent reentrancy caused by Multiple entry points sharing same state variable. Attacker reenters contract flow before state update.,Partial draining of pooled funds,Vault updates shares after sending tokens to attacker contract.
1057,Reentrancy Variant 1057,Cross-function reentrancy,Missing reentrancy guard,Variant #1057: Cross-function reentrancy caused by Missing reentrancy guard. Attacker reenters contract flow before state update.,Token supply manipulation,Cross-function: deposit() sets state after external token transfer().
1058,Reentrancy Variant 1058,Read-only reentrancy,Multiple entry points sharing same state variable,Variant #1058: Read-only reentrancy caused by Multiple entry points sharing same state variable. Attacker reenters contract flow before state update.,Token supply manipulation,Attacker leverages ERC777 tokens to reenter before balance is updated.
1059,Reentrancy Variant 1059,Recursive fallback reentrancy,Hooks triggered without control flow guard,Variant #1059: Recursive fallback reentrancy caused by Hooks triggered without control flow guard. Attacker reenters contract flow before state update.,Complete balance drain,Vault updates shares after sending tokens to attacker contract.
1060,Reentrancy Variant 1060,Recursive fallback reentrancy,Multiple entry points sharing same state variable,Variant #1060: Recursive fallback reentrancy caused by Multiple entry points sharing same state variable. Attacker reenters contract flow before state update.,Inflated share minting,Attacker leverages ERC777 tokens to reenter before balance is updated.
1061,Reentrancy Variant 1061,Cross-contract reentrancy,Upgradeable proxy storage collision,Variant #1061: Cross-contract reentrancy caused by Upgradeable proxy storage collision. Attacker reenters contract flow before state update.,Partial draining of pooled funds,"Attacker calls withdraw(), fallback triggers withdraw() repeatedly."
1062,Reentrancy Variant 1062,Cross-function reentrancy,Unsafe external call to attacker contract,Variant #1062: Cross-function reentrancy caused by Unsafe external call to attacker contract. Attacker reenters contract flow before state update.,Inflated share minting,Vault updates shares after sending tokens to attacker contract.
1063,Reentrancy Variant 1063,State-dependent reentrancy,External call inside loop,Variant #1063: State-dependent reentrancy caused by External call inside loop. Attacker reenters contract flow before state update.,Partial draining of pooled funds,"Attacker calls withdraw(), fallback triggers withdraw() repeatedly."
1064,Reentrancy Variant 1064,Withdraw-before-update reentrancy,Fallback invoked before state lock,Variant #1064: Withdraw-before-update reentrancy caused by Fallback invoked before state lock. Attacker reenters contract flow before state update.,Token supply manipulation,Attacker leverages ERC777 tokens to reenter before balance is updated.
1065,Reentrancy Variant 1065,Reentrancy via delegatecall,Recursive callback before mutation,Variant #1065: Reentrancy via delegatecall caused by Recursive callback before mutation. Attacker reenters contract flow before state update.,Partial draining of pooled funds,Vault updates shares after sending tokens to attacker contract.
1066,Reentrancy Variant 1066,Pull-payment reentrancy,Upgradeable proxy storage collision,Variant #1066: Pull-payment reentrancy caused by Upgradeable proxy storage collision. Attacker reenters contract flow before state update.,Partial draining of pooled funds,"Attacker calls withdraw(), fallback triggers withdraw() repeatedly."
1067,Reentrancy Variant 1067,ERC777-hook reentrancy,State updated after external call,Variant #1067: ERC777-hook reentrancy caused by State updated after external call. Attacker reenters contract flow before state update.,Unauthorized repeated withdrawals,Cross-function: deposit() sets state after external token transfer().
1068,Reentrancy Variant 1068,Cross-function reentrancy,Upgradeable proxy storage collision,Variant #1068: Cross-function reentrancy caused by Upgradeable proxy storage collision. Attacker reenters contract flow before state update.,Unauthorized repeated withdrawals,Cross-function: deposit() sets state after external token transfer().
1069,Reentrancy Variant 1069,State-dependent reentrancy,State updated after external call,Variant #1069: State-dependent reentrancy caused by State updated after external call. Attacker reenters contract flow before state update.,Complete balance drain,Cross-function: deposit() sets state after external token transfer().
1070,Reentrancy Variant 1070,Single-function reentrancy,Hooks triggered without control flow guard,Variant #1070: Single-function reentrancy caused by Hooks triggered without control flow guard. Attacker reenters contract flow before state update.,Token supply manipulation,Cross-function: deposit() sets state after external token transfer().
1071,Reentrancy Variant 1071,Single-function reentrancy,Upgradeable proxy storage collision,Variant #1071: Single-function reentrancy caused by Upgradeable proxy storage collision. Attacker reenters contract flow before state update.,Complete balance drain,Attacker leverages ERC777 tokens to reenter before balance is updated.
1072,Reentrancy Variant 1072,Cross-function reentrancy,Unsafe external call to attacker contract,Variant #1072: Cross-function reentrancy caused by Unsafe external call to attacker contract. Attacker reenters contract flow before state update.,Bypassing access restrictions,Vault updates shares after sending tokens to attacker contract.
1073,Reentrancy Variant 1073,Cross-function reentrancy,External call inside loop,Variant #1073: Cross-function reentrancy caused by External call inside loop. Attacker reenters contract flow before state update.,Unauthorized repeated withdrawals,Cross-function: deposit() sets state after external token transfer().
1074,Reentrancy Variant 1074,Cross-function reentrancy,Hooks triggered without control flow guard,Variant #1074: Cross-function reentrancy caused by Hooks triggered without control flow guard. Attacker reenters contract flow before state update.,Inflated share minting,Attacker leverages ERC777 tokens to reenter before balance is updated.
1075,Reentrancy Variant 1075,State-dependent reentrancy,Unsafe external call to attacker contract,Variant #1075: State-dependent reentrancy caused by Unsafe external call to attacker contract. Attacker reenters contract flow before state update.,Draining rewards pool,Cross-function: deposit() sets state after external token transfer().
1076,Reentrancy Variant 1076,Recursive fallback reentrancy,Multiple entry points sharing same state variable,Variant #1076: Recursive fallback reentrancy caused by Multiple entry points sharing same state variable. Attacker reenters contract flow before state update.,Unauthorized repeated withdrawals,Vault updates shares after sending tokens to attacker contract.
1077,Reentrancy Variant 1077,Withdraw-before-update reentrancy,Fallback invoked before state lock,Variant #1077: Withdraw-before-update reentrancy caused by Fallback invoked before state lock. Attacker reenters contract flow before state update.,Inflated share minting,Cross-function: deposit() sets state after external token transfer().
1078,Reentrancy Variant 1078,Single-function reentrancy,Hooks triggered without control flow guard,Variant #1078: Single-function reentrancy caused by Hooks triggered without control flow guard. Attacker reenters contract flow before state update.,Inflated share minting,Cross-function: deposit() sets state after external token transfer().
1079,Reentrancy Variant 1079,State-dependent reentrancy,Upgradeable proxy storage collision,Variant #1079: State-dependent reentrancy caused by Upgradeable proxy storage collision. Attacker reenters contract flow before state update.,Token supply manipulation,Attacker leverages ERC777 tokens to reenter before balance is updated.
1080,Reentrancy Variant 1080,Cross-function reentrancy,Recursive callback before mutation,Variant #1080: Cross-function reentrancy caused by Recursive callback before mutation. Attacker reenters contract flow before state update.,Complete balance drain,"Attacker calls withdraw(), fallback triggers withdraw() repeatedly."
1081,Reentrancy Variant 1081,Withdraw-before-update reentrancy,Balance checked after transfer,Variant #1081: Withdraw-before-update reentrancy caused by Balance checked after transfer. Attacker reenters contract flow before state update.,Unauthorized repeated withdrawals,Attacker leverages ERC777 tokens to reenter before balance is updated.
1082,Reentrancy Variant 1082,Read-only reentrancy,Hooks triggered without control flow guard,Variant #1082: Read-only reentrancy caused by Hooks triggered without control flow guard. Attacker reenters contract flow before state update.,Token supply manipulation,Vault updates shares after sending tokens to attacker contract.
1083,Reentrancy Variant 1083,State-dependent reentrancy,Upgradeable proxy storage collision,Variant #1083: State-dependent reentrancy caused by Upgradeable proxy storage collision. Attacker reenters contract flow before state update.,Unauthorized repeated withdrawals,Attacker leverages ERC777 tokens to reenter before balance is updated.
1084,Reentrancy Variant 1084,Cross-function reentrancy,State updated after external call,Variant #1084: Cross-function reentrancy caused by State updated after external call. Attacker reenters contract flow before state update.,Complete balance drain,Cross-function: deposit() sets state after external token transfer().
1085,Reentrancy Variant 1085,Read-only reentrancy,Recursive callback before mutation,Variant #1085: Read-only reentrancy caused by Recursive callback before mutation. Attacker reenters contract flow before state update.,Token supply manipulation,Attacker leverages ERC777 tokens to reenter before balance is updated.
1086,Reentrancy Variant 1086,State-dependent reentrancy,State updated after external call,Variant #1086: State-dependent reentrancy caused by State updated after external call. Attacker reenters contract flow before state update.,Partial draining of pooled funds,Cross-function: deposit() sets state after external token transfer().
1087,Reentrancy Variant 1087,Cross-function reentrancy,Balance checked after transfer,Variant #1087: Cross-function reentrancy caused by Balance checked after transfer. Attacker reenters contract flow before state update.,Bypassing access restrictions,Attacker leverages ERC777 tokens to reenter before balance is updated.
1088,Reentrancy Variant 1088,Reentrancy via delegatecall,External call inside loop,Variant #1088: Reentrancy via delegatecall caused by External call inside loop. Attacker reenters contract flow before state update.,Token supply manipulation,Cross-function: deposit() sets state after external token transfer().
1089,Reentrancy Variant 1089,ERC777-hook reentrancy,Upgradeable proxy storage collision,Variant #1089: ERC777-hook reentrancy caused by Upgradeable proxy storage collision. Attacker reenters contract flow before state update.,Draining rewards pool,"Attacker calls withdraw(), fallback triggers withdraw() repeatedly."
1090,Reentrancy Variant 1090,Reentrancy via delegatecall,Balance checked after transfer,Variant #1090: Reentrancy via delegatecall caused by Balance checked after transfer. Attacker reenters contract flow before state update.,Token supply manipulation,Cross-function: deposit() sets state after external token transfer().
1091,Reentrancy Variant 1091,Read-only reentrancy,Multiple entry points sharing same state variable,Variant #1091: Read-only reentrancy caused by Multiple entry points sharing same state variable. Attacker reenters contract flow before state update.,Inflated share minting,Vault updates shares after sending tokens to attacker contract.
1092,Reentrancy Variant 1092,State-dependent reentrancy,Unsafe external call to attacker contract,Variant #1092: State-dependent reentrancy caused by Unsafe external call to attacker contract. Attacker reenters contract flow before state update.,Complete balance drain,Vault updates shares after sending tokens to attacker contract.
1093,Reentrancy Variant 1093,Cross-contract reentrancy,Fallback invoked before state lock,Variant #1093: Cross-contract reentrancy caused by Fallback invoked before state lock. Attacker reenters contract flow before state update.,Partial draining of pooled funds,Attacker leverages ERC777 tokens to reenter before balance is updated.
1094,Reentrancy Variant 1094,Cross-contract reentrancy,Missing reentrancy guard,Variant #1094: Cross-contract reentrancy caused by Missing reentrancy guard. Attacker reenters contract flow before state update.,Partial draining of pooled funds,Vault updates shares after sending tokens to attacker contract.
1095,Reentrancy Variant 1095,Read-only reentrancy,State updated after external call,Variant #1095: Read-only reentrancy caused by State updated after external call. Attacker reenters contract flow before state update.,Partial draining of pooled funds,Vault updates shares after sending tokens to attacker contract.
1096,Reentrancy Variant 1096,Recursive fallback reentrancy,Balance checked after transfer,Variant #1096: Recursive fallback reentrancy caused by Balance checked after transfer. Attacker reenters contract flow before state update.,Unauthorized repeated withdrawals,"Attacker calls withdraw(), fallback triggers withdraw() repeatedly."
1097,Reentrancy Variant 1097,Cross-contract reentrancy,Balance checked after transfer,Variant #1097: Cross-contract reentrancy caused by Balance checked after transfer. Attacker reenters contract flow before state update.,Draining rewards pool,Vault updates shares after sending tokens to attacker contract.
1098,Reentrancy Variant 1098,Pull-payment reentrancy,Fallback invoked before state lock,Variant #1098: Pull-payment reentrancy caused by Fallback invoked before state lock. Attacker reenters contract flow before state update.,Unauthorized repeated withdrawals,Attacker leverages ERC777 tokens to reenter before balance is updated.
1099,Reentrancy Variant 1099,Read-only reentrancy,Unsafe external call to attacker contract,Variant #1099: Read-only reentrancy caused by Unsafe external call to attacker contract. Attacker reenters contract flow before state update.,Complete balance drain,Cross-function: deposit() sets state after external token transfer().
1100,Reentrancy Variant 1100,ERC777-hook reentrancy,Missing reentrancy guard,Variant #1100: ERC777-hook reentrancy caused by Missing reentrancy guard. Attacker reenters contract flow before state update.,Draining rewards pool,Cross-function: deposit() sets state after external token transfer().
1101,Reentrancy Variant 1101,Recursive fallback reentrancy,State updated after external call,Variant #1101: Recursive fallback reentrancy caused by State updated after external call. Attacker reenters contract flow before state update.,Partial draining of pooled funds,Cross-function: deposit() sets state after external token transfer().
1102,Reentrancy Variant 1102,Reentrancy via delegatecall,External call inside loop,Variant #1102: Reentrancy via delegatecall caused by External call inside loop. Attacker reenters contract flow before state update.,Complete balance drain,Cross-function: deposit() sets state after external token transfer().
1103,Reentrancy Variant 1103,Recursive fallback reentrancy,External call inside loop,Variant #1103: Recursive fallback reentrancy caused by External call inside loop. Attacker reenters contract flow before state update.,Complete balance drain,Attacker leverages ERC777 tokens to reenter before balance is updated.
1104,Reentrancy Variant 1104,Withdraw-before-update reentrancy,Upgradeable proxy storage collision,Variant #1104: Withdraw-before-update reentrancy caused by Upgradeable proxy storage collision. Attacker reenters contract flow before state update.,Unauthorized repeated withdrawals,Vault updates shares after sending tokens to attacker contract.
1105,Reentrancy Variant 1105,ERC777-hook reentrancy,External call inside loop,Variant #1105: ERC777-hook reentrancy caused by External call inside loop. Attacker reenters contract flow before state update.,Partial draining of pooled funds,Cross-function: deposit() sets state after external token transfer().
1106,Reentrancy Variant 1106,Read-only reentrancy,Upgradeable proxy storage collision,Variant #1106: Read-only reentrancy caused by Upgradeable proxy storage collision. Attacker reenters contract flow before state update.,Partial draining of pooled funds,"Attacker calls withdraw(), fallback triggers withdraw() repeatedly."
1107,Reentrancy Variant 1107,Single-function reentrancy,Recursive callback before mutation,Variant #1107: Single-function reentrancy caused by Recursive callback before mutation. Attacker reenters contract flow before state update.,Complete balance drain,"Attacker calls withdraw(), fallback triggers withdraw() repeatedly."
1108,Reentrancy Variant 1108,Read-only reentrancy,Balance checked after transfer,Variant #1108: Read-only reentrancy caused by Balance checked after transfer. Attacker reenters contract flow before state update.,Unauthorized repeated withdrawals,Cross-function: deposit() sets state after external token transfer().
1109,Reentrancy Variant 1109,State-dependent reentrancy,Missing reentrancy guard,Variant #1109: State-dependent reentrancy caused by Missing reentrancy guard. Attacker reenters contract flow before state update.,Bypassing access restrictions,Vault updates shares after sending tokens to attacker contract.
1110,Reentrancy Variant 1110,Withdraw-before-update reentrancy,Unsafe external call to attacker contract,Variant #1110: Withdraw-before-update reentrancy caused by Unsafe external call to attacker contract. Attacker reenters contract flow before state update.,Unauthorized repeated withdrawals,Cross-function: deposit() sets state after external token transfer().
1111,Reentrancy Variant 1111,Withdraw-before-update reentrancy,Hooks triggered without control flow guard,Variant #1111: Withdraw-before-update reentrancy caused by Hooks triggered without control flow guard. Attacker reenters contract flow before state update.,Token supply manipulation,Vault updates shares after sending tokens to attacker contract.
1112,Reentrancy Variant 1112,Recursive fallback reentrancy,Upgradeable proxy storage collision,Variant #1112: Recursive fallback reentrancy caused by Upgradeable proxy storage collision. Attacker reenters contract flow before state update.,Draining rewards pool,Vault updates shares after sending tokens to attacker contract.
1113,Reentrancy Variant 1113,Withdraw-before-update reentrancy,Hooks triggered without control flow guard,Variant #1113: Withdraw-before-update reentrancy caused by Hooks triggered without control flow guard. Attacker reenters contract flow before state update.,Complete balance drain,Cross-function: deposit() sets state after external token transfer().
1114,Reentrancy Variant 1114,Cross-function reentrancy,Missing reentrancy guard,Variant #1114: Cross-function reentrancy caused by Missing reentrancy guard. Attacker reenters contract flow before state update.,Unauthorized repeated withdrawals,"Attacker calls withdraw(), fallback triggers withdraw() repeatedly."
1115,Reentrancy Variant 1115,Cross-contract reentrancy,Fallback invoked before state lock,Variant #1115: Cross-contract reentrancy caused by Fallback invoked before state lock. Attacker reenters contract flow before state update.,Draining rewards pool,"Attacker calls withdraw(), fallback triggers withdraw() repeatedly."
1116,Reentrancy Variant 1116,Single-function reentrancy,State updated after external call,Variant #1116: Single-function reentrancy caused by State updated after external call. Attacker reenters contract flow before state update.,Partial draining of pooled funds,Attacker leverages ERC777 tokens to reenter before balance is updated.
1117,Reentrancy Variant 1117,Withdraw-before-update reentrancy,Multiple entry points sharing same state variable,Variant #1117: Withdraw-before-update reentrancy caused by Multiple entry points sharing same state variable. Attacker reenters contract flow before state update.,Unauthorized repeated withdrawals,Vault updates shares after sending tokens to attacker contract.
1118,Reentrancy Variant 1118,Pull-payment reentrancy,Unsafe external call to attacker contract,Variant #1118: Pull-payment reentrancy caused by Unsafe external call to attacker contract. Attacker reenters contract flow before state update.,Complete balance drain,Attacker leverages ERC777 tokens to reenter before balance is updated.
1119,Reentrancy Variant 1119,Cross-contract reentrancy,Upgradeable proxy storage collision,Variant #1119: Cross-contract reentrancy caused by Upgradeable proxy storage collision. Attacker reenters contract flow before state update.,Draining rewards pool,"Attacker calls withdraw(), fallback triggers withdraw() repeatedly."
1120,Reentrancy Variant 1120,Pull-payment reentrancy,State updated after external call,Variant #1120: Pull-payment reentrancy caused by State updated after external call. Attacker reenters contract flow before state update.,Bypassing access restrictions,Cross-function: deposit() sets state after external token transfer().
1121,Reentrancy Variant 1121,Reentrancy via delegatecall,Upgradeable proxy storage collision,Variant #1121: Reentrancy via delegatecall caused by Upgradeable proxy storage collision. Attacker reenters contract flow before state update.,Partial draining of pooled funds,Cross-function: deposit() sets state after external token transfer().
1122,Reentrancy Variant 1122,Recursive fallback reentrancy,State updated after external call,Variant #1122: Recursive fallback reentrancy caused by State updated after external call. Attacker reenters contract flow before state update.,Token supply manipulation,Cross-function: deposit() sets state after external token transfer().
1123,Reentrancy Variant 1123,Recursive fallback reentrancy,Multiple entry points sharing same state variable,Variant #1123: Recursive fallback reentrancy caused by Multiple entry points sharing same state variable. Attacker reenters contract flow before state update.,Complete balance drain,"Attacker calls withdraw(), fallback triggers withdraw() repeatedly."
1124,Reentrancy Variant 1124,ERC777-hook reentrancy,State updated after external call,Variant #1124: ERC777-hook reentrancy caused by State updated after external call. Attacker reenters contract flow before state update.,Inflated share minting,Vault updates shares after sending tokens to attacker contract.
1125,Reentrancy Variant 1125,Pull-payment reentrancy,Unsafe external call to attacker contract,Variant #1125: Pull-payment reentrancy caused by Unsafe external call to attacker contract. Attacker reenters contract flow before state update.,Draining rewards pool,Attacker leverages ERC777 tokens to reenter before balance is updated.
1126,Reentrancy Variant 1126,Single-function reentrancy,Fallback invoked before state lock,Variant #1126: Single-function reentrancy caused by Fallback invoked before state lock. Attacker reenters contract flow before state update.,Inflated share minting,Cross-function: deposit() sets state after external token transfer().
1127,Reentrancy Variant 1127,Single-function reentrancy,Recursive callback before mutation,Variant #1127: Single-function reentrancy caused by Recursive callback before mutation. Attacker reenters contract flow before state update.,Unauthorized repeated withdrawals,"Attacker calls withdraw(), fallback triggers withdraw() repeatedly."
1128,Reentrancy Variant 1128,Single-function reentrancy,Balance checked after transfer,Variant #1128: Single-function reentrancy caused by Balance checked after transfer. Attacker reenters contract flow before state update.,Bypassing access restrictions,Cross-function: deposit() sets state after external token transfer().
1129,Reentrancy Variant 1129,Recursive fallback reentrancy,Fallback invoked before state lock,Variant #1129: Recursive fallback reentrancy caused by Fallback invoked before state lock. Attacker reenters contract flow before state update.,Unauthorized repeated withdrawals,"Attacker calls withdraw(), fallback triggers withdraw() repeatedly."
1130,Reentrancy Variant 1130,State-dependent reentrancy,Fallback invoked before state lock,Variant #1130: State-dependent reentrancy caused by Fallback invoked before state lock. Attacker reenters contract flow before state update.,Complete balance drain,Vault updates shares after sending tokens to attacker contract.
1131,Reentrancy Variant 1131,Recursive fallback reentrancy,Unsafe external call to attacker contract,Variant #1131: Recursive fallback reentrancy caused by Unsafe external call to attacker contract. Attacker reenters contract flow before state update.,Token supply manipulation,Vault updates shares after sending tokens to attacker contract.
1132,Reentrancy Variant 1132,Reentrancy via delegatecall,Upgradeable proxy storage collision,Variant #1132: Reentrancy via delegatecall caused by Upgradeable proxy storage collision. Attacker reenters contract flow before state update.,Partial draining of pooled funds,"Attacker calls withdraw(), fallback triggers withdraw() repeatedly."
1133,Reentrancy Variant 1133,Reentrancy via delegatecall,Upgradeable proxy storage collision,Variant #1133: Reentrancy via delegatecall caused by Upgradeable proxy storage collision. Attacker reenters contract flow before state update.,Inflated share minting,Vault updates shares after sending tokens to attacker contract.
1134,Reentrancy Variant 1134,Withdraw-before-update reentrancy,Multiple entry points sharing same state variable,Variant #1134: Withdraw-before-update reentrancy caused by Multiple entry points sharing same state variable. Attacker reenters contract flow before state update.,Bypassing access restrictions,Vault updates shares after sending tokens to attacker contract.
1135,Reentrancy Variant 1135,Read-only reentrancy,Balance checked after transfer,Variant #1135: Read-only reentrancy caused by Balance checked after transfer. Attacker reenters contract flow before state update.,Complete balance drain,Attacker leverages ERC777 tokens to reenter before balance is updated.
1136,Reentrancy Variant 1136,Recursive fallback reentrancy,Unsafe external call to attacker contract,Variant #1136: Recursive fallback reentrancy caused by Unsafe external call to attacker contract. Attacker reenters contract flow before state update.,Bypassing access restrictions,"Attacker calls withdraw(), fallback triggers withdraw() repeatedly."
1137,Reentrancy Variant 1137,Recursive fallback reentrancy,Fallback invoked before state lock,Variant #1137: Recursive fallback reentrancy caused by Fallback invoked before state lock. Attacker reenters contract flow before state update.,Bypassing access restrictions,Cross-function: deposit() sets state after external token transfer().
1138,Reentrancy Variant 1138,ERC777-hook reentrancy,Recursive callback before mutation,Variant #1138: ERC777-hook reentrancy caused by Recursive callback before mutation. Attacker reenters contract flow before state update.,Unauthorized repeated withdrawals,"Attacker calls withdraw(), fallback triggers withdraw() repeatedly."
1139,Reentrancy Variant 1139,State-dependent reentrancy,Upgradeable proxy storage collision,Variant #1139: State-dependent reentrancy caused by Upgradeable proxy storage collision. Attacker reenters contract flow before state update.,Bypassing access restrictions,Cross-function: deposit() sets state after external token transfer().
1140,Reentrancy Variant 1140,Single-function reentrancy,Fallback invoked before state lock,Variant #1140: Single-function reentrancy caused by Fallback invoked before state lock. Attacker reenters contract flow before state update.,Unauthorized repeated withdrawals,Attacker leverages ERC777 tokens to reenter before balance is updated.
1141,Reentrancy Variant 1141,State-dependent reentrancy,External call inside loop,Variant #1141: State-dependent reentrancy caused by External call inside loop. Attacker reenters contract flow before state update.,Complete balance drain,"Attacker calls withdraw(), fallback triggers withdraw() repeatedly."
1142,Reentrancy Variant 1142,ERC777-hook reentrancy,Missing reentrancy guard,Variant #1142: ERC777-hook reentrancy caused by Missing reentrancy guard. Attacker reenters contract flow before state update.,Token supply manipulation,Attacker leverages ERC777 tokens to reenter before balance is updated.
1143,Reentrancy Variant 1143,Read-only reentrancy,External call inside loop,Variant #1143: Read-only reentrancy caused by External call inside loop. Attacker reenters contract flow before state update.,Token supply manipulation,Vault updates shares after sending tokens to attacker contract.
1144,Reentrancy Variant 1144,Withdraw-before-update reentrancy,Fallback invoked before state lock,Variant #1144: Withdraw-before-update reentrancy caused by Fallback invoked before state lock. Attacker reenters contract flow before state update.,Bypassing access restrictions,Cross-function: deposit() sets state after external token transfer().
1145,Reentrancy Variant 1145,Reentrancy via delegatecall,State updated after external call,Variant #1145: Reentrancy via delegatecall caused by State updated after external call. Attacker reenters contract flow before state update.,Unauthorized repeated withdrawals,"Attacker calls withdraw(), fallback triggers withdraw() repeatedly."
1146,Reentrancy Variant 1146,Read-only reentrancy,Unsafe external call to attacker contract,Variant #1146: Read-only reentrancy caused by Unsafe external call to attacker contract. Attacker reenters contract flow before state update.,Unauthorized repeated withdrawals,Cross-function: deposit() sets state after external token transfer().
1147,Reentrancy Variant 1147,Pull-payment reentrancy,Unsafe external call to attacker contract,Variant #1147: Pull-payment reentrancy caused by Unsafe external call to attacker contract. Attacker reenters contract flow before state update.,Draining rewards pool,"Attacker calls withdraw(), fallback triggers withdraw() repeatedly."
1148,Reentrancy Variant 1148,State-dependent reentrancy,Balance checked after transfer,Variant #1148: State-dependent reentrancy caused by Balance checked after transfer. Attacker reenters contract flow before state update.,Draining rewards pool,"Attacker calls withdraw(), fallback triggers withdraw() repeatedly."
1149,Reentrancy Variant 1149,Recursive fallback reentrancy,Fallback invoked before state lock,Variant #1149: Recursive fallback reentrancy caused by Fallback invoked before state lock. Attacker reenters contract flow before state update.,Inflated share minting,"Attacker calls withdraw(), fallback triggers withdraw() repeatedly."
1150,Reentrancy Variant 1150,Single-function reentrancy,Upgradeable proxy storage collision,Variant #1150: Single-function reentrancy caused by Upgradeable proxy storage collision. Attacker reenters contract flow before state update.,Draining rewards pool,Attacker leverages ERC777 tokens to reenter before balance is updated.
1151,Reentrancy Variant 1151,State-dependent reentrancy,Missing reentrancy guard,Variant #1151: State-dependent reentrancy caused by Missing reentrancy guard. Attacker reenters contract flow before state update.,Bypassing access restrictions,Attacker leverages ERC777 tokens to reenter before balance is updated.
1152,Reentrancy Variant 1152,Read-only reentrancy,Balance checked after transfer,Variant #1152: Read-only reentrancy caused by Balance checked after transfer. Attacker reenters contract flow before state update.,Unauthorized repeated withdrawals,"Attacker calls withdraw(), fallback triggers withdraw() repeatedly."
1153,Reentrancy Variant 1153,Pull-payment reentrancy,Upgradeable proxy storage collision,Variant #1153: Pull-payment reentrancy caused by Upgradeable proxy storage collision. Attacker reenters contract flow before state update.,Draining rewards pool,Cross-function: deposit() sets state after external token transfer().
1154,Reentrancy Variant 1154,Cross-function reentrancy,External call inside loop,Variant #1154: Cross-function reentrancy caused by External call inside loop. Attacker reenters contract flow before state update.,Inflated share minting,Vault updates shares after sending tokens to attacker contract.
1155,Reentrancy Variant 1155,Read-only reentrancy,Multiple entry points sharing same state variable,Variant #1155: Read-only reentrancy caused by Multiple entry points sharing same state variable. Attacker reenters contract flow before state update.,Complete balance drain,Attacker leverages ERC777 tokens to reenter before balance is updated.
1156,Reentrancy Variant 1156,Reentrancy via delegatecall,Recursive callback before mutation,Variant #1156: Reentrancy via delegatecall caused by Recursive callback before mutation. Attacker reenters contract flow before state update.,Complete balance drain,"Attacker calls withdraw(), fallback triggers withdraw() repeatedly."
1157,Reentrancy Variant 1157,State-dependent reentrancy,Missing reentrancy guard,Variant #1157: State-dependent reentrancy caused by Missing reentrancy guard. Attacker reenters contract flow before state update.,Bypassing access restrictions,Vault updates shares after sending tokens to attacker contract.
1158,Reentrancy Variant 1158,Pull-payment reentrancy,Unsafe external call to attacker contract,Variant #1158: Pull-payment reentrancy caused by Unsafe external call to attacker contract. Attacker reenters contract flow before state update.,Unauthorized repeated withdrawals,Vault updates shares after sending tokens to attacker contract.
1159,Reentrancy Variant 1159,Cross-contract reentrancy,External call inside loop,Variant #1159: Cross-contract reentrancy caused by External call inside loop. Attacker reenters contract flow before state update.,Complete balance drain,"Attacker calls withdraw(), fallback triggers withdraw() repeatedly."
1160,Reentrancy Variant 1160,Recursive fallback reentrancy,Hooks triggered without control flow guard,Variant #1160: Recursive fallback reentrancy caused by Hooks triggered without control flow guard. Attacker reenters contract flow before state update.,Inflated share minting,Cross-function: deposit() sets state after external token transfer().
1161,Reentrancy Variant 1161,Single-function reentrancy,Unsafe external call to attacker contract,Variant #1161: Single-function reentrancy caused by Unsafe external call to attacker contract. Attacker reenters contract flow before state update.,Draining rewards pool,Cross-function: deposit() sets state after external token transfer().
1162,Reentrancy Variant 1162,Read-only reentrancy,Unsafe external call to attacker contract,Variant #1162: Read-only reentrancy caused by Unsafe external call to attacker contract. Attacker reenters contract flow before state update.,Partial draining of pooled funds,Cross-function: deposit() sets state after external token transfer().
1163,Reentrancy Variant 1163,Single-function reentrancy,Unsafe external call to attacker contract,Variant #1163: Single-function reentrancy caused by Unsafe external call to attacker contract. Attacker reenters contract flow before state update.,Bypassing access restrictions,"Attacker calls withdraw(), fallback triggers withdraw() repeatedly."
1164,Reentrancy Variant 1164,Recursive fallback reentrancy,Balance checked after transfer,Variant #1164: Recursive fallback reentrancy caused by Balance checked after transfer. Attacker reenters contract flow before state update.,Bypassing access restrictions,"Attacker calls withdraw(), fallback triggers withdraw() repeatedly."
1165,Reentrancy Variant 1165,Read-only reentrancy,External call inside loop,Variant #1165: Read-only reentrancy caused by External call inside loop. Attacker reenters contract flow before state update.,Bypassing access restrictions,Attacker leverages ERC777 tokens to reenter before balance is updated.
1166,Reentrancy Variant 1166,Cross-function reentrancy,Recursive callback before mutation,Variant #1166: Cross-function reentrancy caused by Recursive callback before mutation. Attacker reenters contract flow before state update.,Complete balance drain,Cross-function: deposit() sets state after external token transfer().
1167,Reentrancy Variant 1167,Reentrancy via delegatecall,External call inside loop,Variant #1167: Reentrancy via delegatecall caused by External call inside loop. Attacker reenters contract flow before state update.,Complete balance drain,Cross-function: deposit() sets state after external token transfer().
1168,Reentrancy Variant 1168,Cross-contract reentrancy,Multiple entry points sharing same state variable,Variant #1168: Cross-contract reentrancy caused by Multiple entry points sharing same state variable. Attacker reenters contract flow before state update.,Draining rewards pool,Vault updates shares after sending tokens to attacker contract.
1169,Reentrancy Variant 1169,Recursive fallback reentrancy,Recursive callback before mutation,Variant #1169: Recursive fallback reentrancy caused by Recursive callback before mutation. Attacker reenters contract flow before state update.,Complete balance drain,Cross-function: deposit() sets state after external token transfer().
1170,Reentrancy Variant 1170,Withdraw-before-update reentrancy,Multiple entry points sharing same state variable,Variant #1170: Withdraw-before-update reentrancy caused by Multiple entry points sharing same state variable. Attacker reenters contract flow before state update.,Draining rewards pool,Cross-function: deposit() sets state after external token transfer().
1171,Reentrancy Variant 1171,Reentrancy via delegatecall,Fallback invoked before state lock,Variant #1171: Reentrancy via delegatecall caused by Fallback invoked before state lock. Attacker reenters contract flow before state update.,Token supply manipulation,Attacker leverages ERC777 tokens to reenter before balance is updated.
1172,Reentrancy Variant 1172,Pull-payment reentrancy,External call inside loop,Variant #1172: Pull-payment reentrancy caused by External call inside loop. Attacker reenters contract flow before state update.,Draining rewards pool,Vault updates shares after sending tokens to attacker contract.
1173,Reentrancy Variant 1173,State-dependent reentrancy,Missing reentrancy guard,Variant #1173: State-dependent reentrancy caused by Missing reentrancy guard. Attacker reenters contract flow before state update.,Inflated share minting,Vault updates shares after sending tokens to attacker contract.
1174,Reentrancy Variant 1174,State-dependent reentrancy,Upgradeable proxy storage collision,Variant #1174: State-dependent reentrancy caused by Upgradeable proxy storage collision. Attacker reenters contract flow before state update.,Draining rewards pool,Attacker leverages ERC777 tokens to reenter before balance is updated.
1175,Reentrancy Variant 1175,Pull-payment reentrancy,Upgradeable proxy storage collision,Variant #1175: Pull-payment reentrancy caused by Upgradeable proxy storage collision. Attacker reenters contract flow before state update.,Inflated share minting,Cross-function: deposit() sets state after external token transfer().
1176,Reentrancy Variant 1176,Cross-contract reentrancy,Fallback invoked before state lock,Variant #1176: Cross-contract reentrancy caused by Fallback invoked before state lock. Attacker reenters contract flow before state update.,Unauthorized repeated withdrawals,Cross-function: deposit() sets state after external token transfer().
1177,Reentrancy Variant 1177,Reentrancy via delegatecall,Fallback invoked before state lock,Variant #1177: Reentrancy via delegatecall caused by Fallback invoked before state lock. Attacker reenters contract flow before state update.,Draining rewards pool,Vault updates shares after sending tokens to attacker contract.
1178,Reentrancy Variant 1178,State-dependent reentrancy,Unsafe external call to attacker contract,Variant #1178: State-dependent reentrancy caused by Unsafe external call to attacker contract. Attacker reenters contract flow before state update.,Unauthorized repeated withdrawals,Attacker leverages ERC777 tokens to reenter before balance is updated.
1179,Reentrancy Variant 1179,Recursive fallback reentrancy,Hooks triggered without control flow guard,Variant #1179: Recursive fallback reentrancy caused by Hooks triggered without control flow guard. Attacker reenters contract flow before state update.,Partial draining of pooled funds,Attacker leverages ERC777 tokens to reenter before balance is updated.
1180,Reentrancy Variant 1180,Read-only reentrancy,Unsafe external call to attacker contract,Variant #1180: Read-only reentrancy caused by Unsafe external call to attacker contract. Attacker reenters contract flow before state update.,Unauthorized repeated withdrawals,Vault updates shares after sending tokens to attacker contract.
1181,Reentrancy Variant 1181,Recursive fallback reentrancy,Hooks triggered without control flow guard,Variant #1181: Recursive fallback reentrancy caused by Hooks triggered without control flow guard. Attacker reenters contract flow before state update.,Inflated share minting,"Attacker calls withdraw(), fallback triggers withdraw() repeatedly."
1182,Reentrancy Variant 1182,State-dependent reentrancy,Fallback invoked before state lock,Variant #1182: State-dependent reentrancy caused by Fallback invoked before state lock. Attacker reenters contract flow before state update.,Unauthorized repeated withdrawals,Vault updates shares after sending tokens to attacker contract.
1183,Reentrancy Variant 1183,Single-function reentrancy,State updated after external call,Variant #1183: Single-function reentrancy caused by State updated after external call. Attacker reenters contract flow before state update.,Bypassing access restrictions,Attacker leverages ERC777 tokens to reenter before balance is updated.
1184,Reentrancy Variant 1184,Cross-function reentrancy,State updated after external call,Variant #1184: Cross-function reentrancy caused by State updated after external call. Attacker reenters contract flow before state update.,Inflated share minting,Attacker leverages ERC777 tokens to reenter before balance is updated.
1185,Reentrancy Variant 1185,ERC777-hook reentrancy,State updated after external call,Variant #1185: ERC777-hook reentrancy caused by State updated after external call. Attacker reenters contract flow before state update.,Token supply manipulation,Cross-function: deposit() sets state after external token transfer().
1186,Reentrancy Variant 1186,Read-only reentrancy,Missing reentrancy guard,Variant #1186: Read-only reentrancy caused by Missing reentrancy guard. Attacker reenters contract flow before state update.,Unauthorized repeated withdrawals,Cross-function: deposit() sets state after external token transfer().
1187,Reentrancy Variant 1187,ERC777-hook reentrancy,Missing reentrancy guard,Variant #1187: ERC777-hook reentrancy caused by Missing reentrancy guard. Attacker reenters contract flow before state update.,Inflated share minting,Attacker leverages ERC777 tokens to reenter before balance is updated.
1188,Reentrancy Variant 1188,Withdraw-before-update reentrancy,Recursive callback before mutation,Variant #1188: Withdraw-before-update reentrancy caused by Recursive callback before mutation. Attacker reenters contract flow before state update.,Complete balance drain,Attacker leverages ERC777 tokens to reenter before balance is updated.
1189,Reentrancy Variant 1189,ERC777-hook reentrancy,Balance checked after transfer,Variant #1189: ERC777-hook reentrancy caused by Balance checked after transfer. Attacker reenters contract flow before state update.,Partial draining of pooled funds,Vault updates shares after sending tokens to attacker contract.
1190,Reentrancy Variant 1190,ERC777-hook reentrancy,Unsafe external call to attacker contract,Variant #1190: ERC777-hook reentrancy caused by Unsafe external call to attacker contract. Attacker reenters contract flow before state update.,Bypassing access restrictions,Cross-function: deposit() sets state after external token transfer().
1191,Reentrancy Variant 1191,Single-function reentrancy,Multiple entry points sharing same state variable,Variant #1191: Single-function reentrancy caused by Multiple entry points sharing same state variable. Attacker reenters contract flow before state update.,Complete balance drain,"Attacker calls withdraw(), fallback triggers withdraw() repeatedly."
1192,Reentrancy Variant 1192,Single-function reentrancy,Fallback invoked before state lock,Variant #1192: Single-function reentrancy caused by Fallback invoked before state lock. Attacker reenters contract flow before state update.,Partial draining of pooled funds,Cross-function: deposit() sets state after external token transfer().
1193,Reentrancy Variant 1193,State-dependent reentrancy,Multiple entry points sharing same state variable,Variant #1193: State-dependent reentrancy caused by Multiple entry points sharing same state variable. Attacker reenters contract flow before state update.,Inflated share minting,"Attacker calls withdraw(), fallback triggers withdraw() repeatedly."
1194,Reentrancy Variant 1194,Recursive fallback reentrancy,Recursive callback before mutation,Variant #1194: Recursive fallback reentrancy caused by Recursive callback before mutation. Attacker reenters contract flow before state update.,Unauthorized repeated withdrawals,Attacker leverages ERC777 tokens to reenter before balance is updated.
1195,Reentrancy Variant 1195,Read-only reentrancy,Hooks triggered without control flow guard,Variant #1195: Read-only reentrancy caused by Hooks triggered without control flow guard. Attacker reenters contract flow before state update.,Inflated share minting,Vault updates shares after sending tokens to attacker contract.
1196,Reentrancy Variant 1196,State-dependent reentrancy,External call inside loop,Variant #1196: State-dependent reentrancy caused by External call inside loop. Attacker reenters contract flow before state update.,Unauthorized repeated withdrawals,Cross-function: deposit() sets state after external token transfer().
1197,Reentrancy Variant 1197,Reentrancy via delegatecall,Recursive callback before mutation,Variant #1197: Reentrancy via delegatecall caused by Recursive callback before mutation. Attacker reenters contract flow before state update.,Unauthorized repeated withdrawals,"Attacker calls withdraw(), fallback triggers withdraw() repeatedly."
1198,Reentrancy Variant 1198,Recursive fallback reentrancy,Hooks triggered without control flow guard,Variant #1198: Recursive fallback reentrancy caused by Hooks triggered without control flow guard. Attacker reenters contract flow before state update.,Unauthorized repeated withdrawals,Vault updates shares after sending tokens to attacker contract.
1199,Reentrancy Variant 1199,Withdraw-before-update reentrancy,Fallback invoked before state lock,Variant #1199: Withdraw-before-update reentrancy caused by Fallback invoked before state lock. Attacker reenters contract flow before state update.,Complete balance drain,Attacker leverages ERC777 tokens to reenter before balance is updated.
1200,Reentrancy Variant 1200,Cross-contract reentrancy,External call inside loop,Variant #1200: Cross-contract reentrancy caused by External call inside loop. Attacker reenters contract flow before state update.,Unauthorized repeated withdrawals,Attacker leverages ERC777 tokens to reenter before balance is updated.
1201,Reentrancy Variant 1201,State-dependent reentrancy,Unsafe external call to attacker contract,Variant #1201: State-dependent reentrancy caused by Unsafe external call to attacker contract. Attacker reenters contract flow before state update.,Inflated share minting,Vault updates shares after sending tokens to attacker contract.
1202,Reentrancy Variant 1202,Cross-contract reentrancy,Multiple entry points sharing same state variable,Variant #1202: Cross-contract reentrancy caused by Multiple entry points sharing same state variable. Attacker reenters contract flow before state update.,Token supply manipulation,Vault updates shares after sending tokens to attacker contract.
1203,Reentrancy Variant 1203,Cross-function reentrancy,Balance checked after transfer,Variant #1203: Cross-function reentrancy caused by Balance checked after transfer. Attacker reenters contract flow before state update.,Unauthorized repeated withdrawals,Cross-function: deposit() sets state after external token transfer().
1204,Reentrancy Variant 1204,Pull-payment reentrancy,Balance checked after transfer,Variant #1204: Pull-payment reentrancy caused by Balance checked after transfer. Attacker reenters contract flow before state update.,Unauthorized repeated withdrawals,Attacker leverages ERC777 tokens to reenter before balance is updated.
1205,Reentrancy Variant 1205,Pull-payment reentrancy,Missing reentrancy guard,Variant #1205: Pull-payment reentrancy caused by Missing reentrancy guard. Attacker reenters contract flow before state update.,Partial draining of pooled funds,"Attacker calls withdraw(), fallback triggers withdraw() repeatedly."
1206,Reentrancy Variant 1206,Withdraw-before-update reentrancy,Fallback invoked before state lock,Variant #1206: Withdraw-before-update reentrancy caused by Fallback invoked before state lock. Attacker reenters contract flow before state update.,Token supply manipulation,Vault updates shares after sending tokens to attacker contract.
1207,Reentrancy Variant 1207,Single-function reentrancy,Fallback invoked before state lock,Variant #1207: Single-function reentrancy caused by Fallback invoked before state lock. Attacker reenters contract flow before state update.,Bypassing access restrictions,Vault updates shares after sending tokens to attacker contract.
1208,Reentrancy Variant 1208,State-dependent reentrancy,External call inside loop,Variant #1208: State-dependent reentrancy caused by External call inside loop. Attacker reenters contract flow before state update.,Unauthorized repeated withdrawals,"Attacker calls withdraw(), fallback triggers withdraw() repeatedly."
1209,Reentrancy Variant 1209,Cross-contract reentrancy,State updated after external call,Variant #1209: Cross-contract reentrancy caused by State updated after external call. Attacker reenters contract flow before state update.,Partial draining of pooled funds,Vault updates shares after sending tokens to attacker contract.
1210,Reentrancy Variant 1210,ERC777-hook reentrancy,State updated after external call,Variant #1210: ERC777-hook reentrancy caused by State updated after external call. Attacker reenters contract flow before state update.,Inflated share minting,Vault updates shares after sending tokens to attacker contract.
1211,Reentrancy Variant 1211,Cross-function reentrancy,Fallback invoked before state lock,Variant #1211: Cross-function reentrancy caused by Fallback invoked before state lock. Attacker reenters contract flow before state update.,Inflated share minting,Vault updates shares after sending tokens to attacker contract.
1212,Reentrancy Variant 1212,Cross-contract reentrancy,Unsafe external call to attacker contract,Variant #1212: Cross-contract reentrancy caused by Unsafe external call to attacker contract. Attacker reenters contract flow before state update.,Partial draining of pooled funds,Attacker leverages ERC777 tokens to reenter before balance is updated.
1213,Reentrancy Variant 1213,Single-function reentrancy,Recursive callback before mutation,Variant #1213: Single-function reentrancy caused by Recursive callback before mutation. Attacker reenters contract flow before state update.,Draining rewards pool,"Attacker calls withdraw(), fallback triggers withdraw() repeatedly."
1214,Reentrancy Variant 1214,Cross-function reentrancy,State updated after external call,Variant #1214: Cross-function reentrancy caused by State updated after external call. Attacker reenters contract flow before state update.,Partial draining of pooled funds,Cross-function: deposit() sets state after external token transfer().
1215,Reentrancy Variant 1215,Withdraw-before-update reentrancy,Recursive callback before mutation,Variant #1215: Withdraw-before-update reentrancy caused by Recursive callback before mutation. Attacker reenters contract flow before state update.,Complete balance drain,"Attacker calls withdraw(), fallback triggers withdraw() repeatedly."
1216,Reentrancy Variant 1216,State-dependent reentrancy,Unsafe external call to attacker contract,Variant #1216: State-dependent reentrancy caused by Unsafe external call to attacker contract. Attacker reenters contract flow before state update.,Unauthorized repeated withdrawals,"Attacker calls withdraw(), fallback triggers withdraw() repeatedly."
1217,Reentrancy Variant 1217,Pull-payment reentrancy,External call inside loop,Variant #1217: Pull-payment reentrancy caused by External call inside loop. Attacker reenters contract flow before state update.,Bypassing access restrictions,"Attacker calls withdraw(), fallback triggers withdraw() repeatedly."
1218,Reentrancy Variant 1218,Cross-contract reentrancy,Missing reentrancy guard,Variant #1218: Cross-contract reentrancy caused by Missing reentrancy guard. Attacker reenters contract flow before state update.,Draining rewards pool,Vault updates shares after sending tokens to attacker contract.
1219,Reentrancy Variant 1219,Read-only reentrancy,Recursive callback before mutation,Variant #1219: Read-only reentrancy caused by Recursive callback before mutation. Attacker reenters contract flow before state update.,Unauthorized repeated withdrawals,Vault updates shares after sending tokens to attacker contract.
1220,Reentrancy Variant 1220,State-dependent reentrancy,Unsafe external call to attacker contract,Variant #1220: State-dependent reentrancy caused by Unsafe external call to attacker contract. Attacker reenters contract flow before state update.,Token supply manipulation,Cross-function: deposit() sets state after external token transfer().
1221,Reentrancy Variant 1221,Recursive fallback reentrancy,Hooks triggered without control flow guard,Variant #1221: Recursive fallback reentrancy caused by Hooks triggered without control flow guard. Attacker reenters contract flow before state update.,Bypassing access restrictions,Attacker leverages ERC777 tokens to reenter before balance is updated.
1222,Reentrancy Variant 1222,Pull-payment reentrancy,Hooks triggered without control flow guard,Variant #1222: Pull-payment reentrancy caused by Hooks triggered without control flow guard. Attacker reenters contract flow before state update.,Token supply manipulation,Vault updates shares after sending tokens to attacker contract.
1223,Reentrancy Variant 1223,Read-only reentrancy,Missing reentrancy guard,Variant #1223: Read-only reentrancy caused by Missing reentrancy guard. Attacker reenters contract flow before state update.,Draining rewards pool,Cross-function: deposit() sets state after external token transfer().
1224,Reentrancy Variant 1224,Reentrancy via delegatecall,Fallback invoked before state lock,Variant #1224: Reentrancy via delegatecall caused by Fallback invoked before state lock. Attacker reenters contract flow before state update.,Partial draining of pooled funds,Attacker leverages ERC777 tokens to reenter before balance is updated.
1225,Reentrancy Variant 1225,Withdraw-before-update reentrancy,Missing reentrancy guard,Variant #1225: Withdraw-before-update reentrancy caused by Missing reentrancy guard. Attacker reenters contract flow before state update.,Complete balance drain,Vault updates shares after sending tokens to attacker contract.
1226,Reentrancy Variant 1226,State-dependent reentrancy,Multiple entry points sharing same state variable,Variant #1226: State-dependent reentrancy caused by Multiple entry points sharing same state variable. Attacker reenters contract flow before state update.,Token supply manipulation,Cross-function: deposit() sets state after external token transfer().
1227,Reentrancy Variant 1227,State-dependent reentrancy,Balance checked after transfer,Variant #1227: State-dependent reentrancy caused by Balance checked after transfer. Attacker reenters contract flow before state update.,Token supply manipulation,"Attacker calls withdraw(), fallback triggers withdraw() repeatedly."
1228,Reentrancy Variant 1228,Cross-contract reentrancy,Recursive callback before mutation,Variant #1228: Cross-contract reentrancy caused by Recursive callback before mutation. Attacker reenters contract flow before state update.,Token supply manipulation,Attacker leverages ERC777 tokens to reenter before balance is updated.
1229,Reentrancy Variant 1229,Reentrancy via delegatecall,Recursive callback before mutation,Variant #1229: Reentrancy via delegatecall caused by Recursive callback before mutation. Attacker reenters contract flow before state update.,Inflated share minting,Vault updates shares after sending tokens to attacker contract.
1230,Reentrancy Variant 1230,Withdraw-before-update reentrancy,Balance checked after transfer,Variant #1230: Withdraw-before-update reentrancy caused by Balance checked after transfer. Attacker reenters contract flow before state update.,Complete balance drain,Vault updates shares after sending tokens to attacker contract.
1231,Reentrancy Variant 1231,State-dependent reentrancy,Balance checked after transfer,Variant #1231: State-dependent reentrancy caused by Balance checked after transfer. Attacker reenters contract flow before state update.,Unauthorized repeated withdrawals,Vault updates shares after sending tokens to attacker contract.
1232,Reentrancy Variant 1232,Pull-payment reentrancy,Recursive callback before mutation,Variant #1232: Pull-payment reentrancy caused by Recursive callback before mutation. Attacker reenters contract flow before state update.,Unauthorized repeated withdrawals,"Attacker calls withdraw(), fallback triggers withdraw() repeatedly."
1233,Reentrancy Variant 1233,Single-function reentrancy,Balance checked after transfer,Variant #1233: Single-function reentrancy caused by Balance checked after transfer. Attacker reenters contract flow before state update.,Token supply manipulation,Vault updates shares after sending tokens to attacker contract.
1234,Reentrancy Variant 1234,Reentrancy via delegatecall,Fallback invoked before state lock,Variant #1234: Reentrancy via delegatecall caused by Fallback invoked before state lock. Attacker reenters contract flow before state update.,Inflated share minting,Attacker leverages ERC777 tokens to reenter before balance is updated.
1235,Reentrancy Variant 1235,State-dependent reentrancy,Unsafe external call to attacker contract,Variant #1235: State-dependent reentrancy caused by Unsafe external call to attacker contract. Attacker reenters contract flow before state update.,Token supply manipulation,Cross-function: deposit() sets state after external token transfer().
1236,Reentrancy Variant 1236,Cross-function reentrancy,Missing reentrancy guard,Variant #1236: Cross-function reentrancy caused by Missing reentrancy guard. Attacker reenters contract flow before state update.,Token supply manipulation,Cross-function: deposit() sets state after external token transfer().
1237,Reentrancy Variant 1237,Recursive fallback reentrancy,Balance checked after transfer,Variant #1237: Recursive fallback reentrancy caused by Balance checked after transfer. Attacker reenters contract flow before state update.,Token supply manipulation,Attacker leverages ERC777 tokens to reenter before balance is updated.
1238,Reentrancy Variant 1238,Withdraw-before-update reentrancy,Missing reentrancy guard,Variant #1238: Withdraw-before-update reentrancy caused by Missing reentrancy guard. Attacker reenters contract flow before state update.,Unauthorized repeated withdrawals,"Attacker calls withdraw(), fallback triggers withdraw() repeatedly."
1239,Reentrancy Variant 1239,Read-only reentrancy,State updated after external call,Variant #1239: Read-only reentrancy caused by State updated after external call. Attacker reenters contract flow before state update.,Partial draining of pooled funds,Attacker leverages ERC777 tokens to reenter before balance is updated.
1240,Reentrancy Variant 1240,Pull-payment reentrancy,Fallback invoked before state lock,Variant #1240: Pull-payment reentrancy caused by Fallback invoked before state lock. Attacker reenters contract flow before state update.,Partial draining of pooled funds,Vault updates shares after sending tokens to attacker contract.
1241,Reentrancy Variant 1241,Cross-function reentrancy,Hooks triggered without control flow guard,Variant #1241: Cross-function reentrancy caused by Hooks triggered without control flow guard. Attacker reenters contract flow before state update.,Partial draining of pooled funds,Cross-function: deposit() sets state after external token transfer().
1242,Reentrancy Variant 1242,Read-only reentrancy,External call inside loop,Variant #1242: Read-only reentrancy caused by External call inside loop. Attacker reenters contract flow before state update.,Token supply manipulation,Attacker leverages ERC777 tokens to reenter before balance is updated.
1243,Reentrancy Variant 1243,Reentrancy via delegatecall,External call inside loop,Variant #1243: Reentrancy via delegatecall caused by External call inside loop. Attacker reenters contract flow before state update.,Inflated share minting,Vault updates shares after sending tokens to attacker contract.
1244,Reentrancy Variant 1244,Cross-contract reentrancy,Fallback invoked before state lock,Variant #1244: Cross-contract reentrancy caused by Fallback invoked before state lock. Attacker reenters contract flow before state update.,Draining rewards pool,Cross-function: deposit() sets state after external token transfer().
1245,Reentrancy Variant 1245,Withdraw-before-update reentrancy,Balance checked after transfer,Variant #1245: Withdraw-before-update reentrancy caused by Balance checked after transfer. Attacker reenters contract flow before state update.,Token supply manipulation,Vault updates shares after sending tokens to attacker contract.
1246,Reentrancy Variant 1246,Single-function reentrancy,External call inside loop,Variant #1246: Single-function reentrancy caused by External call inside loop. Attacker reenters contract flow before state update.,Token supply manipulation,Cross-function: deposit() sets state after external token transfer().
1247,Reentrancy Variant 1247,Cross-contract reentrancy,Hooks triggered without control flow guard,Variant #1247: Cross-contract reentrancy caused by Hooks triggered without control flow guard. Attacker reenters contract flow before state update.,Complete balance drain,"Attacker calls withdraw(), fallback triggers withdraw() repeatedly."
1248,Reentrancy Variant 1248,Reentrancy via delegatecall,Missing reentrancy guard,Variant #1248: Reentrancy via delegatecall caused by Missing reentrancy guard. Attacker reenters contract flow before state update.,Complete balance drain,Attacker leverages ERC777 tokens to reenter before balance is updated.
1249,Reentrancy Variant 1249,Cross-function reentrancy,Fallback invoked before state lock,Variant #1249: Cross-function reentrancy caused by Fallback invoked before state lock. Attacker reenters contract flow before state update.,Token supply manipulation,Attacker leverages ERC777 tokens to reenter before balance is updated.
1250,Reentrancy Variant 1250,Read-only reentrancy,Balance checked after transfer,Variant #1250: Read-only reentrancy caused by Balance checked after transfer. Attacker reenters contract flow before state update.,Draining rewards pool,Vault updates shares after sending tokens to attacker contract.
1251,Reentrancy Variant 1251,State-dependent reentrancy,Unsafe external call to attacker contract,Variant #1251: State-dependent reentrancy caused by Unsafe external call to attacker contract. Attacker reenters contract flow before state update.,Token supply manipulation,Cross-function: deposit() sets state after external token transfer().
1252,Reentrancy Variant 1252,Cross-function reentrancy,External call inside loop,Variant #1252: Cross-function reentrancy caused by External call inside loop. Attacker reenters contract flow before state update.,Inflated share minting,"Attacker calls withdraw(), fallback triggers withdraw() repeatedly."
1253,Reentrancy Variant 1253,Cross-contract reentrancy,Unsafe external call to attacker contract,Variant #1253: Cross-contract reentrancy caused by Unsafe external call to attacker contract. Attacker reenters contract flow before state update.,Draining rewards pool,Vault updates shares after sending tokens to attacker contract.
1254,Reentrancy Variant 1254,Single-function reentrancy,State updated after external call,Variant #1254: Single-function reentrancy caused by State updated after external call. Attacker reenters contract flow before state update.,Inflated share minting,Cross-function: deposit() sets state after external token transfer().
1255,Reentrancy Variant 1255,Reentrancy via delegatecall,State updated after external call,Variant #1255: Reentrancy via delegatecall caused by State updated after external call. Attacker reenters contract flow before state update.,Bypassing access restrictions,Attacker leverages ERC777 tokens to reenter before balance is updated.
1256,Reentrancy Variant 1256,Recursive fallback reentrancy,External call inside loop,Variant #1256: Recursive fallback reentrancy caused by External call inside loop. Attacker reenters contract flow before state update.,Unauthorized repeated withdrawals,Vault updates shares after sending tokens to attacker contract.
1257,Reentrancy Variant 1257,ERC777-hook reentrancy,Fallback invoked before state lock,Variant #1257: ERC777-hook reentrancy caused by Fallback invoked before state lock. Attacker reenters contract flow before state update.,Unauthorized repeated withdrawals,"Attacker calls withdraw(), fallback triggers withdraw() repeatedly."
1258,Reentrancy Variant 1258,Reentrancy via delegatecall,External call inside loop,Variant #1258: Reentrancy via delegatecall caused by External call inside loop. Attacker reenters contract flow before state update.,Partial draining of pooled funds,Cross-function: deposit() sets state after external token transfer().
1259,Reentrancy Variant 1259,Read-only reentrancy,Fallback invoked before state lock,Variant #1259: Read-only reentrancy caused by Fallback invoked before state lock. Attacker reenters contract flow before state update.,Draining rewards pool,Attacker leverages ERC777 tokens to reenter before balance is updated.
1260,Reentrancy Variant 1260,Pull-payment reentrancy,Hooks triggered without control flow guard,Variant #1260: Pull-payment reentrancy caused by Hooks triggered without control flow guard. Attacker reenters contract flow before state update.,Draining rewards pool,Cross-function: deposit() sets state after external token transfer().
1261,Reentrancy Variant 1261,Recursive fallback reentrancy,State updated after external call,Variant #1261: Recursive fallback reentrancy caused by State updated after external call. Attacker reenters contract flow before state update.,Inflated share minting,Cross-function: deposit() sets state after external token transfer().
1262,Reentrancy Variant 1262,Pull-payment reentrancy,Recursive callback before mutation,Variant #1262: Pull-payment reentrancy caused by Recursive callback before mutation. Attacker reenters contract flow before state update.,Complete balance drain,Vault updates shares after sending tokens to attacker contract.
1263,Reentrancy Variant 1263,Read-only reentrancy,Missing reentrancy guard,Variant #1263: Read-only reentrancy caused by Missing reentrancy guard. Attacker reenters contract flow before state update.,Inflated share minting,"Attacker calls withdraw(), fallback triggers withdraw() repeatedly."
1264,Reentrancy Variant 1264,Single-function reentrancy,Fallback invoked before state lock,Variant #1264: Single-function reentrancy caused by Fallback invoked before state lock. Attacker reenters contract flow before state update.,Token supply manipulation,Attacker leverages ERC777 tokens to reenter before balance is updated.
1265,Reentrancy Variant 1265,Single-function reentrancy,Missing reentrancy guard,Variant #1265: Single-function reentrancy caused by Missing reentrancy guard. Attacker reenters contract flow before state update.,Unauthorized repeated withdrawals,Cross-function: deposit() sets state after external token transfer().
1266,Reentrancy Variant 1266,ERC777-hook reentrancy,Balance checked after transfer,Variant #1266: ERC777-hook reentrancy caused by Balance checked after transfer. Attacker reenters contract flow before state update.,Bypassing access restrictions,Vault updates shares after sending tokens to attacker contract.
1267,Reentrancy Variant 1267,Reentrancy via delegatecall,Unsafe external call to attacker contract,Variant #1267: Reentrancy via delegatecall caused by Unsafe external call to attacker contract. Attacker reenters contract flow before state update.,Complete balance drain,Attacker leverages ERC777 tokens to reenter before balance is updated.
1268,Reentrancy Variant 1268,Reentrancy via delegatecall,Recursive callback before mutation,Variant #1268: Reentrancy via delegatecall caused by Recursive callback before mutation. Attacker reenters contract flow before state update.,Complete balance drain,"Attacker calls withdraw(), fallback triggers withdraw() repeatedly."
1269,Reentrancy Variant 1269,Read-only reentrancy,Recursive callback before mutation,Variant #1269: Read-only reentrancy caused by Recursive callback before mutation. Attacker reenters contract flow before state update.,Token supply manipulation,Vault updates shares after sending tokens to attacker contract.
1270,Reentrancy Variant 1270,ERC777-hook reentrancy,Recursive callback before mutation,Variant #1270: ERC777-hook reentrancy caused by Recursive callback before mutation. Attacker reenters contract flow before state update.,Unauthorized repeated withdrawals,Cross-function: deposit() sets state after external token transfer().
1271,Reentrancy Variant 1271,ERC777-hook reentrancy,Fallback invoked before state lock,Variant #1271: ERC777-hook reentrancy caused by Fallback invoked before state lock. Attacker reenters contract flow before state update.,Bypassing access restrictions,Vault updates shares after sending tokens to attacker contract.
1272,Reentrancy Variant 1272,Recursive fallback reentrancy,Multiple entry points sharing same state variable,Variant #1272: Recursive fallback reentrancy caused by Multiple entry points sharing same state variable. Attacker reenters contract flow before state update.,Unauthorized repeated withdrawals,Cross-function: deposit() sets state after external token transfer().
1273,Reentrancy Variant 1273,Reentrancy via delegatecall,External call inside loop,Variant #1273: Reentrancy via delegatecall caused by External call inside loop. Attacker reenters contract flow before state update.,Draining rewards pool,Vault updates shares after sending tokens to attacker contract.
1274,Reentrancy Variant 1274,Single-function reentrancy,Fallback invoked before state lock,Variant #1274: Single-function reentrancy caused by Fallback invoked before state lock. Attacker reenters contract flow before state update.,Inflated share minting,Vault updates shares after sending tokens to attacker contract.
1275,Reentrancy Variant 1275,Cross-function reentrancy,State updated after external call,Variant #1275: Cross-function reentrancy caused by State updated after external call. Attacker reenters contract flow before state update.,Draining rewards pool,Cross-function: deposit() sets state after external token transfer().
1276,Reentrancy Variant 1276,Reentrancy via delegatecall,Fallback invoked before state lock,Variant #1276: Reentrancy via delegatecall caused by Fallback invoked before state lock. Attacker reenters contract flow before state update.,Unauthorized repeated withdrawals,Attacker leverages ERC777 tokens to reenter before balance is updated.
1277,Reentrancy Variant 1277,Pull-payment reentrancy,Unsafe external call to attacker contract,Variant #1277: Pull-payment reentrancy caused by Unsafe external call to attacker contract. Attacker reenters contract flow before state update.,Partial draining of pooled funds,Vault updates shares after sending tokens to attacker contract.
1278,Reentrancy Variant 1278,Pull-payment reentrancy,Balance checked after transfer,Variant #1278: Pull-payment reentrancy caused by Balance checked after transfer. Attacker reenters contract flow before state update.,Draining rewards pool,Vault updates shares after sending tokens to attacker contract.
1279,Reentrancy Variant 1279,Read-only reentrancy,External call inside loop,Variant #1279: Read-only reentrancy caused by External call inside loop. Attacker reenters contract flow before state update.,Inflated share minting,"Attacker calls withdraw(), fallback triggers withdraw() repeatedly."
1280,Reentrancy Variant 1280,Reentrancy via delegatecall,Upgradeable proxy storage collision,Variant #1280: Reentrancy via delegatecall caused by Upgradeable proxy storage collision. Attacker reenters contract flow before state update.,Draining rewards pool,"Attacker calls withdraw(), fallback triggers withdraw() repeatedly."
1281,Reentrancy Variant 1281,Reentrancy via delegatecall,Fallback invoked before state lock,Variant #1281: Reentrancy via delegatecall caused by Fallback invoked before state lock. Attacker reenters contract flow before state update.,Complete balance drain,Cross-function: deposit() sets state after external token transfer().
1282,Reentrancy Variant 1282,State-dependent reentrancy,Recursive callback before mutation,Variant #1282: State-dependent reentrancy caused by Recursive callback before mutation. Attacker reenters contract flow before state update.,Complete balance drain,Attacker leverages ERC777 tokens to reenter before balance is updated.
1283,Reentrancy Variant 1283,Cross-contract reentrancy,Upgradeable proxy storage collision,Variant #1283: Cross-contract reentrancy caused by Upgradeable proxy storage collision. Attacker reenters contract flow before state update.,Inflated share minting,Attacker leverages ERC777 tokens to reenter before balance is updated.
1284,Reentrancy Variant 1284,Cross-contract reentrancy,State updated after external call,Variant #1284: Cross-contract reentrancy caused by State updated after external call. Attacker reenters contract flow before state update.,Partial draining of pooled funds,Attacker leverages ERC777 tokens to reenter before balance is updated.
1285,Reentrancy Variant 1285,Cross-function reentrancy,Upgradeable proxy storage collision,Variant #1285: Cross-function reentrancy caused by Upgradeable proxy storage collision. Attacker reenters contract flow before state update.,Bypassing access restrictions,Vault updates shares after sending tokens to attacker contract.
1286,Reentrancy Variant 1286,Single-function reentrancy,Hooks triggered without control flow guard,Variant #1286: Single-function reentrancy caused by Hooks triggered without control flow guard. Attacker reenters contract flow before state update.,Inflated share minting,Attacker leverages ERC777 tokens to reenter before balance is updated.
1287,Reentrancy Variant 1287,Pull-payment reentrancy,Missing reentrancy guard,Variant #1287: Pull-payment reentrancy caused by Missing reentrancy guard. Attacker reenters contract flow before state update.,Token supply manipulation,Attacker leverages ERC777 tokens to reenter before balance is updated.
1288,Reentrancy Variant 1288,Cross-contract reentrancy,Unsafe external call to attacker contract,Variant #1288: Cross-contract reentrancy caused by Unsafe external call to attacker contract. Attacker reenters contract flow before state update.,Token supply manipulation,Cross-function: deposit() sets state after external token transfer().
1289,Reentrancy Variant 1289,Pull-payment reentrancy,Balance checked after transfer,Variant #1289: Pull-payment reentrancy caused by Balance checked after transfer. Attacker reenters contract flow before state update.,Token supply manipulation,"Attacker calls withdraw(), fallback triggers withdraw() repeatedly."
1290,Reentrancy Variant 1290,Recursive fallback reentrancy,Upgradeable proxy storage collision,Variant #1290: Recursive fallback reentrancy caused by Upgradeable proxy storage collision. Attacker reenters contract flow before state update.,Bypassing access restrictions,Vault updates shares after sending tokens to attacker contract.
1291,Reentrancy Variant 1291,Single-function reentrancy,Unsafe external call to attacker contract,Variant #1291: Single-function reentrancy caused by Unsafe external call to attacker contract. Attacker reenters contract flow before state update.,Token supply manipulation,"Attacker calls withdraw(), fallback triggers withdraw() repeatedly."
1292,Reentrancy Variant 1292,Cross-contract reentrancy,External call inside loop,Variant #1292: Cross-contract reentrancy caused by External call inside loop. Attacker reenters contract flow before state update.,Complete balance drain,Attacker leverages ERC777 tokens to reenter before balance is updated.
1293,Reentrancy Variant 1293,ERC777-hook reentrancy,Upgradeable proxy storage collision,Variant #1293: ERC777-hook reentrancy caused by Upgradeable proxy storage collision. Attacker reenters contract flow before state update.,Token supply manipulation,Cross-function: deposit() sets state after external token transfer().
1294,Reentrancy Variant 1294,Read-only reentrancy,Recursive callback before mutation,Variant #1294: Read-only reentrancy caused by Recursive callback before mutation. Attacker reenters contract flow before state update.,Bypassing access restrictions,Attacker leverages ERC777 tokens to reenter before balance is updated.
1295,Reentrancy Variant 1295,Recursive fallback reentrancy,Multiple entry points sharing same state variable,Variant #1295: Recursive fallback reentrancy caused by Multiple entry points sharing same state variable. Attacker reenters contract flow before state update.,Unauthorized repeated withdrawals,Vault updates shares after sending tokens to attacker contract.
1296,Reentrancy Variant 1296,Withdraw-before-update reentrancy,Upgradeable proxy storage collision,Variant #1296: Withdraw-before-update reentrancy caused by Upgradeable proxy storage collision. Attacker reenters contract flow before state update.,Complete balance drain,Attacker leverages ERC777 tokens to reenter before balance is updated.
1297,Reentrancy Variant 1297,Reentrancy via delegatecall,External call inside loop,Variant #1297: Reentrancy via delegatecall caused by External call inside loop. Attacker reenters contract flow before state update.,Unauthorized repeated withdrawals,Vault updates shares after sending tokens to attacker contract.
1298,Reentrancy Variant 1298,Single-function reentrancy,Recursive callback before mutation,Variant #1298: Single-function reentrancy caused by Recursive callback before mutation. Attacker reenters contract flow before state update.,Complete balance drain,Attacker leverages ERC777 tokens to reenter before balance is updated.
1299,Reentrancy Variant 1299,Withdraw-before-update reentrancy,Unsafe external call to attacker contract,Variant #1299: Withdraw-before-update reentrancy caused by Unsafe external call to attacker contract. Attacker reenters contract flow before state update.,Partial draining of pooled funds,Cross-function: deposit() sets state after external token transfer().
1300,Reentrancy Variant 1300,Withdraw-before-update reentrancy,Multiple entry points sharing same state variable,Variant #1300: Withdraw-before-update reentrancy caused by Multiple entry points sharing same state variable. Attacker reenters contract flow before state update.,Partial draining of pooled funds,"Attacker calls withdraw(), fallback triggers withdraw() repeatedly."
1301,Reentrancy Variant 1301,ERC777-hook reentrancy,Fallback invoked before state lock,Variant #1301: ERC777-hook reentrancy caused by Fallback invoked before state lock. Attacker reenters contract flow before state update.,Token supply manipulation,Cross-function: deposit() sets state after external token transfer().
1302,Reentrancy Variant 1302,Cross-contract reentrancy,Hooks triggered without control flow guard,Variant #1302: Cross-contract reentrancy caused by Hooks triggered without control flow guard. Attacker reenters contract flow before state update.,Bypassing access restrictions,Attacker leverages ERC777 tokens to reenter before balance is updated.
1303,Reentrancy Variant 1303,Single-function reentrancy,State updated after external call,Variant #1303: Single-function reentrancy caused by State updated after external call. Attacker reenters contract flow before state update.,Inflated share minting,"Attacker calls withdraw(), fallback triggers withdraw() repeatedly."
1304,Reentrancy Variant 1304,ERC777-hook reentrancy,Balance checked after transfer,Variant #1304: ERC777-hook reentrancy caused by Balance checked after transfer. Attacker reenters contract flow before state update.,Partial draining of pooled funds,Cross-function: deposit() sets state after external token transfer().
1305,Reentrancy Variant 1305,State-dependent reentrancy,Upgradeable proxy storage collision,Variant #1305: State-dependent reentrancy caused by Upgradeable proxy storage collision. Attacker reenters contract flow before state update.,Unauthorized repeated withdrawals,Attacker leverages ERC777 tokens to reenter before balance is updated.
1306,Reentrancy Variant 1306,Single-function reentrancy,Recursive callback before mutation,Variant #1306: Single-function reentrancy caused by Recursive callback before mutation. Attacker reenters contract flow before state update.,Unauthorized repeated withdrawals,Cross-function: deposit() sets state after external token transfer().
1307,Reentrancy Variant 1307,Reentrancy via delegatecall,State updated after external call,Variant #1307: Reentrancy via delegatecall caused by State updated after external call. Attacker reenters contract flow before state update.,Complete balance drain,Cross-function: deposit() sets state after external token transfer().
1308,Reentrancy Variant 1308,Recursive fallback reentrancy,Fallback invoked before state lock,Variant #1308: Recursive fallback reentrancy caused by Fallback invoked before state lock. Attacker reenters contract flow before state update.,Bypassing access restrictions,"Attacker calls withdraw(), fallback triggers withdraw() repeatedly."
1309,Reentrancy Variant 1309,State-dependent reentrancy,Recursive callback before mutation,Variant #1309: State-dependent reentrancy caused by Recursive callback before mutation. Attacker reenters contract flow before state update.,Bypassing access restrictions,Cross-function: deposit() sets state after external token transfer().
1310,Reentrancy Variant 1310,Withdraw-before-update reentrancy,External call inside loop,Variant #1310: Withdraw-before-update reentrancy caused by External call inside loop. Attacker reenters contract flow before state update.,Draining rewards pool,Attacker leverages ERC777 tokens to reenter before balance is updated.
1311,Reentrancy Variant 1311,Cross-function reentrancy,Balance checked after transfer,Variant #1311: Cross-function reentrancy caused by Balance checked after transfer. Attacker reenters contract flow before state update.,Token supply manipulation,Vault updates shares after sending tokens to attacker contract.
1312,Reentrancy Variant 1312,Pull-payment reentrancy,Hooks triggered without control flow guard,Variant #1312: Pull-payment reentrancy caused by Hooks triggered without control flow guard. Attacker reenters contract flow before state update.,Bypassing access restrictions,Vault updates shares after sending tokens to attacker contract.
1313,Reentrancy Variant 1313,Single-function reentrancy,Unsafe external call to attacker contract,Variant #1313: Single-function reentrancy caused by Unsafe external call to attacker contract. Attacker reenters contract flow before state update.,Complete balance drain,Attacker leverages ERC777 tokens to reenter before balance is updated.
1314,Reentrancy Variant 1314,Withdraw-before-update reentrancy,Fallback invoked before state lock,Variant #1314: Withdraw-before-update reentrancy caused by Fallback invoked before state lock. Attacker reenters contract flow before state update.,Partial draining of pooled funds,"Attacker calls withdraw(), fallback triggers withdraw() repeatedly."
1315,Reentrancy Variant 1315,Reentrancy via delegatecall,State updated after external call,Variant #1315: Reentrancy via delegatecall caused by State updated after external call. Attacker reenters contract flow before state update.,Inflated share minting,Cross-function: deposit() sets state after external token transfer().
1316,Reentrancy Variant 1316,Read-only reentrancy,Multiple entry points sharing same state variable,Variant #1316: Read-only reentrancy caused by Multiple entry points sharing same state variable. Attacker reenters contract flow before state update.,Unauthorized repeated withdrawals,Vault updates shares after sending tokens to attacker contract.
1317,Reentrancy Variant 1317,Single-function reentrancy,Missing reentrancy guard,Variant #1317: Single-function reentrancy caused by Missing reentrancy guard. Attacker reenters contract flow before state update.,Partial draining of pooled funds,Attacker leverages ERC777 tokens to reenter before balance is updated.
1318,Reentrancy Variant 1318,Reentrancy via delegatecall,State updated after external call,Variant #1318: Reentrancy via delegatecall caused by State updated after external call. Attacker reenters contract flow before state update.,Bypassing access restrictions,Cross-function: deposit() sets state after external token transfer().
1319,Reentrancy Variant 1319,State-dependent reentrancy,Fallback invoked before state lock,Variant #1319: State-dependent reentrancy caused by Fallback invoked before state lock. Attacker reenters contract flow before state update.,Complete balance drain,Attacker leverages ERC777 tokens to reenter before balance is updated.
1320,Reentrancy Variant 1320,Pull-payment reentrancy,State updated after external call,Variant #1320: Pull-payment reentrancy caused by State updated after external call. Attacker reenters contract flow before state update.,Unauthorized repeated withdrawals,Attacker leverages ERC777 tokens to reenter before balance is updated.
1321,Reentrancy Variant 1321,Reentrancy via delegatecall,Hooks triggered without control flow guard,Variant #1321: Reentrancy via delegatecall caused by Hooks triggered without control flow guard. Attacker reenters contract flow before state update.,Draining rewards pool,"Attacker calls withdraw(), fallback triggers withdraw() repeatedly."
1322,Reentrancy Variant 1322,Read-only reentrancy,Upgradeable proxy storage collision,Variant #1322: Read-only reentrancy caused by Upgradeable proxy storage collision. Attacker reenters contract flow before state update.,Token supply manipulation,Vault updates shares after sending tokens to attacker contract.
1323,Reentrancy Variant 1323,Reentrancy via delegatecall,Unsafe external call to attacker contract,Variant #1323: Reentrancy via delegatecall caused by Unsafe external call to attacker contract. Attacker reenters contract flow before state update.,Inflated share minting,Vault updates shares after sending tokens to attacker contract.
1324,Reentrancy Variant 1324,Cross-function reentrancy,Multiple entry points sharing same state variable,Variant #1324: Cross-function reentrancy caused by Multiple entry points sharing same state variable. Attacker reenters contract flow before state update.,Inflated share minting,Vault updates shares after sending tokens to attacker contract.
1325,Reentrancy Variant 1325,Cross-function reentrancy,Upgradeable proxy storage collision,Variant #1325: Cross-function reentrancy caused by Upgradeable proxy storage collision. Attacker reenters contract flow before state update.,Unauthorized repeated withdrawals,"Attacker calls withdraw(), fallback triggers withdraw() repeatedly."
1326,Reentrancy Variant 1326,Cross-function reentrancy,Hooks triggered without control flow guard,Variant #1326: Cross-function reentrancy caused by Hooks triggered without control flow guard. Attacker reenters contract flow before state update.,Draining rewards pool,Vault updates shares after sending tokens to attacker contract.
1327,Reentrancy Variant 1327,Cross-contract reentrancy,Missing reentrancy guard,Variant #1327: Cross-contract reentrancy caused by Missing reentrancy guard. Attacker reenters contract flow before state update.,Draining rewards pool,"Attacker calls withdraw(), fallback triggers withdraw() repeatedly."
1328,Reentrancy Variant 1328,State-dependent reentrancy,Unsafe external call to attacker contract,Variant #1328: State-dependent reentrancy caused by Unsafe external call to attacker contract. Attacker reenters contract flow before state update.,Token supply manipulation,Cross-function: deposit() sets state after external token transfer().
1329,Reentrancy Variant 1329,Recursive fallback reentrancy,Recursive callback before mutation,Variant #1329: Recursive fallback reentrancy caused by Recursive callback before mutation. Attacker reenters contract flow before state update.,Complete balance drain,"Attacker calls withdraw(), fallback triggers withdraw() repeatedly."
1330,Reentrancy Variant 1330,Pull-payment reentrancy,Upgradeable proxy storage collision,Variant #1330: Pull-payment reentrancy caused by Upgradeable proxy storage collision. Attacker reenters contract flow before state update.,Partial draining of pooled funds,Cross-function: deposit() sets state after external token transfer().
1331,Reentrancy Variant 1331,Withdraw-before-update reentrancy,Fallback invoked before state lock,Variant #1331: Withdraw-before-update reentrancy caused by Fallback invoked before state lock. Attacker reenters contract flow before state update.,Token supply manipulation,Attacker leverages ERC777 tokens to reenter before balance is updated.
1332,Reentrancy Variant 1332,Cross-contract reentrancy,Recursive callback before mutation,Variant #1332: Cross-contract reentrancy caused by Recursive callback before mutation. Attacker reenters contract flow before state update.,Partial draining of pooled funds,Attacker leverages ERC777 tokens to reenter before balance is updated.
1333,Reentrancy Variant 1333,Single-function reentrancy,Upgradeable proxy storage collision,Variant #1333: Single-function reentrancy caused by Upgradeable proxy storage collision. Attacker reenters contract flow before state update.,Unauthorized repeated withdrawals,Attacker leverages ERC777 tokens to reenter before balance is updated.
1334,Reentrancy Variant 1334,Single-function reentrancy,Multiple entry points sharing same state variable,Variant #1334: Single-function reentrancy caused by Multiple entry points sharing same state variable. Attacker reenters contract flow before state update.,Partial draining of pooled funds,Attacker leverages ERC777 tokens to reenter before balance is updated.
1335,Reentrancy Variant 1335,State-dependent reentrancy,Fallback invoked before state lock,Variant #1335: State-dependent reentrancy caused by Fallback invoked before state lock. Attacker reenters contract flow before state update.,Complete balance drain,"Attacker calls withdraw(), fallback triggers withdraw() repeatedly."
1336,Reentrancy Variant 1336,Read-only reentrancy,External call inside loop,Variant #1336: Read-only reentrancy caused by External call inside loop. Attacker reenters contract flow before state update.,Token supply manipulation,Cross-function: deposit() sets state after external token transfer().
1337,Reentrancy Variant 1337,State-dependent reentrancy,Unsafe external call to attacker contract,Variant #1337: State-dependent reentrancy caused by Unsafe external call to attacker contract. Attacker reenters contract flow before state update.,Draining rewards pool,"Attacker calls withdraw(), fallback triggers withdraw() repeatedly."
1338,Reentrancy Variant 1338,Recursive fallback reentrancy,External call inside loop,Variant #1338: Recursive fallback reentrancy caused by External call inside loop. Attacker reenters contract flow before state update.,Token supply manipulation,Vault updates shares after sending tokens to attacker contract.
1339,Reentrancy Variant 1339,Single-function reentrancy,Unsafe external call to attacker contract,Variant #1339: Single-function reentrancy caused by Unsafe external call to attacker contract. Attacker reenters contract flow before state update.,Unauthorized repeated withdrawals,Attacker leverages ERC777 tokens to reenter before balance is updated.
1340,Reentrancy Variant 1340,Reentrancy via delegatecall,Recursive callback before mutation,Variant #1340: Reentrancy via delegatecall caused by Recursive callback before mutation. Attacker reenters contract flow before state update.,Unauthorized repeated withdrawals,"Attacker calls withdraw(), fallback triggers withdraw() repeatedly."
1341,Reentrancy Variant 1341,State-dependent reentrancy,External call inside loop,Variant #1341: State-dependent reentrancy caused by External call inside loop. Attacker reenters contract flow before state update.,Complete balance drain,"Attacker calls withdraw(), fallback triggers withdraw() repeatedly."
1342,Reentrancy Variant 1342,Reentrancy via delegatecall,External call inside loop,Variant #1342: Reentrancy via delegatecall caused by External call inside loop. Attacker reenters contract flow before state update.,Complete balance drain,Vault updates shares after sending tokens to attacker contract.
1343,Reentrancy Variant 1343,Cross-contract reentrancy,Recursive callback before mutation,Variant #1343: Cross-contract reentrancy caused by Recursive callback before mutation. Attacker reenters contract flow before state update.,Inflated share minting,Attacker leverages ERC777 tokens to reenter before balance is updated.
1344,Reentrancy Variant 1344,ERC777-hook reentrancy,Missing reentrancy guard,Variant #1344: ERC777-hook reentrancy caused by Missing reentrancy guard. Attacker reenters contract flow before state update.,Bypassing access restrictions,Attacker leverages ERC777 tokens to reenter before balance is updated.
1345,Reentrancy Variant 1345,State-dependent reentrancy,Upgradeable proxy storage collision,Variant #1345: State-dependent reentrancy caused by Upgradeable proxy storage collision. Attacker reenters contract flow before state update.,Draining rewards pool,Attacker leverages ERC777 tokens to reenter before balance is updated.
1346,Reentrancy Variant 1346,Reentrancy via delegatecall,Multiple entry points sharing same state variable,Variant #1346: Reentrancy via delegatecall caused by Multiple entry points sharing same state variable. Attacker reenters contract flow before state update.,Partial draining of pooled funds,Cross-function: deposit() sets state after external token transfer().
1347,Reentrancy Variant 1347,Single-function reentrancy,Recursive callback before mutation,Variant #1347: Single-function reentrancy caused by Recursive callback before mutation. Attacker reenters contract flow before state update.,Token supply manipulation,"Attacker calls withdraw(), fallback triggers withdraw() repeatedly."
1348,Reentrancy Variant 1348,Recursive fallback reentrancy,Fallback invoked before state lock,Variant #1348: Recursive fallback reentrancy caused by Fallback invoked before state lock. Attacker reenters contract flow before state update.,Bypassing access restrictions,Vault updates shares after sending tokens to attacker contract.
1349,Reentrancy Variant 1349,Pull-payment reentrancy,Upgradeable proxy storage collision,Variant #1349: Pull-payment reentrancy caused by Upgradeable proxy storage collision. Attacker reenters contract flow before state update.,Draining rewards pool,"Attacker calls withdraw(), fallback triggers withdraw() repeatedly."
1350,Reentrancy Variant 1350,Cross-contract reentrancy,Balance checked after transfer,Variant #1350: Cross-contract reentrancy caused by Balance checked after transfer. Attacker reenters contract flow before state update.,Inflated share minting,Vault updates shares after sending tokens to attacker contract.
1351,Reentrancy Variant 1351,Single-function reentrancy,Recursive callback before mutation,Variant #1351: Single-function reentrancy caused by Recursive callback before mutation. Attacker reenters contract flow before state update.,Partial draining of pooled funds,Attacker leverages ERC777 tokens to reenter before balance is updated.
1352,Reentrancy Variant 1352,ERC777-hook reentrancy,External call inside loop,Variant #1352: ERC777-hook reentrancy caused by External call inside loop. Attacker reenters contract flow before state update.,Draining rewards pool,Attacker leverages ERC777 tokens to reenter before balance is updated.
1353,Reentrancy Variant 1353,Cross-contract reentrancy,Unsafe external call to attacker contract,Variant #1353: Cross-contract reentrancy caused by Unsafe external call to attacker contract. Attacker reenters contract flow before state update.,Partial draining of pooled funds,Attacker leverages ERC777 tokens to reenter before balance is updated.
1354,Reentrancy Variant 1354,ERC777-hook reentrancy,Multiple entry points sharing same state variable,Variant #1354: ERC777-hook reentrancy caused by Multiple entry points sharing same state variable. Attacker reenters contract flow before state update.,Inflated share minting,"Attacker calls withdraw(), fallback triggers withdraw() repeatedly."
1355,Reentrancy Variant 1355,Recursive fallback reentrancy,Hooks triggered without control flow guard,Variant #1355: Recursive fallback reentrancy caused by Hooks triggered without control flow guard. Attacker reenters contract flow before state update.,Complete balance drain,"Attacker calls withdraw(), fallback triggers withdraw() repeatedly."
1356,Reentrancy Variant 1356,Reentrancy via delegatecall,Hooks triggered without control flow guard,Variant #1356: Reentrancy via delegatecall caused by Hooks triggered without control flow guard. Attacker reenters contract flow before state update.,Complete balance drain,Attacker leverages ERC777 tokens to reenter before balance is updated.
1357,Reentrancy Variant 1357,Cross-contract reentrancy,Unsafe external call to attacker contract,Variant #1357: Cross-contract reentrancy caused by Unsafe external call to attacker contract. Attacker reenters contract flow before state update.,Unauthorized repeated withdrawals,Vault updates shares after sending tokens to attacker contract.
1358,Reentrancy Variant 1358,Cross-function reentrancy,Balance checked after transfer,Variant #1358: Cross-function reentrancy caused by Balance checked after transfer. Attacker reenters contract flow before state update.,Unauthorized repeated withdrawals,"Attacker calls withdraw(), fallback triggers withdraw() repeatedly."
1359,Reentrancy Variant 1359,ERC777-hook reentrancy,Hooks triggered without control flow guard,Variant #1359: ERC777-hook reentrancy caused by Hooks triggered without control flow guard. Attacker reenters contract flow before state update.,Unauthorized repeated withdrawals,Cross-function: deposit() sets state after external token transfer().
1360,Reentrancy Variant 1360,Cross-function reentrancy,Multiple entry points sharing same state variable,Variant #1360: Cross-function reentrancy caused by Multiple entry points sharing same state variable. Attacker reenters contract flow before state update.,Partial draining of pooled funds,"Attacker calls withdraw(), fallback triggers withdraw() repeatedly."
1361,Reentrancy Variant 1361,State-dependent reentrancy,Upgradeable proxy storage collision,Variant #1361: State-dependent reentrancy caused by Upgradeable proxy storage collision. Attacker reenters contract flow before state update.,Unauthorized repeated withdrawals,Attacker leverages ERC777 tokens to reenter before balance is updated.
1362,Reentrancy Variant 1362,State-dependent reentrancy,Fallback invoked before state lock,Variant #1362: State-dependent reentrancy caused by Fallback invoked before state lock. Attacker reenters contract flow before state update.,Bypassing access restrictions,Cross-function: deposit() sets state after external token transfer().
1363,Reentrancy Variant 1363,Cross-function reentrancy,State updated after external call,Variant #1363: Cross-function reentrancy caused by State updated after external call. Attacker reenters contract flow before state update.,Complete balance drain,Cross-function: deposit() sets state after external token transfer().
1364,Reentrancy Variant 1364,ERC777-hook reentrancy,Upgradeable proxy storage collision,Variant #1364: ERC777-hook reentrancy caused by Upgradeable proxy storage collision. Attacker reenters contract flow before state update.,Complete balance drain,Attacker leverages ERC777 tokens to reenter before balance is updated.
1365,Reentrancy Variant 1365,ERC777-hook reentrancy,Multiple entry points sharing same state variable,Variant #1365: ERC777-hook reentrancy caused by Multiple entry points sharing same state variable. Attacker reenters contract flow before state update.,Bypassing access restrictions,Attacker leverages ERC777 tokens to reenter before balance is updated.
1366,Reentrancy Variant 1366,Withdraw-before-update reentrancy,Hooks triggered without control flow guard,Variant #1366: Withdraw-before-update reentrancy caused by Hooks triggered without control flow guard. Attacker reenters contract flow before state update.,Partial draining of pooled funds,Attacker leverages ERC777 tokens to reenter before balance is updated.
1367,Reentrancy Variant 1367,Read-only reentrancy,Hooks triggered without control flow guard,Variant #1367: Read-only reentrancy caused by Hooks triggered without control flow guard. Attacker reenters contract flow before state update.,Draining rewards pool,Attacker leverages ERC777 tokens to reenter before balance is updated.
1368,Reentrancy Variant 1368,Recursive fallback reentrancy,Fallback invoked before state lock,Variant #1368: Recursive fallback reentrancy caused by Fallback invoked before state lock. Attacker reenters contract flow before state update.,Bypassing access restrictions,Vault updates shares after sending tokens to attacker contract.
1369,Reentrancy Variant 1369,Cross-contract reentrancy,Fallback invoked before state lock,Variant #1369: Cross-contract reentrancy caused by Fallback invoked before state lock. Attacker reenters contract flow before state update.,Draining rewards pool,Attacker leverages ERC777 tokens to reenter before balance is updated.
1370,Reentrancy Variant 1370,Reentrancy via delegatecall,Balance checked after transfer,Variant #1370: Reentrancy via delegatecall caused by Balance checked after transfer. Attacker reenters contract flow before state update.,Inflated share minting,Attacker leverages ERC777 tokens to reenter before balance is updated.
1371,Reentrancy Variant 1371,ERC777-hook reentrancy,Missing reentrancy guard,Variant #1371: ERC777-hook reentrancy caused by Missing reentrancy guard. Attacker reenters contract flow before state update.,Unauthorized repeated withdrawals,Attacker leverages ERC777 tokens to reenter before balance is updated.
1372,Reentrancy Variant 1372,Single-function reentrancy,State updated after external call,Variant #1372: Single-function reentrancy caused by State updated after external call. Attacker reenters contract flow before state update.,Partial draining of pooled funds,Vault updates shares after sending tokens to attacker contract.
1373,Reentrancy Variant 1373,Read-only reentrancy,Fallback invoked before state lock,Variant #1373: Read-only reentrancy caused by Fallback invoked before state lock. Attacker reenters contract flow before state update.,Token supply manipulation,"Attacker calls withdraw(), fallback triggers withdraw() repeatedly."
1374,Reentrancy Variant 1374,Single-function reentrancy,Balance checked after transfer,Variant #1374: Single-function reentrancy caused by Balance checked after transfer. Attacker reenters contract flow before state update.,Inflated share minting,"Attacker calls withdraw(), fallback triggers withdraw() repeatedly."
1375,Reentrancy Variant 1375,Read-only reentrancy,Unsafe external call to attacker contract,Variant #1375: Read-only reentrancy caused by Unsafe external call to attacker contract. Attacker reenters contract flow before state update.,Draining rewards pool,Attacker leverages ERC777 tokens to reenter before balance is updated.
1376,Reentrancy Variant 1376,Recursive fallback reentrancy,Unsafe external call to attacker contract,Variant #1376: Recursive fallback reentrancy caused by Unsafe external call to attacker contract. Attacker reenters contract flow before state update.,Bypassing access restrictions,"Attacker calls withdraw(), fallback triggers withdraw() repeatedly."
1377,Reentrancy Variant 1377,Withdraw-before-update reentrancy,Missing reentrancy guard,Variant #1377: Withdraw-before-update reentrancy caused by Missing reentrancy guard. Attacker reenters contract flow before state update.,Bypassing access restrictions,Attacker leverages ERC777 tokens to reenter before balance is updated.
1378,Reentrancy Variant 1378,Reentrancy via delegatecall,State updated after external call,Variant #1378: Reentrancy via delegatecall caused by State updated after external call. Attacker reenters contract flow before state update.,Unauthorized repeated withdrawals,"Attacker calls withdraw(), fallback triggers withdraw() repeatedly."
1379,Reentrancy Variant 1379,Cross-function reentrancy,State updated after external call,Variant #1379: Cross-function reentrancy caused by State updated after external call. Attacker reenters contract flow before state update.,Draining rewards pool,"Attacker calls withdraw(), fallback triggers withdraw() repeatedly."
1380,Reentrancy Variant 1380,Cross-function reentrancy,Upgradeable proxy storage collision,Variant #1380: Cross-function reentrancy caused by Upgradeable proxy storage collision. Attacker reenters contract flow before state update.,Inflated share minting,"Attacker calls withdraw(), fallback triggers withdraw() repeatedly."
1381,Reentrancy Variant 1381,Recursive fallback reentrancy,Multiple entry points sharing same state variable,Variant #1381: Recursive fallback reentrancy caused by Multiple entry points sharing same state variable. Attacker reenters contract flow before state update.,Draining rewards pool,Attacker leverages ERC777 tokens to reenter before balance is updated.
1382,Reentrancy Variant 1382,Reentrancy via delegatecall,Upgradeable proxy storage collision,Variant #1382: Reentrancy via delegatecall caused by Upgradeable proxy storage collision. Attacker reenters contract flow before state update.,Inflated share minting,Vault updates shares after sending tokens to attacker contract.
1383,Reentrancy Variant 1383,Reentrancy via delegatecall,Hooks triggered without control flow guard,Variant #1383: Reentrancy via delegatecall caused by Hooks triggered without control flow guard. Attacker reenters contract flow before state update.,Inflated share minting,Attacker leverages ERC777 tokens to reenter before balance is updated.
1384,Reentrancy Variant 1384,Cross-function reentrancy,Balance checked after transfer,Variant #1384: Cross-function reentrancy caused by Balance checked after transfer. Attacker reenters contract flow before state update.,Complete balance drain,"Attacker calls withdraw(), fallback triggers withdraw() repeatedly."
1385,Reentrancy Variant 1385,State-dependent reentrancy,Hooks triggered without control flow guard,Variant #1385: State-dependent reentrancy caused by Hooks triggered without control flow guard. Attacker reenters contract flow before state update.,Token supply manipulation,Vault updates shares after sending tokens to attacker contract.
1386,Reentrancy Variant 1386,Cross-function reentrancy,Upgradeable proxy storage collision,Variant #1386: Cross-function reentrancy caused by Upgradeable proxy storage collision. Attacker reenters contract flow before state update.,Bypassing access restrictions,Attacker leverages ERC777 tokens to reenter before balance is updated.
1387,Reentrancy Variant 1387,Cross-contract reentrancy,Balance checked after transfer,Variant #1387: Cross-contract reentrancy caused by Balance checked after transfer. Attacker reenters contract flow before state update.,Partial draining of pooled funds,Attacker leverages ERC777 tokens to reenter before balance is updated.
1388,Reentrancy Variant 1388,ERC777-hook reentrancy,Multiple entry points sharing same state variable,Variant #1388: ERC777-hook reentrancy caused by Multiple entry points sharing same state variable. Attacker reenters contract flow before state update.,Partial draining of pooled funds,Attacker leverages ERC777 tokens to reenter before balance is updated.
1389,Reentrancy Variant 1389,Pull-payment reentrancy,Balance checked after transfer,Variant #1389: Pull-payment reentrancy caused by Balance checked after transfer. Attacker reenters contract flow before state update.,Unauthorized repeated withdrawals,Attacker leverages ERC777 tokens to reenter before balance is updated.
1390,Reentrancy Variant 1390,Single-function reentrancy,Multiple entry points sharing same state variable,Variant #1390: Single-function reentrancy caused by Multiple entry points sharing same state variable. Attacker reenters contract flow before state update.,Bypassing access restrictions,Vault updates shares after sending tokens to attacker contract.
1391,Reentrancy Variant 1391,Cross-function reentrancy,Fallback invoked before state lock,Variant #1391: Cross-function reentrancy caused by Fallback invoked before state lock. Attacker reenters contract flow before state update.,Token supply manipulation,"Attacker calls withdraw(), fallback triggers withdraw() repeatedly."
1392,Reentrancy Variant 1392,ERC777-hook reentrancy,Upgradeable proxy storage collision,Variant #1392: ERC777-hook reentrancy caused by Upgradeable proxy storage collision. Attacker reenters contract flow before state update.,Inflated share minting,"Attacker calls withdraw(), fallback triggers withdraw() repeatedly."
1393,Reentrancy Variant 1393,Single-function reentrancy,Multiple entry points sharing same state variable,Variant #1393: Single-function reentrancy caused by Multiple entry points sharing same state variable. Attacker reenters contract flow before state update.,Inflated share minting,Attacker leverages ERC777 tokens to reenter before balance is updated.
1394,Reentrancy Variant 1394,Recursive fallback reentrancy,Missing reentrancy guard,Variant #1394: Recursive fallback reentrancy caused by Missing reentrancy guard. Attacker reenters contract flow before state update.,Draining rewards pool,"Attacker calls withdraw(), fallback triggers withdraw() repeatedly."
1395,Reentrancy Variant 1395,Cross-contract reentrancy,External call inside loop,Variant #1395: Cross-contract reentrancy caused by External call inside loop. Attacker reenters contract flow before state update.,Draining rewards pool,"Attacker calls withdraw(), fallback triggers withdraw() repeatedly."
1396,Reentrancy Variant 1396,Pull-payment reentrancy,External call inside loop,Variant #1396: Pull-payment reentrancy caused by External call inside loop. Attacker reenters contract flow before state update.,Bypassing access restrictions,Vault updates shares after sending tokens to attacker contract.
1397,Reentrancy Variant 1397,Reentrancy via delegatecall,External call inside loop,Variant #1397: Reentrancy via delegatecall caused by External call inside loop. Attacker reenters contract flow before state update.,Inflated share minting,Cross-function: deposit() sets state after external token transfer().
1398,Reentrancy Variant 1398,Single-function reentrancy,Balance checked after transfer,Variant #1398: Single-function reentrancy caused by Balance checked after transfer. Attacker reenters contract flow before state update.,Partial draining of pooled funds,Vault updates shares after sending tokens to attacker contract.
1399,Reentrancy Variant 1399,Reentrancy via delegatecall,External call inside loop,Variant #1399: Reentrancy via delegatecall caused by External call inside loop. Attacker reenters contract flow before state update.,Bypassing access restrictions,Attacker leverages ERC777 tokens to reenter before balance is updated.
1400,Reentrancy Variant 1400,Cross-function reentrancy,Multiple entry points sharing same state variable,Variant #1400: Cross-function reentrancy caused by Multiple entry points sharing same state variable. Attacker reenters contract flow before state update.,Complete balance drain,Cross-function: deposit() sets state after external token transfer().
1401,Reentrancy Variant 1401,ERC777-hook reentrancy,Upgradeable proxy storage collision,Variant #1401: ERC777-hook reentrancy caused by Upgradeable proxy storage collision. Attacker reenters contract flow before state update.,Partial draining of pooled funds,Cross-function: deposit() sets state after external token transfer().
1402,Reentrancy Variant 1402,Reentrancy via delegatecall,State updated after external call,Variant #1402: Reentrancy via delegatecall caused by State updated after external call. Attacker reenters contract flow before state update.,Complete balance drain,Cross-function: deposit() sets state after external token transfer().
1403,Reentrancy Variant 1403,Cross-contract reentrancy,State updated after external call,Variant #1403: Cross-contract reentrancy caused by State updated after external call. Attacker reenters contract flow before state update.,Bypassing access restrictions,"Attacker calls withdraw(), fallback triggers withdraw() repeatedly."
1404,Reentrancy Variant 1404,Reentrancy via delegatecall,Unsafe external call to attacker contract,Variant #1404: Reentrancy via delegatecall caused by Unsafe external call to attacker contract. Attacker reenters contract flow before state update.,Partial draining of pooled funds,Vault updates shares after sending tokens to attacker contract.
1405,Reentrancy Variant 1405,Cross-function reentrancy,Fallback invoked before state lock,Variant #1405: Cross-function reentrancy caused by Fallback invoked before state lock. Attacker reenters contract flow before state update.,Token supply manipulation,Attacker leverages ERC777 tokens to reenter before balance is updated.
1406,Reentrancy Variant 1406,Read-only reentrancy,Upgradeable proxy storage collision,Variant #1406: Read-only reentrancy caused by Upgradeable proxy storage collision. Attacker reenters contract flow before state update.,Inflated share minting,Vault updates shares after sending tokens to attacker contract.
1407,Reentrancy Variant 1407,Pull-payment reentrancy,Hooks triggered without control flow guard,Variant #1407: Pull-payment reentrancy caused by Hooks triggered without control flow guard. Attacker reenters contract flow before state update.,Unauthorized repeated withdrawals,"Attacker calls withdraw(), fallback triggers withdraw() repeatedly."
1408,Reentrancy Variant 1408,Single-function reentrancy,Multiple entry points sharing same state variable,Variant #1408: Single-function reentrancy caused by Multiple entry points sharing same state variable. Attacker reenters contract flow before state update.,Token supply manipulation,"Attacker calls withdraw(), fallback triggers withdraw() repeatedly."
1409,Reentrancy Variant 1409,ERC777-hook reentrancy,Fallback invoked before state lock,Variant #1409: ERC777-hook reentrancy caused by Fallback invoked before state lock. Attacker reenters contract flow before state update.,Token supply manipulation,Attacker leverages ERC777 tokens to reenter before balance is updated.
1410,Reentrancy Variant 1410,Reentrancy via delegatecall,Missing reentrancy guard,Variant #1410: Reentrancy via delegatecall caused by Missing reentrancy guard. Attacker reenters contract flow before state update.,Inflated share minting,Attacker leverages ERC777 tokens to reenter before balance is updated.
1411,Reentrancy Variant 1411,Reentrancy via delegatecall,Multiple entry points sharing same state variable,Variant #1411: Reentrancy via delegatecall caused by Multiple entry points sharing same state variable. Attacker reenters contract flow before state update.,Draining rewards pool,"Attacker calls withdraw(), fallback triggers withdraw() repeatedly."
1412,Reentrancy Variant 1412,Read-only reentrancy,Multiple entry points sharing same state variable,Variant #1412: Read-only reentrancy caused by Multiple entry points sharing same state variable. Attacker reenters contract flow before state update.,Unauthorized repeated withdrawals,Cross-function: deposit() sets state after external token transfer().
1413,Reentrancy Variant 1413,Read-only reentrancy,Fallback invoked before state lock,Variant #1413: Read-only reentrancy caused by Fallback invoked before state lock. Attacker reenters contract flow before state update.,Bypassing access restrictions,Cross-function: deposit() sets state after external token transfer().
1414,Reentrancy Variant 1414,ERC777-hook reentrancy,Fallback invoked before state lock,Variant #1414: ERC777-hook reentrancy caused by Fallback invoked before state lock. Attacker reenters contract flow before state update.,Unauthorized repeated withdrawals,Cross-function: deposit() sets state after external token transfer().
1415,Reentrancy Variant 1415,Recursive fallback reentrancy,Multiple entry points sharing same state variable,Variant #1415: Recursive fallback reentrancy caused by Multiple entry points sharing same state variable. Attacker reenters contract flow before state update.,Partial draining of pooled funds,Vault updates shares after sending tokens to attacker contract.
1416,Reentrancy Variant 1416,Reentrancy via delegatecall,Missing reentrancy guard,Variant #1416: Reentrancy via delegatecall caused by Missing reentrancy guard. Attacker reenters contract flow before state update.,Unauthorized repeated withdrawals,Attacker leverages ERC777 tokens to reenter before balance is updated.
1417,Reentrancy Variant 1417,Read-only reentrancy,Unsafe external call to attacker contract,Variant #1417: Read-only reentrancy caused by Unsafe external call to attacker contract. Attacker reenters contract flow before state update.,Token supply manipulation,"Attacker calls withdraw(), fallback triggers withdraw() repeatedly."
1418,Reentrancy Variant 1418,Read-only reentrancy,Recursive callback before mutation,Variant #1418: Read-only reentrancy caused by Recursive callback before mutation. Attacker reenters contract flow before state update.,Bypassing access restrictions,"Attacker calls withdraw(), fallback triggers withdraw() repeatedly."
1419,Reentrancy Variant 1419,Cross-contract reentrancy,State updated after external call,Variant #1419: Cross-contract reentrancy caused by State updated after external call. Attacker reenters contract flow before state update.,Unauthorized repeated withdrawals,Vault updates shares after sending tokens to attacker contract.
1420,Reentrancy Variant 1420,State-dependent reentrancy,State updated after external call,Variant #1420: State-dependent reentrancy caused by State updated after external call. Attacker reenters contract flow before state update.,Inflated share minting,Attacker leverages ERC777 tokens to reenter before balance is updated.
1421,Reentrancy Variant 1421,Single-function reentrancy,Missing reentrancy guard,Variant #1421: Single-function reentrancy caused by Missing reentrancy guard. Attacker reenters contract flow before state update.,Draining rewards pool,Vault updates shares after sending tokens to attacker contract.
1422,Reentrancy Variant 1422,Withdraw-before-update reentrancy,External call inside loop,Variant #1422: Withdraw-before-update reentrancy caused by External call inside loop. Attacker reenters contract flow before state update.,Inflated share minting,Vault updates shares after sending tokens to attacker contract.
1423,Reentrancy Variant 1423,Reentrancy via delegatecall,Unsafe external call to attacker contract,Variant #1423: Reentrancy via delegatecall caused by Unsafe external call to attacker contract. Attacker reenters contract flow before state update.,Partial draining of pooled funds,Attacker leverages ERC777 tokens to reenter before balance is updated.
1424,Reentrancy Variant 1424,Reentrancy via delegatecall,Hooks triggered without control flow guard,Variant #1424: Reentrancy via delegatecall caused by Hooks triggered without control flow guard. Attacker reenters contract flow before state update.,Draining rewards pool,Vault updates shares after sending tokens to attacker contract.
1425,Reentrancy Variant 1425,Single-function reentrancy,Balance checked after transfer,Variant #1425: Single-function reentrancy caused by Balance checked after transfer. Attacker reenters contract flow before state update.,Token supply manipulation,"Attacker calls withdraw(), fallback triggers withdraw() repeatedly."
1426,Reentrancy Variant 1426,Withdraw-before-update reentrancy,Multiple entry points sharing same state variable,Variant #1426: Withdraw-before-update reentrancy caused by Multiple entry points sharing same state variable. Attacker reenters contract flow before state update.,Draining rewards pool,Vault updates shares after sending tokens to attacker contract.
1427,Reentrancy Variant 1427,Single-function reentrancy,Balance checked after transfer,Variant #1427: Single-function reentrancy caused by Balance checked after transfer. Attacker reenters contract flow before state update.,Unauthorized repeated withdrawals,Vault updates shares after sending tokens to attacker contract.
1428,Reentrancy Variant 1428,Reentrancy via delegatecall,Recursive callback before mutation,Variant #1428: Reentrancy via delegatecall caused by Recursive callback before mutation. Attacker reenters contract flow before state update.,Unauthorized repeated withdrawals,Vault updates shares after sending tokens to attacker contract.
1429,Reentrancy Variant 1429,Cross-contract reentrancy,Recursive callback before mutation,Variant #1429: Cross-contract reentrancy caused by Recursive callback before mutation. Attacker reenters contract flow before state update.,Draining rewards pool,Attacker leverages ERC777 tokens to reenter before balance is updated.
1430,Reentrancy Variant 1430,Withdraw-before-update reentrancy,Recursive callback before mutation,Variant #1430: Withdraw-before-update reentrancy caused by Recursive callback before mutation. Attacker reenters contract flow before state update.,Unauthorized repeated withdrawals,Attacker leverages ERC777 tokens to reenter before balance is updated.
1431,Reentrancy Variant 1431,Single-function reentrancy,External call inside loop,Variant #1431: Single-function reentrancy caused by External call inside loop. Attacker reenters contract flow before state update.,Token supply manipulation,Vault updates shares after sending tokens to attacker contract.
1432,Reentrancy Variant 1432,Withdraw-before-update reentrancy,Recursive callback before mutation,Variant #1432: Withdraw-before-update reentrancy caused by Recursive callback before mutation. Attacker reenters contract flow before state update.,Unauthorized repeated withdrawals,Attacker leverages ERC777 tokens to reenter before balance is updated.
1433,Reentrancy Variant 1433,State-dependent reentrancy,Balance checked after transfer,Variant #1433: State-dependent reentrancy caused by Balance checked after transfer. Attacker reenters contract flow before state update.,Inflated share minting,Vault updates shares after sending tokens to attacker contract.
1434,Reentrancy Variant 1434,Read-only reentrancy,Upgradeable proxy storage collision,Variant #1434: Read-only reentrancy caused by Upgradeable proxy storage collision. Attacker reenters contract flow before state update.,Unauthorized repeated withdrawals,"Attacker calls withdraw(), fallback triggers withdraw() repeatedly."
1435,Reentrancy Variant 1435,Cross-contract reentrancy,Fallback invoked before state lock,Variant #1435: Cross-contract reentrancy caused by Fallback invoked before state lock. Attacker reenters contract flow before state update.,Bypassing access restrictions,"Attacker calls withdraw(), fallback triggers withdraw() repeatedly."
1436,Reentrancy Variant 1436,Withdraw-before-update reentrancy,Fallback invoked before state lock,Variant #1436: Withdraw-before-update reentrancy caused by Fallback invoked before state lock. Attacker reenters contract flow before state update.,Partial draining of pooled funds,Cross-function: deposit() sets state after external token transfer().
1437,Reentrancy Variant 1437,Pull-payment reentrancy,Multiple entry points sharing same state variable,Variant #1437: Pull-payment reentrancy caused by Multiple entry points sharing same state variable. Attacker reenters contract flow before state update.,Bypassing access restrictions,Vault updates shares after sending tokens to attacker contract.
1438,Reentrancy Variant 1438,Cross-function reentrancy,State updated after external call,Variant #1438: Cross-function reentrancy caused by State updated after external call. Attacker reenters contract flow before state update.,Draining rewards pool,Cross-function: deposit() sets state after external token transfer().
1439,Reentrancy Variant 1439,Cross-contract reentrancy,State updated after external call,Variant #1439: Cross-contract reentrancy caused by State updated after external call. Attacker reenters contract flow before state update.,Complete balance drain,Cross-function: deposit() sets state after external token transfer().
1440,Reentrancy Variant 1440,Reentrancy via delegatecall,External call inside loop,Variant #1440: Reentrancy via delegatecall caused by External call inside loop. Attacker reenters contract flow before state update.,Complete balance drain,Vault updates shares after sending tokens to attacker contract.
1441,Reentrancy Variant 1441,Cross-contract reentrancy,Upgradeable proxy storage collision,Variant #1441: Cross-contract reentrancy caused by Upgradeable proxy storage collision. Attacker reenters contract flow before state update.,Partial draining of pooled funds,"Attacker calls withdraw(), fallback triggers withdraw() repeatedly."
1442,Reentrancy Variant 1442,Read-only reentrancy,Upgradeable proxy storage collision,Variant #1442: Read-only reentrancy caused by Upgradeable proxy storage collision. Attacker reenters contract flow before state update.,Inflated share minting,Vault updates shares after sending tokens to attacker contract.
1443,Reentrancy Variant 1443,Read-only reentrancy,Missing reentrancy guard,Variant #1443: Read-only reentrancy caused by Missing reentrancy guard. Attacker reenters contract flow before state update.,Bypassing access restrictions,"Attacker calls withdraw(), fallback triggers withdraw() repeatedly."
1444,Reentrancy Variant 1444,ERC777-hook reentrancy,Hooks triggered without control flow guard,Variant #1444: ERC777-hook reentrancy caused by Hooks triggered without control flow guard. Attacker reenters contract flow before state update.,Token supply manipulation,Attacker leverages ERC777 tokens to reenter before balance is updated.
1445,Reentrancy Variant 1445,Pull-payment reentrancy,Recursive callback before mutation,Variant #1445: Pull-payment reentrancy caused by Recursive callback before mutation. Attacker reenters contract flow before state update.,Draining rewards pool,Vault updates shares after sending tokens to attacker contract.
1446,Reentrancy Variant 1446,State-dependent reentrancy,State updated after external call,Variant #1446: State-dependent reentrancy caused by State updated after external call. Attacker reenters contract flow before state update.,Partial draining of pooled funds,Vault updates shares after sending tokens to attacker contract.
1447,Reentrancy Variant 1447,Cross-function reentrancy,Balance checked after transfer,Variant #1447: Cross-function reentrancy caused by Balance checked after transfer. Attacker reenters contract flow before state update.,Partial draining of pooled funds,Vault updates shares after sending tokens to attacker contract.
1448,Reentrancy Variant 1448,Recursive fallback reentrancy,State updated after external call,Variant #1448: Recursive fallback reentrancy caused by State updated after external call. Attacker reenters contract flow before state update.,Complete balance drain,"Attacker calls withdraw(), fallback triggers withdraw() repeatedly."
1449,Reentrancy Variant 1449,Recursive fallback reentrancy,Hooks triggered without control flow guard,Variant #1449: Recursive fallback reentrancy caused by Hooks triggered without control flow guard. Attacker reenters contract flow before state update.,Partial draining of pooled funds,Attacker leverages ERC777 tokens to reenter before balance is updated.
1450,Reentrancy Variant 1450,State-dependent reentrancy,Unsafe external call to attacker contract,Variant #1450: State-dependent reentrancy caused by Unsafe external call to attacker contract. Attacker reenters contract flow before state update.,Token supply manipulation,Cross-function: deposit() sets state after external token transfer().
1451,Reentrancy Variant 1451,Read-only reentrancy,Unsafe external call to attacker contract,Variant #1451: Read-only reentrancy caused by Unsafe external call to attacker contract. Attacker reenters contract flow before state update.,Unauthorized repeated withdrawals,Cross-function: deposit() sets state after external token transfer().
1452,Reentrancy Variant 1452,Cross-contract reentrancy,Balance checked after transfer,Variant #1452: Cross-contract reentrancy caused by Balance checked after transfer. Attacker reenters contract flow before state update.,Unauthorized repeated withdrawals,Attacker leverages ERC777 tokens to reenter before balance is updated.
1453,Reentrancy Variant 1453,ERC777-hook reentrancy,Balance checked after transfer,Variant #1453: ERC777-hook reentrancy caused by Balance checked after transfer. Attacker reenters contract flow before state update.,Token supply manipulation,Attacker leverages ERC777 tokens to reenter before balance is updated.
1454,Reentrancy Variant 1454,Reentrancy via delegatecall,State updated after external call,Variant #1454: Reentrancy via delegatecall caused by State updated after external call. Attacker reenters contract flow before state update.,Inflated share minting,Vault updates shares after sending tokens to attacker contract.
1455,Reentrancy Variant 1455,Single-function reentrancy,Missing reentrancy guard,Variant #1455: Single-function reentrancy caused by Missing reentrancy guard. Attacker reenters contract flow before state update.,Unauthorized repeated withdrawals,"Attacker calls withdraw(), fallback triggers withdraw() repeatedly."
1456,Reentrancy Variant 1456,State-dependent reentrancy,State updated after external call,Variant #1456: State-dependent reentrancy caused by State updated after external call. Attacker reenters contract flow before state update.,Draining rewards pool,Attacker leverages ERC777 tokens to reenter before balance is updated.
1457,Reentrancy Variant 1457,ERC777-hook reentrancy,Balance checked after transfer,Variant #1457: ERC777-hook reentrancy caused by Balance checked after transfer. Attacker reenters contract flow before state update.,Complete balance drain,Cross-function: deposit() sets state after external token transfer().
1458,Reentrancy Variant 1458,Pull-payment reentrancy,Multiple entry points sharing same state variable,Variant #1458: Pull-payment reentrancy caused by Multiple entry points sharing same state variable. Attacker reenters contract flow before state update.,Inflated share minting,"Attacker calls withdraw(), fallback triggers withdraw() repeatedly."
1459,Reentrancy Variant 1459,Withdraw-before-update reentrancy,Balance checked after transfer,Variant #1459: Withdraw-before-update reentrancy caused by Balance checked after transfer. Attacker reenters contract flow before state update.,Inflated share minting,Attacker leverages ERC777 tokens to reenter before balance is updated.
1460,Reentrancy Variant 1460,State-dependent reentrancy,Unsafe external call to attacker contract,Variant #1460: State-dependent reentrancy caused by Unsafe external call to attacker contract. Attacker reenters contract flow before state update.,Bypassing access restrictions,Cross-function: deposit() sets state after external token transfer().
1461,Reentrancy Variant 1461,Single-function reentrancy,Recursive callback before mutation,Variant #1461: Single-function reentrancy caused by Recursive callback before mutation. Attacker reenters contract flow before state update.,Inflated share minting,Cross-function: deposit() sets state after external token transfer().
1462,Reentrancy Variant 1462,Withdraw-before-update reentrancy,External call inside loop,Variant #1462: Withdraw-before-update reentrancy caused by External call inside loop. Attacker reenters contract flow before state update.,Bypassing access restrictions,Cross-function: deposit() sets state after external token transfer().
1463,Reentrancy Variant 1463,Reentrancy via delegatecall,Multiple entry points sharing same state variable,Variant #1463: Reentrancy via delegatecall caused by Multiple entry points sharing same state variable. Attacker reenters contract flow before state update.,Inflated share minting,Cross-function: deposit() sets state after external token transfer().
1464,Reentrancy Variant 1464,Reentrancy via delegatecall,Unsafe external call to attacker contract,Variant #1464: Reentrancy via delegatecall caused by Unsafe external call to attacker contract. Attacker reenters contract flow before state update.,Token supply manipulation,Cross-function: deposit() sets state after external token transfer().
1465,Reentrancy Variant 1465,Single-function reentrancy,Hooks triggered without control flow guard,Variant #1465: Single-function reentrancy caused by Hooks triggered without control flow guard. Attacker reenters contract flow before state update.,Complete balance drain,"Attacker calls withdraw(), fallback triggers withdraw() repeatedly."
1466,Reentrancy Variant 1466,Withdraw-before-update reentrancy,Unsafe external call to attacker contract,Variant #1466: Withdraw-before-update reentrancy caused by Unsafe external call to attacker contract. Attacker reenters contract flow before state update.,Bypassing access restrictions,"Attacker calls withdraw(), fallback triggers withdraw() repeatedly."
1467,Reentrancy Variant 1467,State-dependent reentrancy,Fallback invoked before state lock,Variant #1467: State-dependent reentrancy caused by Fallback invoked before state lock. Attacker reenters contract flow before state update.,Complete balance drain,Vault updates shares after sending tokens to attacker contract.
1468,Reentrancy Variant 1468,State-dependent reentrancy,Unsafe external call to attacker contract,Variant #1468: State-dependent reentrancy caused by Unsafe external call to attacker contract. Attacker reenters contract flow before state update.,Token supply manipulation,"Attacker calls withdraw(), fallback triggers withdraw() repeatedly."
1469,Reentrancy Variant 1469,ERC777-hook reentrancy,Fallback invoked before state lock,Variant #1469: ERC777-hook reentrancy caused by Fallback invoked before state lock. Attacker reenters contract flow before state update.,Partial draining of pooled funds,"Attacker calls withdraw(), fallback triggers withdraw() repeatedly."
1470,Reentrancy Variant 1470,ERC777-hook reentrancy,External call inside loop,Variant #1470: ERC777-hook reentrancy caused by External call inside loop. Attacker reenters contract flow before state update.,Bypassing access restrictions,Attacker leverages ERC777 tokens to reenter before balance is updated.
1471,Reentrancy Variant 1471,Reentrancy via delegatecall,State updated after external call,Variant #1471: Reentrancy via delegatecall caused by State updated after external call. Attacker reenters contract flow before state update.,Inflated share minting,Cross-function: deposit() sets state after external token transfer().
1472,Reentrancy Variant 1472,Read-only reentrancy,State updated after external call,Variant #1472: Read-only reentrancy caused by State updated after external call. Attacker reenters contract flow before state update.,Bypassing access restrictions,Vault updates shares after sending tokens to attacker contract.
1473,Reentrancy Variant 1473,Pull-payment reentrancy,Hooks triggered without control flow guard,Variant #1473: Pull-payment reentrancy caused by Hooks triggered without control flow guard. Attacker reenters contract flow before state update.,Complete balance drain,Cross-function: deposit() sets state after external token transfer().
1474,Reentrancy Variant 1474,State-dependent reentrancy,Unsafe external call to attacker contract,Variant #1474: State-dependent reentrancy caused by Unsafe external call to attacker contract. Attacker reenters contract flow before state update.,Complete balance drain,"Attacker calls withdraw(), fallback triggers withdraw() repeatedly."
1475,Reentrancy Variant 1475,Cross-function reentrancy,Multiple entry points sharing same state variable,Variant #1475: Cross-function reentrancy caused by Multiple entry points sharing same state variable. Attacker reenters contract flow before state update.,Bypassing access restrictions,Attacker leverages ERC777 tokens to reenter before balance is updated.
1476,Reentrancy Variant 1476,Read-only reentrancy,Missing reentrancy guard,Variant #1476: Read-only reentrancy caused by Missing reentrancy guard. Attacker reenters contract flow before state update.,Inflated share minting,"Attacker calls withdraw(), fallback triggers withdraw() repeatedly."
1477,Reentrancy Variant 1477,Pull-payment reentrancy,Multiple entry points sharing same state variable,Variant #1477: Pull-payment reentrancy caused by Multiple entry points sharing same state variable. Attacker reenters contract flow before state update.,Complete balance drain,"Attacker calls withdraw(), fallback triggers withdraw() repeatedly."
1478,Reentrancy Variant 1478,Reentrancy via delegatecall,Multiple entry points sharing same state variable,Variant #1478: Reentrancy via delegatecall caused by Multiple entry points sharing same state variable. Attacker reenters contract flow before state update.,Inflated share minting,Cross-function: deposit() sets state after external token transfer().
1479,Reentrancy Variant 1479,Single-function reentrancy,Fallback invoked before state lock,Variant #1479: Single-function reentrancy caused by Fallback invoked before state lock. Attacker reenters contract flow before state update.,Token supply manipulation,"Attacker calls withdraw(), fallback triggers withdraw() repeatedly."
1480,Reentrancy Variant 1480,Read-only reentrancy,Hooks triggered without control flow guard,Variant #1480: Read-only reentrancy caused by Hooks triggered without control flow guard. Attacker reenters contract flow before state update.,Token supply manipulation,Attacker leverages ERC777 tokens to reenter before balance is updated.
1481,Reentrancy Variant 1481,State-dependent reentrancy,Fallback invoked before state lock,Variant #1481: State-dependent reentrancy caused by Fallback invoked before state lock. Attacker reenters contract flow before state update.,Unauthorized repeated withdrawals,Cross-function: deposit() sets state after external token transfer().
1482,Reentrancy Variant 1482,Pull-payment reentrancy,External call inside loop,Variant #1482: Pull-payment reentrancy caused by External call inside loop. Attacker reenters contract flow before state update.,Partial draining of pooled funds,Vault updates shares after sending tokens to attacker contract.
1483,Reentrancy Variant 1483,Pull-payment reentrancy,Multiple entry points sharing same state variable,Variant #1483: Pull-payment reentrancy caused by Multiple entry points sharing same state variable. Attacker reenters contract flow before state update.,Partial draining of pooled funds,Attacker leverages ERC777 tokens to reenter before balance is updated.
1484,Reentrancy Variant 1484,Withdraw-before-update reentrancy,Multiple entry points sharing same state variable,Variant #1484: Withdraw-before-update reentrancy caused by Multiple entry points sharing same state variable. Attacker reenters contract flow before state update.,Inflated share minting,Vault updates shares after sending tokens to attacker contract.
1485,Reentrancy Variant 1485,ERC777-hook reentrancy,Unsafe external call to attacker contract,Variant #1485: ERC777-hook reentrancy caused by Unsafe external call to attacker contract. Attacker reenters contract flow before state update.,Unauthorized repeated withdrawals,Attacker leverages ERC777 tokens to reenter before balance is updated.
1486,Reentrancy Variant 1486,ERC777-hook reentrancy,Fallback invoked before state lock,Variant #1486: ERC777-hook reentrancy caused by Fallback invoked before state lock. Attacker reenters contract flow before state update.,Token supply manipulation,Cross-function: deposit() sets state after external token transfer().
1487,Reentrancy Variant 1487,Pull-payment reentrancy,Multiple entry points sharing same state variable,Variant #1487: Pull-payment reentrancy caused by Multiple entry points sharing same state variable. Attacker reenters contract flow before state update.,Unauthorized repeated withdrawals,Attacker leverages ERC777 tokens to reenter before balance is updated.
1488,Reentrancy Variant 1488,ERC777-hook reentrancy,Recursive callback before mutation,Variant #1488: ERC777-hook reentrancy caused by Recursive callback before mutation. Attacker reenters contract flow before state update.,Unauthorized repeated withdrawals,Cross-function: deposit() sets state after external token transfer().
1489,Reentrancy Variant 1489,Recursive fallback reentrancy,Recursive callback before mutation,Variant #1489: Recursive fallback reentrancy caused by Recursive callback before mutation. Attacker reenters contract flow before state update.,Draining rewards pool,Attacker leverages ERC777 tokens to reenter before balance is updated.
1490,Reentrancy Variant 1490,Pull-payment reentrancy,Hooks triggered without control flow guard,Variant #1490: Pull-payment reentrancy caused by Hooks triggered without control flow guard. Attacker reenters contract flow before state update.,Partial draining of pooled funds,Vault updates shares after sending tokens to attacker contract.
1491,Reentrancy Variant 1491,Withdraw-before-update reentrancy,State updated after external call,Variant #1491: Withdraw-before-update reentrancy caused by State updated after external call. Attacker reenters contract flow before state update.,Complete balance drain,Vault updates shares after sending tokens to attacker contract.
1492,Reentrancy Variant 1492,Withdraw-before-update reentrancy,External call inside loop,Variant #1492: Withdraw-before-update reentrancy caused by External call inside loop. Attacker reenters contract flow before state update.,Inflated share minting,Cross-function: deposit() sets state after external token transfer().
1493,Reentrancy Variant 1493,ERC777-hook reentrancy,External call inside loop,Variant #1493: ERC777-hook reentrancy caused by External call inside loop. Attacker reenters contract flow before state update.,Unauthorized repeated withdrawals,Vault updates shares after sending tokens to attacker contract.
1494,Reentrancy Variant 1494,Single-function reentrancy,Unsafe external call to attacker contract,Variant #1494: Single-function reentrancy caused by Unsafe external call to attacker contract. Attacker reenters contract flow before state update.,Unauthorized repeated withdrawals,Attacker leverages ERC777 tokens to reenter before balance is updated.
1495,Reentrancy Variant 1495,Single-function reentrancy,Upgradeable proxy storage collision,Variant #1495: Single-function reentrancy caused by Upgradeable proxy storage collision. Attacker reenters contract flow before state update.,Inflated share minting,Vault updates shares after sending tokens to attacker contract.
1496,Reentrancy Variant 1496,Reentrancy via delegatecall,External call inside loop,Variant #1496: Reentrancy via delegatecall caused by External call inside loop. Attacker reenters contract flow before state update.,Partial draining of pooled funds,"Attacker calls withdraw(), fallback triggers withdraw() repeatedly."
1497,Reentrancy Variant 1497,Pull-payment reentrancy,Hooks triggered without control flow guard,Variant #1497: Pull-payment reentrancy caused by Hooks triggered without control flow guard. Attacker reenters contract flow before state update.,Inflated share minting,"Attacker calls withdraw(), fallback triggers withdraw() repeatedly."
1498,Reentrancy Variant 1498,Recursive fallback reentrancy,Recursive callback before mutation,Variant #1498: Recursive fallback reentrancy caused by Recursive callback before mutation. Attacker reenters contract flow before state update.,Partial draining of pooled funds,Cross-function: deposit() sets state after external token transfer().
1499,Reentrancy Variant 1499,Cross-function reentrancy,State updated after external call,Variant #1499: Cross-function reentrancy caused by State updated after external call. Attacker reenters contract flow before state update.,Partial draining of pooled funds,Vault updates shares after sending tokens to attacker contract.
1500,Reentrancy Variant 1500,Recursive fallback reentrancy,Balance checked after transfer,Variant #1500: Recursive fallback reentrancy caused by Balance checked after transfer. Attacker reenters contract flow before state update.,Complete balance drain,Vault updates shares after sending tokens to attacker contract.
1501,Reentrancy Variant 1501,Pull-payment reentrancy,State updated after external call,Variant #1501: Pull-payment reentrancy caused by State updated after external call. Attacker reenters contract flow before state update.,Unauthorized repeated withdrawals,Vault updates shares after sending tokens to attacker contract.
1502,Reentrancy Variant 1502,Cross-contract reentrancy,Unsafe external call to attacker contract,Variant #1502: Cross-contract reentrancy caused by Unsafe external call to attacker contract. Attacker reenters contract flow before state update.,Inflated share minting,Attacker leverages ERC777 tokens to reenter before balance is updated.
1503,Reentrancy Variant 1503,Cross-function reentrancy,Hooks triggered without control flow guard,Variant #1503: Cross-function reentrancy caused by Hooks triggered without control flow guard. Attacker reenters contract flow before state update.,Partial draining of pooled funds,Vault updates shares after sending tokens to attacker contract.
1504,Reentrancy Variant 1504,Reentrancy via delegatecall,Recursive callback before mutation,Variant #1504: Reentrancy via delegatecall caused by Recursive callback before mutation. Attacker reenters contract flow before state update.,Unauthorized repeated withdrawals,"Attacker calls withdraw(), fallback triggers withdraw() repeatedly."
1505,Reentrancy Variant 1505,Pull-payment reentrancy,Balance checked after transfer,Variant #1505: Pull-payment reentrancy caused by Balance checked after transfer. Attacker reenters contract flow before state update.,Token supply manipulation,"Attacker calls withdraw(), fallback triggers withdraw() repeatedly."
1506,Reentrancy Variant 1506,Pull-payment reentrancy,Unsafe external call to attacker contract,Variant #1506: Pull-payment reentrancy caused by Unsafe external call to attacker contract. Attacker reenters contract flow before state update.,Token supply manipulation,Attacker leverages ERC777 tokens to reenter before balance is updated.
1507,Reentrancy Variant 1507,Recursive fallback reentrancy,Fallback invoked before state lock,Variant #1507: Recursive fallback reentrancy caused by Fallback invoked before state lock. Attacker reenters contract flow before state update.,Bypassing access restrictions,Attacker leverages ERC777 tokens to reenter before balance is updated.
1508,Reentrancy Variant 1508,Withdraw-before-update reentrancy,Recursive callback before mutation,Variant #1508: Withdraw-before-update reentrancy caused by Recursive callback before mutation. Attacker reenters contract flow before state update.,Unauthorized repeated withdrawals,Attacker leverages ERC777 tokens to reenter before balance is updated.
1509,Reentrancy Variant 1509,Single-function reentrancy,Unsafe external call to attacker contract,Variant #1509: Single-function reentrancy caused by Unsafe external call to attacker contract. Attacker reenters contract flow before state update.,Token supply manipulation,Cross-function: deposit() sets state after external token transfer().
1510,Reentrancy Variant 1510,Cross-contract reentrancy,Fallback invoked before state lock,Variant #1510: Cross-contract reentrancy caused by Fallback invoked before state lock. Attacker reenters contract flow before state update.,Unauthorized repeated withdrawals,Cross-function: deposit() sets state after external token transfer().
1511,Reentrancy Variant 1511,State-dependent reentrancy,Upgradeable proxy storage collision,Variant #1511: State-dependent reentrancy caused by Upgradeable proxy storage collision. Attacker reenters contract flow before state update.,Inflated share minting,Attacker leverages ERC777 tokens to reenter before balance is updated.
1512,Reentrancy Variant 1512,Pull-payment reentrancy,Balance checked after transfer,Variant #1512: Pull-payment reentrancy caused by Balance checked after transfer. Attacker reenters contract flow before state update.,Complete balance drain,Vault updates shares after sending tokens to attacker contract.
1513,Reentrancy Variant 1513,Cross-contract reentrancy,Fallback invoked before state lock,Variant #1513: Cross-contract reentrancy caused by Fallback invoked before state lock. Attacker reenters contract flow before state update.,Draining rewards pool,"Attacker calls withdraw(), fallback triggers withdraw() repeatedly."
1514,Reentrancy Variant 1514,Cross-contract reentrancy,Hooks triggered without control flow guard,Variant #1514: Cross-contract reentrancy caused by Hooks triggered without control flow guard. Attacker reenters contract flow before state update.,Partial draining of pooled funds,"Attacker calls withdraw(), fallback triggers withdraw() repeatedly."
1515,Reentrancy Variant 1515,Cross-contract reentrancy,Recursive callback before mutation,Variant #1515: Cross-contract reentrancy caused by Recursive callback before mutation. Attacker reenters contract flow before state update.,Unauthorized repeated withdrawals,"Attacker calls withdraw(), fallback triggers withdraw() repeatedly."
1516,Reentrancy Variant 1516,Single-function reentrancy,Multiple entry points sharing same state variable,Variant #1516: Single-function reentrancy caused by Multiple entry points sharing same state variable. Attacker reenters contract flow before state update.,Token supply manipulation,"Attacker calls withdraw(), fallback triggers withdraw() repeatedly."
1517,Reentrancy Variant 1517,State-dependent reentrancy,Upgradeable proxy storage collision,Variant #1517: State-dependent reentrancy caused by Upgradeable proxy storage collision. Attacker reenters contract flow before state update.,Unauthorized repeated withdrawals,Vault updates shares after sending tokens to attacker contract.
1518,Reentrancy Variant 1518,Recursive fallback reentrancy,Fallback invoked before state lock,Variant #1518: Recursive fallback reentrancy caused by Fallback invoked before state lock. Attacker reenters contract flow before state update.,Inflated share minting,Vault updates shares after sending tokens to attacker contract.
1519,Reentrancy Variant 1519,Read-only reentrancy,Upgradeable proxy storage collision,Variant #1519: Read-only reentrancy caused by Upgradeable proxy storage collision. Attacker reenters contract flow before state update.,Complete balance drain,Attacker leverages ERC777 tokens to reenter before balance is updated.
1520,Reentrancy Variant 1520,ERC777-hook reentrancy,Unsafe external call to attacker contract,Variant #1520: ERC777-hook reentrancy caused by Unsafe external call to attacker contract. Attacker reenters contract flow before state update.,Token supply manipulation,"Attacker calls withdraw(), fallback triggers withdraw() repeatedly."
1521,Reentrancy Variant 1521,Single-function reentrancy,Multiple entry points sharing same state variable,Variant #1521: Single-function reentrancy caused by Multiple entry points sharing same state variable. Attacker reenters contract flow before state update.,Bypassing access restrictions,Cross-function: deposit() sets state after external token transfer().
1522,Reentrancy Variant 1522,State-dependent reentrancy,Fallback invoked before state lock,Variant #1522: State-dependent reentrancy caused by Fallback invoked before state lock. Attacker reenters contract flow before state update.,Inflated share minting,Vault updates shares after sending tokens to attacker contract.
1523,Reentrancy Variant 1523,Pull-payment reentrancy,Multiple entry points sharing same state variable,Variant #1523: Pull-payment reentrancy caused by Multiple entry points sharing same state variable. Attacker reenters contract flow before state update.,Token supply manipulation,Attacker leverages ERC777 tokens to reenter before balance is updated.
1524,Reentrancy Variant 1524,Single-function reentrancy,Upgradeable proxy storage collision,Variant #1524: Single-function reentrancy caused by Upgradeable proxy storage collision. Attacker reenters contract flow before state update.,Bypassing access restrictions,Cross-function: deposit() sets state after external token transfer().
1525,Reentrancy Variant 1525,Cross-contract reentrancy,Missing reentrancy guard,Variant #1525: Cross-contract reentrancy caused by Missing reentrancy guard. Attacker reenters contract flow before state update.,Token supply manipulation,Attacker leverages ERC777 tokens to reenter before balance is updated.
1526,Reentrancy Variant 1526,Pull-payment reentrancy,Recursive callback before mutation,Variant #1526: Pull-payment reentrancy caused by Recursive callback before mutation. Attacker reenters contract flow before state update.,Unauthorized repeated withdrawals,Cross-function: deposit() sets state after external token transfer().
1527,Reentrancy Variant 1527,Single-function reentrancy,Upgradeable proxy storage collision,Variant #1527: Single-function reentrancy caused by Upgradeable proxy storage collision. Attacker reenters contract flow before state update.,Complete balance drain,Attacker leverages ERC777 tokens to reenter before balance is updated.
1528,Reentrancy Variant 1528,Pull-payment reentrancy,Fallback invoked before state lock,Variant #1528: Pull-payment reentrancy caused by Fallback invoked before state lock. Attacker reenters contract flow before state update.,Token supply manipulation,Vault updates shares after sending tokens to attacker contract.
1529,Reentrancy Variant 1529,Recursive fallback reentrancy,Balance checked after transfer,Variant #1529: Recursive fallback reentrancy caused by Balance checked after transfer. Attacker reenters contract flow before state update.,Draining rewards pool,Vault updates shares after sending tokens to attacker contract.
1530,Reentrancy Variant 1530,Pull-payment reentrancy,External call inside loop,Variant #1530: Pull-payment reentrancy caused by External call inside loop. Attacker reenters contract flow before state update.,Token supply manipulation,Vault updates shares after sending tokens to attacker contract.
1531,Reentrancy Variant 1531,Recursive fallback reentrancy,External call inside loop,Variant #1531: Recursive fallback reentrancy caused by External call inside loop. Attacker reenters contract flow before state update.,Unauthorized repeated withdrawals,Cross-function: deposit() sets state after external token transfer().
1532,Reentrancy Variant 1532,Read-only reentrancy,Missing reentrancy guard,Variant #1532: Read-only reentrancy caused by Missing reentrancy guard. Attacker reenters contract flow before state update.,Unauthorized repeated withdrawals,Cross-function: deposit() sets state after external token transfer().
1533,Reentrancy Variant 1533,Single-function reentrancy,Unsafe external call to attacker contract,Variant #1533: Single-function reentrancy caused by Unsafe external call to attacker contract. Attacker reenters contract flow before state update.,Inflated share minting,"Attacker calls withdraw(), fallback triggers withdraw() repeatedly."
1534,Reentrancy Variant 1534,Withdraw-before-update reentrancy,Balance checked after transfer,Variant #1534: Withdraw-before-update reentrancy caused by Balance checked after transfer. Attacker reenters contract flow before state update.,Partial draining of pooled funds,"Attacker calls withdraw(), fallback triggers withdraw() repeatedly."
1535,Reentrancy Variant 1535,Reentrancy via delegatecall,Fallback invoked before state lock,Variant #1535: Reentrancy via delegatecall caused by Fallback invoked before state lock. Attacker reenters contract flow before state update.,Complete balance drain,"Attacker calls withdraw(), fallback triggers withdraw() repeatedly."
1536,Reentrancy Variant 1536,Recursive fallback reentrancy,Recursive callback before mutation,Variant #1536: Recursive fallback reentrancy caused by Recursive callback before mutation. Attacker reenters contract flow before state update.,Unauthorized repeated withdrawals,Vault updates shares after sending tokens to attacker contract.
1537,Reentrancy Variant 1537,State-dependent reentrancy,Multiple entry points sharing same state variable,Variant #1537: State-dependent reentrancy caused by Multiple entry points sharing same state variable. Attacker reenters contract flow before state update.,Bypassing access restrictions,Vault updates shares after sending tokens to attacker contract.
1538,Reentrancy Variant 1538,Reentrancy via delegatecall,External call inside loop,Variant #1538: Reentrancy via delegatecall caused by External call inside loop. Attacker reenters contract flow before state update.,Draining rewards pool,Vault updates shares after sending tokens to attacker contract.
1539,Reentrancy Variant 1539,Pull-payment reentrancy,Recursive callback before mutation,Variant #1539: Pull-payment reentrancy caused by Recursive callback before mutation. Attacker reenters contract flow before state update.,Draining rewards pool,Attacker leverages ERC777 tokens to reenter before balance is updated.
1540,Reentrancy Variant 1540,Recursive fallback reentrancy,Unsafe external call to attacker contract,Variant #1540: Recursive fallback reentrancy caused by Unsafe external call to attacker contract. Attacker reenters contract flow before state update.,Inflated share minting,"Attacker calls withdraw(), fallback triggers withdraw() repeatedly."
1541,Reentrancy Variant 1541,Cross-contract reentrancy,Fallback invoked before state lock,Variant #1541: Cross-contract reentrancy caused by Fallback invoked before state lock. Attacker reenters contract flow before state update.,Inflated share minting,"Attacker calls withdraw(), fallback triggers withdraw() repeatedly."
1542,Reentrancy Variant 1542,Pull-payment reentrancy,Fallback invoked before state lock,Variant #1542: Pull-payment reentrancy caused by Fallback invoked before state lock. Attacker reenters contract flow before state update.,Bypassing access restrictions,"Attacker calls withdraw(), fallback triggers withdraw() repeatedly."
1543,Reentrancy Variant 1543,State-dependent reentrancy,Fallback invoked before state lock,Variant #1543: State-dependent reentrancy caused by Fallback invoked before state lock. Attacker reenters contract flow before state update.,Token supply manipulation,Attacker leverages ERC777 tokens to reenter before balance is updated.
1544,Reentrancy Variant 1544,State-dependent reentrancy,Fallback invoked before state lock,Variant #1544: State-dependent reentrancy caused by Fallback invoked before state lock. Attacker reenters contract flow before state update.,Inflated share minting,Attacker leverages ERC777 tokens to reenter before balance is updated.
1545,Reentrancy Variant 1545,Recursive fallback reentrancy,Unsafe external call to attacker contract,Variant #1545: Recursive fallback reentrancy caused by Unsafe external call to attacker contract. Attacker reenters contract flow before state update.,Bypassing access restrictions,Vault updates shares after sending tokens to attacker contract.
1546,Reentrancy Variant 1546,Recursive fallback reentrancy,Recursive callback before mutation,Variant #1546: Recursive fallback reentrancy caused by Recursive callback before mutation. Attacker reenters contract flow before state update.,Partial draining of pooled funds,"Attacker calls withdraw(), fallback triggers withdraw() repeatedly."
1547,Reentrancy Variant 1547,Reentrancy via delegatecall,Unsafe external call to attacker contract,Variant #1547: Reentrancy via delegatecall caused by Unsafe external call to attacker contract. Attacker reenters contract flow before state update.,Bypassing access restrictions,Attacker leverages ERC777 tokens to reenter before balance is updated.
1548,Reentrancy Variant 1548,Pull-payment reentrancy,Upgradeable proxy storage collision,Variant #1548: Pull-payment reentrancy caused by Upgradeable proxy storage collision. Attacker reenters contract flow before state update.,Draining rewards pool,Cross-function: deposit() sets state after external token transfer().
1549,Reentrancy Variant 1549,Cross-contract reentrancy,Recursive callback before mutation,Variant #1549: Cross-contract reentrancy caused by Recursive callback before mutation. Attacker reenters contract flow before state update.,Partial draining of pooled funds,"Attacker calls withdraw(), fallback triggers withdraw() repeatedly."
1550,Reentrancy Variant 1550,State-dependent reentrancy,Missing reentrancy guard,Variant #1550: State-dependent reentrancy caused by Missing reentrancy guard. Attacker reenters contract flow before state update.,Draining rewards pool,Cross-function: deposit() sets state after external token transfer().
1551,Reentrancy Variant 1551,Reentrancy via delegatecall,Upgradeable proxy storage collision,Variant #1551: Reentrancy via delegatecall caused by Upgradeable proxy storage collision. Attacker reenters contract flow before state update.,Partial draining of pooled funds,"Attacker calls withdraw(), fallback triggers withdraw() repeatedly."
1552,Reentrancy Variant 1552,State-dependent reentrancy,Upgradeable proxy storage collision,Variant #1552: State-dependent reentrancy caused by Upgradeable proxy storage collision. Attacker reenters contract flow before state update.,Inflated share minting,Cross-function: deposit() sets state after external token transfer().
1553,Reentrancy Variant 1553,Cross-function reentrancy,State updated after external call,Variant #1553: Cross-function reentrancy caused by State updated after external call. Attacker reenters contract flow before state update.,Inflated share minting,Vault updates shares after sending tokens to attacker contract.
1554,Reentrancy Variant 1554,Read-only reentrancy,Fallback invoked before state lock,Variant #1554: Read-only reentrancy caused by Fallback invoked before state lock. Attacker reenters contract flow before state update.,Token supply manipulation,Vault updates shares after sending tokens to attacker contract.
1555,Reentrancy Variant 1555,Cross-contract reentrancy,Unsafe external call to attacker contract,Variant #1555: Cross-contract reentrancy caused by Unsafe external call to attacker contract. Attacker reenters contract flow before state update.,Complete balance drain,"Attacker calls withdraw(), fallback triggers withdraw() repeatedly."
1556,Reentrancy Variant 1556,Cross-contract reentrancy,Unsafe external call to attacker contract,Variant #1556: Cross-contract reentrancy caused by Unsafe external call to attacker contract. Attacker reenters contract flow before state update.,Partial draining of pooled funds,"Attacker calls withdraw(), fallback triggers withdraw() repeatedly."
1557,Reentrancy Variant 1557,Recursive fallback reentrancy,Unsafe external call to attacker contract,Variant #1557: Recursive fallback reentrancy caused by Unsafe external call to attacker contract. Attacker reenters contract flow before state update.,Bypassing access restrictions,Vault updates shares after sending tokens to attacker contract.
1558,Reentrancy Variant 1558,State-dependent reentrancy,Hooks triggered without control flow guard,Variant #1558: State-dependent reentrancy caused by Hooks triggered without control flow guard. Attacker reenters contract flow before state update.,Draining rewards pool,Attacker leverages ERC777 tokens to reenter before balance is updated.
1559,Reentrancy Variant 1559,Cross-contract reentrancy,Unsafe external call to attacker contract,Variant #1559: Cross-contract reentrancy caused by Unsafe external call to attacker contract. Attacker reenters contract flow before state update.,Draining rewards pool,Vault updates shares after sending tokens to attacker contract.
1560,Reentrancy Variant 1560,Pull-payment reentrancy,Upgradeable proxy storage collision,Variant #1560: Pull-payment reentrancy caused by Upgradeable proxy storage collision. Attacker reenters contract flow before state update.,Bypassing access restrictions,Vault updates shares after sending tokens to attacker contract.
1561,Reentrancy Variant 1561,Pull-payment reentrancy,External call inside loop,Variant #1561: Pull-payment reentrancy caused by External call inside loop. Attacker reenters contract flow before state update.,Draining rewards pool,Attacker leverages ERC777 tokens to reenter before balance is updated.
1562,Reentrancy Variant 1562,Recursive fallback reentrancy,Balance checked after transfer,Variant #1562: Recursive fallback reentrancy caused by Balance checked after transfer. Attacker reenters contract flow before state update.,Token supply manipulation,Cross-function: deposit() sets state after external token transfer().
1563,Reentrancy Variant 1563,Recursive fallback reentrancy,Recursive callback before mutation,Variant #1563: Recursive fallback reentrancy caused by Recursive callback before mutation. Attacker reenters contract flow before state update.,Token supply manipulation,Vault updates shares after sending tokens to attacker contract.
1564,Reentrancy Variant 1564,Read-only reentrancy,Missing reentrancy guard,Variant #1564: Read-only reentrancy caused by Missing reentrancy guard. Attacker reenters contract flow before state update.,Draining rewards pool,Vault updates shares after sending tokens to attacker contract.
1565,Reentrancy Variant 1565,Cross-function reentrancy,Missing reentrancy guard,Variant #1565: Cross-function reentrancy caused by Missing reentrancy guard. Attacker reenters contract flow before state update.,Draining rewards pool,Vault updates shares after sending tokens to attacker contract.
1566,Reentrancy Variant 1566,Single-function reentrancy,Unsafe external call to attacker contract,Variant #1566: Single-function reentrancy caused by Unsafe external call to attacker contract. Attacker reenters contract flow before state update.,Draining rewards pool,Attacker leverages ERC777 tokens to reenter before balance is updated.
1567,Reentrancy Variant 1567,Single-function reentrancy,Missing reentrancy guard,Variant #1567: Single-function reentrancy caused by Missing reentrancy guard. Attacker reenters contract flow before state update.,Inflated share minting,Attacker leverages ERC777 tokens to reenter before balance is updated.
1568,Reentrancy Variant 1568,Pull-payment reentrancy,Missing reentrancy guard,Variant #1568: Pull-payment reentrancy caused by Missing reentrancy guard. Attacker reenters contract flow before state update.,Draining rewards pool,Cross-function: deposit() sets state after external token transfer().
1569,Reentrancy Variant 1569,Reentrancy via delegatecall,Fallback invoked before state lock,Variant #1569: Reentrancy via delegatecall caused by Fallback invoked before state lock. Attacker reenters contract flow before state update.,Complete balance drain,Attacker leverages ERC777 tokens to reenter before balance is updated.
1570,Reentrancy Variant 1570,State-dependent reentrancy,External call inside loop,Variant #1570: State-dependent reentrancy caused by External call inside loop. Attacker reenters contract flow before state update.,Partial draining of pooled funds,Attacker leverages ERC777 tokens to reenter before balance is updated.
1571,Reentrancy Variant 1571,Reentrancy via delegatecall,Balance checked after transfer,Variant #1571: Reentrancy via delegatecall caused by Balance checked after transfer. Attacker reenters contract flow before state update.,Draining rewards pool,Cross-function: deposit() sets state after external token transfer().
1572,Reentrancy Variant 1572,Cross-contract reentrancy,Fallback invoked before state lock,Variant #1572: Cross-contract reentrancy caused by Fallback invoked before state lock. Attacker reenters contract flow before state update.,Draining rewards pool,Vault updates shares after sending tokens to attacker contract.
1573,Reentrancy Variant 1573,Withdraw-before-update reentrancy,Fallback invoked before state lock,Variant #1573: Withdraw-before-update reentrancy caused by Fallback invoked before state lock. Attacker reenters contract flow before state update.,Draining rewards pool,"Attacker calls withdraw(), fallback triggers withdraw() repeatedly."
1574,Reentrancy Variant 1574,Cross-contract reentrancy,Fallback invoked before state lock,Variant #1574: Cross-contract reentrancy caused by Fallback invoked before state lock. Attacker reenters contract flow before state update.,Unauthorized repeated withdrawals,Cross-function: deposit() sets state after external token transfer().
1575,Reentrancy Variant 1575,Reentrancy via delegatecall,Upgradeable proxy storage collision,Variant #1575: Reentrancy via delegatecall caused by Upgradeable proxy storage collision. Attacker reenters contract flow before state update.,Inflated share minting,Attacker leverages ERC777 tokens to reenter before balance is updated.
1576,Reentrancy Variant 1576,Reentrancy via delegatecall,Unsafe external call to attacker contract,Variant #1576: Reentrancy via delegatecall caused by Unsafe external call to attacker contract. Attacker reenters contract flow before state update.,Draining rewards pool,Cross-function: deposit() sets state after external token transfer().
1577,Reentrancy Variant 1577,Cross-contract reentrancy,Multiple entry points sharing same state variable,Variant #1577: Cross-contract reentrancy caused by Multiple entry points sharing same state variable. Attacker reenters contract flow before state update.,Draining rewards pool,"Attacker calls withdraw(), fallback triggers withdraw() repeatedly."
1578,Reentrancy Variant 1578,Reentrancy via delegatecall,Unsafe external call to attacker contract,Variant #1578: Reentrancy via delegatecall caused by Unsafe external call to attacker contract. Attacker reenters contract flow before state update.,Partial draining of pooled funds,Cross-function: deposit() sets state after external token transfer().
1579,Reentrancy Variant 1579,Read-only reentrancy,External call inside loop,Variant #1579: Read-only reentrancy caused by External call inside loop. Attacker reenters contract flow before state update.,Partial draining of pooled funds,Cross-function: deposit() sets state after external token transfer().
1580,Reentrancy Variant 1580,Withdraw-before-update reentrancy,Multiple entry points sharing same state variable,Variant #1580: Withdraw-before-update reentrancy caused by Multiple entry points sharing same state variable. Attacker reenters contract flow before state update.,Inflated share minting,Attacker leverages ERC777 tokens to reenter before balance is updated.
1581,Reentrancy Variant 1581,Reentrancy via delegatecall,External call inside loop,Variant #1581: Reentrancy via delegatecall caused by External call inside loop. Attacker reenters contract flow before state update.,Bypassing access restrictions,Attacker leverages ERC777 tokens to reenter before balance is updated.
1582,Reentrancy Variant 1582,Cross-function reentrancy,Fallback invoked before state lock,Variant #1582: Cross-function reentrancy caused by Fallback invoked before state lock. Attacker reenters contract flow before state update.,Unauthorized repeated withdrawals,Cross-function: deposit() sets state after external token transfer().
1583,Reentrancy Variant 1583,Withdraw-before-update reentrancy,Unsafe external call to attacker contract,Variant #1583: Withdraw-before-update reentrancy caused by Unsafe external call to attacker contract. Attacker reenters contract flow before state update.,Partial draining of pooled funds,Vault updates shares after sending tokens to attacker contract.
1584,Reentrancy Variant 1584,Read-only reentrancy,Unsafe external call to attacker contract,Variant #1584: Read-only reentrancy caused by Unsafe external call to attacker contract. Attacker reenters contract flow before state update.,Inflated share minting,Attacker leverages ERC777 tokens to reenter before balance is updated.
1585,Reentrancy Variant 1585,Single-function reentrancy,State updated after external call,Variant #1585: Single-function reentrancy caused by State updated after external call. Attacker reenters contract flow before state update.,Unauthorized repeated withdrawals,"Attacker calls withdraw(), fallback triggers withdraw() repeatedly."
1586,Reentrancy Variant 1586,Read-only reentrancy,Hooks triggered without control flow guard,Variant #1586: Read-only reentrancy caused by Hooks triggered without control flow guard. Attacker reenters contract flow before state update.,Unauthorized repeated withdrawals,Vault updates shares after sending tokens to attacker contract.
1587,Reentrancy Variant 1587,State-dependent reentrancy,Balance checked after transfer,Variant #1587: State-dependent reentrancy caused by Balance checked after transfer. Attacker reenters contract flow before state update.,Bypassing access restrictions,Attacker leverages ERC777 tokens to reenter before balance is updated.
1588,Reentrancy Variant 1588,Pull-payment reentrancy,Missing reentrancy guard,Variant #1588: Pull-payment reentrancy caused by Missing reentrancy guard. Attacker reenters contract flow before state update.,Token supply manipulation,Vault updates shares after sending tokens to attacker contract.
1589,Reentrancy Variant 1589,Cross-function reentrancy,External call inside loop,Variant #1589: Cross-function reentrancy caused by External call inside loop. Attacker reenters contract flow before state update.,Unauthorized repeated withdrawals,Cross-function: deposit() sets state after external token transfer().
1590,Reentrancy Variant 1590,State-dependent reentrancy,Balance checked after transfer,Variant #1590: State-dependent reentrancy caused by Balance checked after transfer. Attacker reenters contract flow before state update.,Unauthorized repeated withdrawals,Vault updates shares after sending tokens to attacker contract.
1591,Reentrancy Variant 1591,State-dependent reentrancy,State updated after external call,Variant #1591: State-dependent reentrancy caused by State updated after external call. Attacker reenters contract flow before state update.,Partial draining of pooled funds,Vault updates shares after sending tokens to attacker contract.
1592,Reentrancy Variant 1592,Withdraw-before-update reentrancy,Missing reentrancy guard,Variant #1592: Withdraw-before-update reentrancy caused by Missing reentrancy guard. Attacker reenters contract flow before state update.,Complete balance drain,Vault updates shares after sending tokens to attacker contract.
1593,Reentrancy Variant 1593,Cross-contract reentrancy,Fallback invoked before state lock,Variant #1593: Cross-contract reentrancy caused by Fallback invoked before state lock. Attacker reenters contract flow before state update.,Complete balance drain,"Attacker calls withdraw(), fallback triggers withdraw() repeatedly."
1594,Reentrancy Variant 1594,State-dependent reentrancy,External call inside loop,Variant #1594: State-dependent reentrancy caused by External call inside loop. Attacker reenters contract flow before state update.,Token supply manipulation,Vault updates shares after sending tokens to attacker contract.
1595,Reentrancy Variant 1595,State-dependent reentrancy,Fallback invoked before state lock,Variant #1595: State-dependent reentrancy caused by Fallback invoked before state lock. Attacker reenters contract flow before state update.,Complete balance drain,Vault updates shares after sending tokens to attacker contract.
1596,Reentrancy Variant 1596,Reentrancy via delegatecall,Missing reentrancy guard,Variant #1596: Reentrancy via delegatecall caused by Missing reentrancy guard. Attacker reenters contract flow before state update.,Bypassing access restrictions,Cross-function: deposit() sets state after external token transfer().
1597,Reentrancy Variant 1597,Recursive fallback reentrancy,Fallback invoked before state lock,Variant #1597: Recursive fallback reentrancy caused by Fallback invoked before state lock. Attacker reenters contract flow before state update.,Inflated share minting,Attacker leverages ERC777 tokens to reenter before balance is updated.
1598,Reentrancy Variant 1598,Cross-contract reentrancy,Recursive callback before mutation,Variant #1598: Cross-contract reentrancy caused by Recursive callback before mutation. Attacker reenters contract flow before state update.,Token supply manipulation,"Attacker calls withdraw(), fallback triggers withdraw() repeatedly."
1599,Reentrancy Variant 1599,Pull-payment reentrancy,State updated after external call,Variant #1599: Pull-payment reentrancy caused by State updated after external call. Attacker reenters contract flow before state update.,Draining rewards pool,Cross-function: deposit() sets state after external token transfer().
1600,Reentrancy Variant 1600,Single-function reentrancy,Missing reentrancy guard,Variant #1600: Single-function reentrancy caused by Missing reentrancy guard. Attacker reenters contract flow before state update.,Partial draining of pooled funds,Cross-function: deposit() sets state after external token transfer().
1601,Reentrancy Variant 1601,Read-only reentrancy,External call inside loop,Variant #1601: Read-only reentrancy caused by External call inside loop. Attacker reenters contract flow before state update.,Inflated share minting,Vault updates shares after sending tokens to attacker contract.
1602,Reentrancy Variant 1602,Withdraw-before-update reentrancy,Fallback invoked before state lock,Variant #1602: Withdraw-before-update reentrancy caused by Fallback invoked before state lock. Attacker reenters contract flow before state update.,Complete balance drain,Cross-function: deposit() sets state after external token transfer().
1603,Reentrancy Variant 1603,Withdraw-before-update reentrancy,Fallback invoked before state lock,Variant #1603: Withdraw-before-update reentrancy caused by Fallback invoked before state lock. Attacker reenters contract flow before state update.,Token supply manipulation,"Attacker calls withdraw(), fallback triggers withdraw() repeatedly."
1604,Reentrancy Variant 1604,Withdraw-before-update reentrancy,Missing reentrancy guard,Variant #1604: Withdraw-before-update reentrancy caused by Missing reentrancy guard. Attacker reenters contract flow before state update.,Inflated share minting,Cross-function: deposit() sets state after external token transfer().
1605,Reentrancy Variant 1605,Pull-payment reentrancy,Fallback invoked before state lock,Variant #1605: Pull-payment reentrancy caused by Fallback invoked before state lock. Attacker reenters contract flow before state update.,Partial draining of pooled funds,"Attacker calls withdraw(), fallback triggers withdraw() repeatedly."
1606,Reentrancy Variant 1606,Read-only reentrancy,Unsafe external call to attacker contract,Variant #1606: Read-only reentrancy caused by Unsafe external call to attacker contract. Attacker reenters contract flow before state update.,Draining rewards pool,Attacker leverages ERC777 tokens to reenter before balance is updated.
1607,Reentrancy Variant 1607,Read-only reentrancy,State updated after external call,Variant #1607: Read-only reentrancy caused by State updated after external call. Attacker reenters contract flow before state update.,Complete balance drain,Vault updates shares after sending tokens to attacker contract.
1608,Reentrancy Variant 1608,Cross-contract reentrancy,Fallback invoked before state lock,Variant #1608: Cross-contract reentrancy caused by Fallback invoked before state lock. Attacker reenters contract flow before state update.,Partial draining of pooled funds,Attacker leverages ERC777 tokens to reenter before balance is updated.
1609,Reentrancy Variant 1609,Pull-payment reentrancy,State updated after external call,Variant #1609: Pull-payment reentrancy caused by State updated after external call. Attacker reenters contract flow before state update.,Token supply manipulation,Vault updates shares after sending tokens to attacker contract.
1610,Reentrancy Variant 1610,Reentrancy via delegatecall,Fallback invoked before state lock,Variant #1610: Reentrancy via delegatecall caused by Fallback invoked before state lock. Attacker reenters contract flow before state update.,Partial draining of pooled funds,Vault updates shares after sending tokens to attacker contract.
1611,Reentrancy Variant 1611,Read-only reentrancy,External call inside loop,Variant #1611: Read-only reentrancy caused by External call inside loop. Attacker reenters contract flow before state update.,Token supply manipulation,Attacker leverages ERC777 tokens to reenter before balance is updated.
1612,Reentrancy Variant 1612,Recursive fallback reentrancy,External call inside loop,Variant #1612: Recursive fallback reentrancy caused by External call inside loop. Attacker reenters contract flow before state update.,Inflated share minting,Vault updates shares after sending tokens to attacker contract.
1613,Reentrancy Variant 1613,Cross-function reentrancy,Hooks triggered without control flow guard,Variant #1613: Cross-function reentrancy caused by Hooks triggered without control flow guard. Attacker reenters contract flow before state update.,Partial draining of pooled funds,Vault updates shares after sending tokens to attacker contract.
1614,Reentrancy Variant 1614,Withdraw-before-update reentrancy,State updated after external call,Variant #1614: Withdraw-before-update reentrancy caused by State updated after external call. Attacker reenters contract flow before state update.,Unauthorized repeated withdrawals,Attacker leverages ERC777 tokens to reenter before balance is updated.
1615,Reentrancy Variant 1615,Cross-contract reentrancy,Hooks triggered without control flow guard,Variant #1615: Cross-contract reentrancy caused by Hooks triggered without control flow guard. Attacker reenters contract flow before state update.,Token supply manipulation,Vault updates shares after sending tokens to attacker contract.
1616,Reentrancy Variant 1616,Withdraw-before-update reentrancy,Fallback invoked before state lock,Variant #1616: Withdraw-before-update reentrancy caused by Fallback invoked before state lock. Attacker reenters contract flow before state update.,Token supply manipulation,Cross-function: deposit() sets state after external token transfer().
1617,Reentrancy Variant 1617,State-dependent reentrancy,Missing reentrancy guard,Variant #1617: State-dependent reentrancy caused by Missing reentrancy guard. Attacker reenters contract flow before state update.,Inflated share minting,Vault updates shares after sending tokens to attacker contract.
1618,Reentrancy Variant 1618,ERC777-hook reentrancy,Balance checked after transfer,Variant #1618: ERC777-hook reentrancy caused by Balance checked after transfer. Attacker reenters contract flow before state update.,Bypassing access restrictions,"Attacker calls withdraw(), fallback triggers withdraw() repeatedly."
1619,Reentrancy Variant 1619,Cross-function reentrancy,Unsafe external call to attacker contract,Variant #1619: Cross-function reentrancy caused by Unsafe external call to attacker contract. Attacker reenters contract flow before state update.,Bypassing access restrictions,Vault updates shares after sending tokens to attacker contract.
1620,Reentrancy Variant 1620,Read-only reentrancy,Unsafe external call to attacker contract,Variant #1620: Read-only reentrancy caused by Unsafe external call to attacker contract. Attacker reenters contract flow before state update.,Draining rewards pool,Cross-function: deposit() sets state after external token transfer().
1621,Reentrancy Variant 1621,State-dependent reentrancy,Missing reentrancy guard,Variant #1621: State-dependent reentrancy caused by Missing reentrancy guard. Attacker reenters contract flow before state update.,Unauthorized repeated withdrawals,"Attacker calls withdraw(), fallback triggers withdraw() repeatedly."
1622,Reentrancy Variant 1622,Pull-payment reentrancy,Multiple entry points sharing same state variable,Variant #1622: Pull-payment reentrancy caused by Multiple entry points sharing same state variable. Attacker reenters contract flow before state update.,Unauthorized repeated withdrawals,Vault updates shares after sending tokens to attacker contract.
1623,Reentrancy Variant 1623,Withdraw-before-update reentrancy,Hooks triggered without control flow guard,Variant #1623: Withdraw-before-update reentrancy caused by Hooks triggered without control flow guard. Attacker reenters contract flow before state update.,Partial draining of pooled funds,"Attacker calls withdraw(), fallback triggers withdraw() repeatedly."
1624,Reentrancy Variant 1624,Single-function reentrancy,Recursive callback before mutation,Variant #1624: Single-function reentrancy caused by Recursive callback before mutation. Attacker reenters contract flow before state update.,Complete balance drain,Vault updates shares after sending tokens to attacker contract.
1625,Reentrancy Variant 1625,Reentrancy via delegatecall,State updated after external call,Variant #1625: Reentrancy via delegatecall caused by State updated after external call. Attacker reenters contract flow before state update.,Draining rewards pool,"Attacker calls withdraw(), fallback triggers withdraw() repeatedly."
1626,Reentrancy Variant 1626,Reentrancy via delegatecall,Unsafe external call to attacker contract,Variant #1626: Reentrancy via delegatecall caused by Unsafe external call to attacker contract. Attacker reenters contract flow before state update.,Token supply manipulation,Cross-function: deposit() sets state after external token transfer().
1627,Reentrancy Variant 1627,Reentrancy via delegatecall,External call inside loop,Variant #1627: Reentrancy via delegatecall caused by External call inside loop. Attacker reenters contract flow before state update.,Bypassing access restrictions,Vault updates shares after sending tokens to attacker contract.
1628,Reentrancy Variant 1628,Cross-function reentrancy,Recursive callback before mutation,Variant #1628: Cross-function reentrancy caused by Recursive callback before mutation. Attacker reenters contract flow before state update.,Inflated share minting,"Attacker calls withdraw(), fallback triggers withdraw() repeatedly."
1629,Reentrancy Variant 1629,Read-only reentrancy,Multiple entry points sharing same state variable,Variant #1629: Read-only reentrancy caused by Multiple entry points sharing same state variable. Attacker reenters contract flow before state update.,Token supply manipulation,Vault updates shares after sending tokens to attacker contract.
1630,Reentrancy Variant 1630,Withdraw-before-update reentrancy,Missing reentrancy guard,Variant #1630: Withdraw-before-update reentrancy caused by Missing reentrancy guard. Attacker reenters contract flow before state update.,Bypassing access restrictions,Attacker leverages ERC777 tokens to reenter before balance is updated.
1631,Reentrancy Variant 1631,State-dependent reentrancy,Balance checked after transfer,Variant #1631: State-dependent reentrancy caused by Balance checked after transfer. Attacker reenters contract flow before state update.,Partial draining of pooled funds,Attacker leverages ERC777 tokens to reenter before balance is updated.
1632,Reentrancy Variant 1632,ERC777-hook reentrancy,Recursive callback before mutation,Variant #1632: ERC777-hook reentrancy caused by Recursive callback before mutation. Attacker reenters contract flow before state update.,Complete balance drain,Cross-function: deposit() sets state after external token transfer().
1633,Reentrancy Variant 1633,Read-only reentrancy,Fallback invoked before state lock,Variant #1633: Read-only reentrancy caused by Fallback invoked before state lock. Attacker reenters contract flow before state update.,Unauthorized repeated withdrawals,Cross-function: deposit() sets state after external token transfer().
1634,Reentrancy Variant 1634,Recursive fallback reentrancy,Upgradeable proxy storage collision,Variant #1634: Recursive fallback reentrancy caused by Upgradeable proxy storage collision. Attacker reenters contract flow before state update.,Complete balance drain,Cross-function: deposit() sets state after external token transfer().
1635,Reentrancy Variant 1635,Cross-function reentrancy,Fallback invoked before state lock,Variant #1635: Cross-function reentrancy caused by Fallback invoked before state lock. Attacker reenters contract flow before state update.,Token supply manipulation,Attacker leverages ERC777 tokens to reenter before balance is updated.
1636,Reentrancy Variant 1636,Pull-payment reentrancy,State updated after external call,Variant #1636: Pull-payment reentrancy caused by State updated after external call. Attacker reenters contract flow before state update.,Bypassing access restrictions,"Attacker calls withdraw(), fallback triggers withdraw() repeatedly."
1637,Reentrancy Variant 1637,Read-only reentrancy,Recursive callback before mutation,Variant #1637: Read-only reentrancy caused by Recursive callback before mutation. Attacker reenters contract flow before state update.,Inflated share minting,Attacker leverages ERC777 tokens to reenter before balance is updated.
1638,Reentrancy Variant 1638,Withdraw-before-update reentrancy,Hooks triggered without control flow guard,Variant #1638: Withdraw-before-update reentrancy caused by Hooks triggered without control flow guard. Attacker reenters contract flow before state update.,Bypassing access restrictions,"Attacker calls withdraw(), fallback triggers withdraw() repeatedly."
1639,Reentrancy Variant 1639,State-dependent reentrancy,Unsafe external call to attacker contract,Variant #1639: State-dependent reentrancy caused by Unsafe external call to attacker contract. Attacker reenters contract flow before state update.,Complete balance drain,Vault updates shares after sending tokens to attacker contract.
1640,Reentrancy Variant 1640,Cross-contract reentrancy,Missing reentrancy guard,Variant #1640: Cross-contract reentrancy caused by Missing reentrancy guard. Attacker reenters contract flow before state update.,Inflated share minting,Cross-function: deposit() sets state after external token transfer().
1641,Reentrancy Variant 1641,Reentrancy via delegatecall,Unsafe external call to attacker contract,Variant #1641: Reentrancy via delegatecall caused by Unsafe external call to attacker contract. Attacker reenters contract flow before state update.,Draining rewards pool,Cross-function: deposit() sets state after external token transfer().
1642,Reentrancy Variant 1642,Single-function reentrancy,Multiple entry points sharing same state variable,Variant #1642: Single-function reentrancy caused by Multiple entry points sharing same state variable. Attacker reenters contract flow before state update.,Unauthorized repeated withdrawals,Attacker leverages ERC777 tokens to reenter before balance is updated.
1643,Reentrancy Variant 1643,Read-only reentrancy,Fallback invoked before state lock,Variant #1643: Read-only reentrancy caused by Fallback invoked before state lock. Attacker reenters contract flow before state update.,Partial draining of pooled funds,Attacker leverages ERC777 tokens to reenter before balance is updated.
1644,Reentrancy Variant 1644,Pull-payment reentrancy,Hooks triggered without control flow guard,Variant #1644: Pull-payment reentrancy caused by Hooks triggered without control flow guard. Attacker reenters contract flow before state update.,Token supply manipulation,Attacker leverages ERC777 tokens to reenter before balance is updated.
1645,Reentrancy Variant 1645,Withdraw-before-update reentrancy,Unsafe external call to attacker contract,Variant #1645: Withdraw-before-update reentrancy caused by Unsafe external call to attacker contract. Attacker reenters contract flow before state update.,Inflated share minting,Vault updates shares after sending tokens to attacker contract.
1646,Reentrancy Variant 1646,State-dependent reentrancy,Recursive callback before mutation,Variant #1646: State-dependent reentrancy caused by Recursive callback before mutation. Attacker reenters contract flow before state update.,Complete balance drain,"Attacker calls withdraw(), fallback triggers withdraw() repeatedly."
1647,Reentrancy Variant 1647,Read-only reentrancy,Fallback invoked before state lock,Variant #1647: Read-only reentrancy caused by Fallback invoked before state lock. Attacker reenters contract flow before state update.,Bypassing access restrictions,Vault updates shares after sending tokens to attacker contract.
1648,Reentrancy Variant 1648,State-dependent reentrancy,State updated after external call,Variant #1648: State-dependent reentrancy caused by State updated after external call. Attacker reenters contract flow before state update.,Inflated share minting,Vault updates shares after sending tokens to attacker contract.
1649,Reentrancy Variant 1649,Withdraw-before-update reentrancy,Missing reentrancy guard,Variant #1649: Withdraw-before-update reentrancy caused by Missing reentrancy guard. Attacker reenters contract flow before state update.,Bypassing access restrictions,Vault updates shares after sending tokens to attacker contract.
1650,Reentrancy Variant 1650,ERC777-hook reentrancy,External call inside loop,Variant #1650: ERC777-hook reentrancy caused by External call inside loop. Attacker reenters contract flow before state update.,Draining rewards pool,"Attacker calls withdraw(), fallback triggers withdraw() repeatedly."
1651,Reentrancy Variant 1651,Recursive fallback reentrancy,External call inside loop,Variant #1651: Recursive fallback reentrancy caused by External call inside loop. Attacker reenters contract flow before state update.,Complete balance drain,Vault updates shares after sending tokens to attacker contract.
1652,Reentrancy Variant 1652,Withdraw-before-update reentrancy,Missing reentrancy guard,Variant #1652: Withdraw-before-update reentrancy caused by Missing reentrancy guard. Attacker reenters contract flow before state update.,Inflated share minting,Vault updates shares after sending tokens to attacker contract.
1653,Reentrancy Variant 1653,ERC777-hook reentrancy,Balance checked after transfer,Variant #1653: ERC777-hook reentrancy caused by Balance checked after transfer. Attacker reenters contract flow before state update.,Bypassing access restrictions,Attacker leverages ERC777 tokens to reenter before balance is updated.
1654,Reentrancy Variant 1654,Reentrancy via delegatecall,Upgradeable proxy storage collision,Variant #1654: Reentrancy via delegatecall caused by Upgradeable proxy storage collision. Attacker reenters contract flow before state update.,Inflated share minting,Attacker leverages ERC777 tokens to reenter before balance is updated.
1655,Reentrancy Variant 1655,Cross-contract reentrancy,State updated after external call,Variant #1655: Cross-contract reentrancy caused by State updated after external call. Attacker reenters contract flow before state update.,Draining rewards pool,"Attacker calls withdraw(), fallback triggers withdraw() repeatedly."
1656,Reentrancy Variant 1656,Withdraw-before-update reentrancy,Balance checked after transfer,Variant #1656: Withdraw-before-update reentrancy caused by Balance checked after transfer. Attacker reenters contract flow before state update.,Complete balance drain,Cross-function: deposit() sets state after external token transfer().
1657,Reentrancy Variant 1657,State-dependent reentrancy,Missing reentrancy guard,Variant #1657: State-dependent reentrancy caused by Missing reentrancy guard. Attacker reenters contract flow before state update.,Bypassing access restrictions,"Attacker calls withdraw(), fallback triggers withdraw() repeatedly."
1658,Reentrancy Variant 1658,ERC777-hook reentrancy,Balance checked after transfer,Variant #1658: ERC777-hook reentrancy caused by Balance checked after transfer. Attacker reenters contract flow before state update.,Bypassing access restrictions,Vault updates shares after sending tokens to attacker contract.
1659,Reentrancy Variant 1659,ERC777-hook reentrancy,Fallback invoked before state lock,Variant #1659: ERC777-hook reentrancy caused by Fallback invoked before state lock. Attacker reenters contract flow before state update.,Complete balance drain,"Attacker calls withdraw(), fallback triggers withdraw() repeatedly."
1660,Reentrancy Variant 1660,Reentrancy via delegatecall,Fallback invoked before state lock,Variant #1660: Reentrancy via delegatecall caused by Fallback invoked before state lock. Attacker reenters contract flow before state update.,Bypassing access restrictions,"Attacker calls withdraw(), fallback triggers withdraw() repeatedly."
1661,Reentrancy Variant 1661,State-dependent reentrancy,Upgradeable proxy storage collision,Variant #1661: State-dependent reentrancy caused by Upgradeable proxy storage collision. Attacker reenters contract flow before state update.,Token supply manipulation,"Attacker calls withdraw(), fallback triggers withdraw() repeatedly."
1662,Reentrancy Variant 1662,ERC777-hook reentrancy,Multiple entry points sharing same state variable,Variant #1662: ERC777-hook reentrancy caused by Multiple entry points sharing same state variable. Attacker reenters contract flow before state update.,Draining rewards pool,Attacker leverages ERC777 tokens to reenter before balance is updated.
1663,Reentrancy Variant 1663,Cross-function reentrancy,Unsafe external call to attacker contract,Variant #1663: Cross-function reentrancy caused by Unsafe external call to attacker contract. Attacker reenters contract flow before state update.,Inflated share minting,Cross-function: deposit() sets state after external token transfer().
1664,Reentrancy Variant 1664,Pull-payment reentrancy,External call inside loop,Variant #1664: Pull-payment reentrancy caused by External call inside loop. Attacker reenters contract flow before state update.,Unauthorized repeated withdrawals,"Attacker calls withdraw(), fallback triggers withdraw() repeatedly."
1665,Reentrancy Variant 1665,Pull-payment reentrancy,Recursive callback before mutation,Variant #1665: Pull-payment reentrancy caused by Recursive callback before mutation. Attacker reenters contract flow before state update.,Unauthorized repeated withdrawals,Vault updates shares after sending tokens to attacker contract.
1666,Reentrancy Variant 1666,Pull-payment reentrancy,Upgradeable proxy storage collision,Variant #1666: Pull-payment reentrancy caused by Upgradeable proxy storage collision. Attacker reenters contract flow before state update.,Bypassing access restrictions,"Attacker calls withdraw(), fallback triggers withdraw() repeatedly."
1667,Reentrancy Variant 1667,Single-function reentrancy,External call inside loop,Variant #1667: Single-function reentrancy caused by External call inside loop. Attacker reenters contract flow before state update.,Draining rewards pool,"Attacker calls withdraw(), fallback triggers withdraw() repeatedly."
1668,Reentrancy Variant 1668,Withdraw-before-update reentrancy,State updated after external call,Variant #1668: Withdraw-before-update reentrancy caused by State updated after external call. Attacker reenters contract flow before state update.,Token supply manipulation,Attacker leverages ERC777 tokens to reenter before balance is updated.
1669,Reentrancy Variant 1669,Cross-function reentrancy,Fallback invoked before state lock,Variant #1669: Cross-function reentrancy caused by Fallback invoked before state lock. Attacker reenters contract flow before state update.,Complete balance drain,Cross-function: deposit() sets state after external token transfer().
1670,Reentrancy Variant 1670,Pull-payment reentrancy,State updated after external call,Variant #1670: Pull-payment reentrancy caused by State updated after external call. Attacker reenters contract flow before state update.,Inflated share minting,Cross-function: deposit() sets state after external token transfer().
1671,Reentrancy Variant 1671,Single-function reentrancy,Upgradeable proxy storage collision,Variant #1671: Single-function reentrancy caused by Upgradeable proxy storage collision. Attacker reenters contract flow before state update.,Unauthorized repeated withdrawals,"Attacker calls withdraw(), fallback triggers withdraw() repeatedly."
1672,Reentrancy Variant 1672,Withdraw-before-update reentrancy,Unsafe external call to attacker contract,Variant #1672: Withdraw-before-update reentrancy caused by Unsafe external call to attacker contract. Attacker reenters contract flow before state update.,Complete balance drain,Vault updates shares after sending tokens to attacker contract.
1673,Reentrancy Variant 1673,State-dependent reentrancy,External call inside loop,Variant #1673: State-dependent reentrancy caused by External call inside loop. Attacker reenters contract flow before state update.,Inflated share minting,"Attacker calls withdraw(), fallback triggers withdraw() repeatedly."
1674,Reentrancy Variant 1674,Recursive fallback reentrancy,Missing reentrancy guard,Variant #1674: Recursive fallback reentrancy caused by Missing reentrancy guard. Attacker reenters contract flow before state update.,Partial draining of pooled funds,Cross-function: deposit() sets state after external token transfer().
1675,Reentrancy Variant 1675,Pull-payment reentrancy,Recursive callback before mutation,Variant #1675: Pull-payment reentrancy caused by Recursive callback before mutation. Attacker reenters contract flow before state update.,Unauthorized repeated withdrawals,"Attacker calls withdraw(), fallback triggers withdraw() repeatedly."
1676,Reentrancy Variant 1676,Read-only reentrancy,Multiple entry points sharing same state variable,Variant #1676: Read-only reentrancy caused by Multiple entry points sharing same state variable. Attacker reenters contract flow before state update.,Partial draining of pooled funds,Attacker leverages ERC777 tokens to reenter before balance is updated.
1677,Reentrancy Variant 1677,Cross-contract reentrancy,State updated after external call,Variant #1677: Cross-contract reentrancy caused by State updated after external call. Attacker reenters contract flow before state update.,Inflated share minting,Vault updates shares after sending tokens to attacker contract.
1678,Reentrancy Variant 1678,Read-only reentrancy,Unsafe external call to attacker contract,Variant #1678: Read-only reentrancy caused by Unsafe external call to attacker contract. Attacker reenters contract flow before state update.,Token supply manipulation,Vault updates shares after sending tokens to attacker contract.
1679,Reentrancy Variant 1679,ERC777-hook reentrancy,Fallback invoked before state lock,Variant #1679: ERC777-hook reentrancy caused by Fallback invoked before state lock. Attacker reenters contract flow before state update.,Partial draining of pooled funds,Attacker leverages ERC777 tokens to reenter before balance is updated.
1680,Reentrancy Variant 1680,State-dependent reentrancy,State updated after external call,Variant #1680: State-dependent reentrancy caused by State updated after external call. Attacker reenters contract flow before state update.,Partial draining of pooled funds,"Attacker calls withdraw(), fallback triggers withdraw() repeatedly."
1681,Reentrancy Variant 1681,Cross-function reentrancy,External call inside loop,Variant #1681: Cross-function reentrancy caused by External call inside loop. Attacker reenters contract flow before state update.,Draining rewards pool,Cross-function: deposit() sets state after external token transfer().
1682,Reentrancy Variant 1682,ERC777-hook reentrancy,Upgradeable proxy storage collision,Variant #1682: ERC777-hook reentrancy caused by Upgradeable proxy storage collision. Attacker reenters contract flow before state update.,Bypassing access restrictions,Vault updates shares after sending tokens to attacker contract.
1683,Reentrancy Variant 1683,Pull-payment reentrancy,State updated after external call,Variant #1683: Pull-payment reentrancy caused by State updated after external call. Attacker reenters contract flow before state update.,Partial draining of pooled funds,"Attacker calls withdraw(), fallback triggers withdraw() repeatedly."
1684,Reentrancy Variant 1684,Recursive fallback reentrancy,Missing reentrancy guard,Variant #1684: Recursive fallback reentrancy caused by Missing reentrancy guard. Attacker reenters contract flow before state update.,Draining rewards pool,"Attacker calls withdraw(), fallback triggers withdraw() repeatedly."
1685,Reentrancy Variant 1685,Cross-function reentrancy,External call inside loop,Variant #1685: Cross-function reentrancy caused by External call inside loop. Attacker reenters contract flow before state update.,Bypassing access restrictions,Cross-function: deposit() sets state after external token transfer().
1686,Reentrancy Variant 1686,Cross-contract reentrancy,Hooks triggered without control flow guard,Variant #1686: Cross-contract reentrancy caused by Hooks triggered without control flow guard. Attacker reenters contract flow before state update.,Token supply manipulation,"Attacker calls withdraw(), fallback triggers withdraw() repeatedly."
1687,Reentrancy Variant 1687,Withdraw-before-update reentrancy,Recursive callback before mutation,Variant #1687: Withdraw-before-update reentrancy caused by Recursive callback before mutation. Attacker reenters contract flow before state update.,Token supply manipulation,Vault updates shares after sending tokens to attacker contract.
1688,Reentrancy Variant 1688,ERC777-hook reentrancy,Fallback invoked before state lock,Variant #1688: ERC777-hook reentrancy caused by Fallback invoked before state lock. Attacker reenters contract flow before state update.,Unauthorized repeated withdrawals,Cross-function: deposit() sets state after external token transfer().
1689,Reentrancy Variant 1689,Cross-contract reentrancy,Balance checked after transfer,Variant #1689: Cross-contract reentrancy caused by Balance checked after transfer. Attacker reenters contract flow before state update.,Token supply manipulation,Vault updates shares after sending tokens to attacker contract.
1690,Reentrancy Variant 1690,Pull-payment reentrancy,Missing reentrancy guard,Variant #1690: Pull-payment reentrancy caused by Missing reentrancy guard. Attacker reenters contract flow before state update.,Token supply manipulation,Vault updates shares after sending tokens to attacker contract.
1691,Reentrancy Variant 1691,Cross-contract reentrancy,External call inside loop,Variant #1691: Cross-contract reentrancy caused by External call inside loop. Attacker reenters contract flow before state update.,Draining rewards pool,"Attacker calls withdraw(), fallback triggers withdraw() repeatedly."
1692,Reentrancy Variant 1692,Pull-payment reentrancy,Multiple entry points sharing same state variable,Variant #1692: Pull-payment reentrancy caused by Multiple entry points sharing same state variable. Attacker reenters contract flow before state update.,Draining rewards pool,"Attacker calls withdraw(), fallback triggers withdraw() repeatedly."
1693,Reentrancy Variant 1693,Cross-contract reentrancy,Fallback invoked before state lock,Variant #1693: Cross-contract reentrancy caused by Fallback invoked before state lock. Attacker reenters contract flow before state update.,Draining rewards pool,Attacker leverages ERC777 tokens to reenter before balance is updated.
1694,Reentrancy Variant 1694,Cross-contract reentrancy,Upgradeable proxy storage collision,Variant #1694: Cross-contract reentrancy caused by Upgradeable proxy storage collision. Attacker reenters contract flow before state update.,Complete balance drain,Cross-function: deposit() sets state after external token transfer().
1695,Reentrancy Variant 1695,Single-function reentrancy,State updated after external call,Variant #1695: Single-function reentrancy caused by State updated after external call. Attacker reenters contract flow before state update.,Inflated share minting,Cross-function: deposit() sets state after external token transfer().
1696,Reentrancy Variant 1696,Cross-function reentrancy,Recursive callback before mutation,Variant #1696: Cross-function reentrancy caused by Recursive callback before mutation. Attacker reenters contract flow before state update.,Token supply manipulation,Vault updates shares after sending tokens to attacker contract.
1697,Reentrancy Variant 1697,Pull-payment reentrancy,Missing reentrancy guard,Variant #1697: Pull-payment reentrancy caused by Missing reentrancy guard. Attacker reenters contract flow before state update.,Draining rewards pool,"Attacker calls withdraw(), fallback triggers withdraw() repeatedly."
1698,Reentrancy Variant 1698,Read-only reentrancy,Hooks triggered without control flow guard,Variant #1698: Read-only reentrancy caused by Hooks triggered without control flow guard. Attacker reenters contract flow before state update.,Draining rewards pool,Attacker leverages ERC777 tokens to reenter before balance is updated.
1699,Reentrancy Variant 1699,Reentrancy via delegatecall,Fallback invoked before state lock,Variant #1699: Reentrancy via delegatecall caused by Fallback invoked before state lock. Attacker reenters contract flow before state update.,Draining rewards pool,Cross-function: deposit() sets state after external token transfer().
1700,Reentrancy Variant 1700,Cross-function reentrancy,Missing reentrancy guard,Variant #1700: Cross-function reentrancy caused by Missing reentrancy guard. Attacker reenters contract flow before state update.,Unauthorized repeated withdrawals,Cross-function: deposit() sets state after external token transfer().
1701,Reentrancy Variant 1701,State-dependent reentrancy,Fallback invoked before state lock,Variant #1701: State-dependent reentrancy caused by Fallback invoked before state lock. Attacker reenters contract flow before state update.,Token supply manipulation,Cross-function: deposit() sets state after external token transfer().
1702,Reentrancy Variant 1702,Withdraw-before-update reentrancy,Unsafe external call to attacker contract,Variant #1702: Withdraw-before-update reentrancy caused by Unsafe external call to attacker contract. Attacker reenters contract flow before state update.,Inflated share minting,Vault updates shares after sending tokens to attacker contract.
1703,Reentrancy Variant 1703,Cross-contract reentrancy,Fallback invoked before state lock,Variant #1703: Cross-contract reentrancy caused by Fallback invoked before state lock. Attacker reenters contract flow before state update.,Inflated share minting,Vault updates shares after sending tokens to attacker contract.
1704,Reentrancy Variant 1704,Withdraw-before-update reentrancy,Fallback invoked before state lock,Variant #1704: Withdraw-before-update reentrancy caused by Fallback invoked before state lock. Attacker reenters contract flow before state update.,Token supply manipulation,Attacker leverages ERC777 tokens to reenter before balance is updated.
1705,Reentrancy Variant 1705,Pull-payment reentrancy,Balance checked after transfer,Variant #1705: Pull-payment reentrancy caused by Balance checked after transfer. Attacker reenters contract flow before state update.,Partial draining of pooled funds,Cross-function: deposit() sets state after external token transfer().
1706,Reentrancy Variant 1706,Recursive fallback reentrancy,Unsafe external call to attacker contract,Variant #1706: Recursive fallback reentrancy caused by Unsafe external call to attacker contract. Attacker reenters contract flow before state update.,Unauthorized repeated withdrawals,Cross-function: deposit() sets state after external token transfer().
1707,Reentrancy Variant 1707,Cross-contract reentrancy,Fallback invoked before state lock,Variant #1707: Cross-contract reentrancy caused by Fallback invoked before state lock. Attacker reenters contract flow before state update.,Bypassing access restrictions,Vault updates shares after sending tokens to attacker contract.
1708,Reentrancy Variant 1708,Withdraw-before-update reentrancy,Unsafe external call to attacker contract,Variant #1708: Withdraw-before-update reentrancy caused by Unsafe external call to attacker contract. Attacker reenters contract flow before state update.,Unauthorized repeated withdrawals,Attacker leverages ERC777 tokens to reenter before balance is updated.
1709,Reentrancy Variant 1709,Withdraw-before-update reentrancy,Hooks triggered without control flow guard,Variant #1709: Withdraw-before-update reentrancy caused by Hooks triggered without control flow guard. Attacker reenters contract flow before state update.,Token supply manipulation,Vault updates shares after sending tokens to attacker contract.
1710,Reentrancy Variant 1710,Recursive fallback reentrancy,Recursive callback before mutation,Variant #1710: Recursive fallback reentrancy caused by Recursive callback before mutation. Attacker reenters contract flow before state update.,Unauthorized repeated withdrawals,"Attacker calls withdraw(), fallback triggers withdraw() repeatedly."
1711,Reentrancy Variant 1711,Cross-function reentrancy,Unsafe external call to attacker contract,Variant #1711: Cross-function reentrancy caused by Unsafe external call to attacker contract. Attacker reenters contract flow before state update.,Unauthorized repeated withdrawals,Cross-function: deposit() sets state after external token transfer().
1712,Reentrancy Variant 1712,Withdraw-before-update reentrancy,Fallback invoked before state lock,Variant #1712: Withdraw-before-update reentrancy caused by Fallback invoked before state lock. Attacker reenters contract flow before state update.,Unauthorized repeated withdrawals,Attacker leverages ERC777 tokens to reenter before balance is updated.
1713,Reentrancy Variant 1713,Cross-contract reentrancy,Balance checked after transfer,Variant #1713: Cross-contract reentrancy caused by Balance checked after transfer. Attacker reenters contract flow before state update.,Draining rewards pool,Cross-function: deposit() sets state after external token transfer().
1714,Reentrancy Variant 1714,State-dependent reentrancy,Hooks triggered without control flow guard,Variant #1714: State-dependent reentrancy caused by Hooks triggered without control flow guard. Attacker reenters contract flow before state update.,Token supply manipulation,Cross-function: deposit() sets state after external token transfer().
1715,Reentrancy Variant 1715,Reentrancy via delegatecall,Multiple entry points sharing same state variable,Variant #1715: Reentrancy via delegatecall caused by Multiple entry points sharing same state variable. Attacker reenters contract flow before state update.,Unauthorized repeated withdrawals,"Attacker calls withdraw(), fallback triggers withdraw() repeatedly."
1716,Reentrancy Variant 1716,Recursive fallback reentrancy,External call inside loop,Variant #1716: Recursive fallback reentrancy caused by External call inside loop. Attacker reenters contract flow before state update.,Draining rewards pool,Cross-function: deposit() sets state after external token transfer().
1717,Reentrancy Variant 1717,Withdraw-before-update reentrancy,Upgradeable proxy storage collision,Variant #1717: Withdraw-before-update reentrancy caused by Upgradeable proxy storage collision. Attacker reenters contract flow before state update.,Token supply manipulation,Attacker leverages ERC777 tokens to reenter before balance is updated.
1718,Reentrancy Variant 1718,Withdraw-before-update reentrancy,State updated after external call,Variant #1718: Withdraw-before-update reentrancy caused by State updated after external call. Attacker reenters contract flow before state update.,Bypassing access restrictions,Attacker leverages ERC777 tokens to reenter before balance is updated.
1719,Reentrancy Variant 1719,Withdraw-before-update reentrancy,External call inside loop,Variant #1719: Withdraw-before-update reentrancy caused by External call inside loop. Attacker reenters contract flow before state update.,Draining rewards pool,Attacker leverages ERC777 tokens to reenter before balance is updated.
1720,Reentrancy Variant 1720,Withdraw-before-update reentrancy,External call inside loop,Variant #1720: Withdraw-before-update reentrancy caused by External call inside loop. Attacker reenters contract flow before state update.,Draining rewards pool,"Attacker calls withdraw(), fallback triggers withdraw() repeatedly."
1721,Reentrancy Variant 1721,Read-only reentrancy,Multiple entry points sharing same state variable,Variant #1721: Read-only reentrancy caused by Multiple entry points sharing same state variable. Attacker reenters contract flow before state update.,Token supply manipulation,"Attacker calls withdraw(), fallback triggers withdraw() repeatedly."
1722,Reentrancy Variant 1722,Pull-payment reentrancy,Balance checked after transfer,Variant #1722: Pull-payment reentrancy caused by Balance checked after transfer. Attacker reenters contract flow before state update.,Inflated share minting,Vault updates shares after sending tokens to attacker contract.
1723,Reentrancy Variant 1723,ERC777-hook reentrancy,Unsafe external call to attacker contract,Variant #1723: ERC777-hook reentrancy caused by Unsafe external call to attacker contract. Attacker reenters contract flow before state update.,Unauthorized repeated withdrawals,Cross-function: deposit() sets state after external token transfer().
1724,Reentrancy Variant 1724,Pull-payment reentrancy,Fallback invoked before state lock,Variant #1724: Pull-payment reentrancy caused by Fallback invoked before state lock. Attacker reenters contract flow before state update.,Bypassing access restrictions,Cross-function: deposit() sets state after external token transfer().
1725,Reentrancy Variant 1725,State-dependent reentrancy,External call inside loop,Variant #1725: State-dependent reentrancy caused by External call inside loop. Attacker reenters contract flow before state update.,Draining rewards pool,Attacker leverages ERC777 tokens to reenter before balance is updated.
1726,Reentrancy Variant 1726,Pull-payment reentrancy,Hooks triggered without control flow guard,Variant #1726: Pull-payment reentrancy caused by Hooks triggered without control flow guard. Attacker reenters contract flow before state update.,Unauthorized repeated withdrawals,Attacker leverages ERC777 tokens to reenter before balance is updated.
1727,Reentrancy Variant 1727,Reentrancy via delegatecall,Fallback invoked before state lock,Variant #1727: Reentrancy via delegatecall caused by Fallback invoked before state lock. Attacker reenters contract flow before state update.,Inflated share minting,Vault updates shares after sending tokens to attacker contract.
1728,Reentrancy Variant 1728,Cross-contract reentrancy,Missing reentrancy guard,Variant #1728: Cross-contract reentrancy caused by Missing reentrancy guard. Attacker reenters contract flow before state update.,Partial draining of pooled funds,"Attacker calls withdraw(), fallback triggers withdraw() repeatedly."
1729,Reentrancy Variant 1729,Withdraw-before-update reentrancy,State updated after external call,Variant #1729: Withdraw-before-update reentrancy caused by State updated after external call. Attacker reenters contract flow before state update.,Bypassing access restrictions,"Attacker calls withdraw(), fallback triggers withdraw() repeatedly."
1730,Reentrancy Variant 1730,Recursive fallback reentrancy,State updated after external call,Variant #1730: Recursive fallback reentrancy caused by State updated after external call. Attacker reenters contract flow before state update.,Inflated share minting,Vault updates shares after sending tokens to attacker contract.
1731,Reentrancy Variant 1731,Withdraw-before-update reentrancy,Multiple entry points sharing same state variable,Variant #1731: Withdraw-before-update reentrancy caused by Multiple entry points sharing same state variable. Attacker reenters contract flow before state update.,Complete balance drain,Vault updates shares after sending tokens to attacker contract.
1732,Reentrancy Variant 1732,Recursive fallback reentrancy,Unsafe external call to attacker contract,Variant #1732: Recursive fallback reentrancy caused by Unsafe external call to attacker contract. Attacker reenters contract flow before state update.,Complete balance drain,Vault updates shares after sending tokens to attacker contract.
1733,Reentrancy Variant 1733,Single-function reentrancy,Fallback invoked before state lock,Variant #1733: Single-function reentrancy caused by Fallback invoked before state lock. Attacker reenters contract flow before state update.,Partial draining of pooled funds,Cross-function: deposit() sets state after external token transfer().
1734,Reentrancy Variant 1734,Recursive fallback reentrancy,Hooks triggered without control flow guard,Variant #1734: Recursive fallback reentrancy caused by Hooks triggered without control flow guard. Attacker reenters contract flow before state update.,Unauthorized repeated withdrawals,Cross-function: deposit() sets state after external token transfer().
1735,Reentrancy Variant 1735,Read-only reentrancy,Balance checked after transfer,Variant #1735: Read-only reentrancy caused by Balance checked after transfer. Attacker reenters contract flow before state update.,Unauthorized repeated withdrawals,Vault updates shares after sending tokens to attacker contract.
1736,Reentrancy Variant 1736,ERC777-hook reentrancy,Hooks triggered without control flow guard,Variant #1736: ERC777-hook reentrancy caused by Hooks triggered without control flow guard. Attacker reenters contract flow before state update.,Partial draining of pooled funds,Vault updates shares after sending tokens to attacker contract.
1737,Reentrancy Variant 1737,ERC777-hook reentrancy,Hooks triggered without control flow guard,Variant #1737: ERC777-hook reentrancy caused by Hooks triggered without control flow guard. Attacker reenters contract flow before state update.,Bypassing access restrictions,Vault updates shares after sending tokens to attacker contract.
1738,Reentrancy Variant 1738,Read-only reentrancy,Multiple entry points sharing same state variable,Variant #1738: Read-only reentrancy caused by Multiple entry points sharing same state variable. Attacker reenters contract flow before state update.,Token supply manipulation,"Attacker calls withdraw(), fallback triggers withdraw() repeatedly."
1739,Reentrancy Variant 1739,Cross-function reentrancy,Unsafe external call to attacker contract,Variant #1739: Cross-function reentrancy caused by Unsafe external call to attacker contract. Attacker reenters contract flow before state update.,Unauthorized repeated withdrawals,"Attacker calls withdraw(), fallback triggers withdraw() repeatedly."
1740,Reentrancy Variant 1740,Cross-function reentrancy,Hooks triggered without control flow guard,Variant #1740: Cross-function reentrancy caused by Hooks triggered without control flow guard. Attacker reenters contract flow before state update.,Draining rewards pool,Attacker leverages ERC777 tokens to reenter before balance is updated.
1741,Reentrancy Variant 1741,Cross-function reentrancy,Balance checked after transfer,Variant #1741: Cross-function reentrancy caused by Balance checked after transfer. Attacker reenters contract flow before state update.,Bypassing access restrictions,Cross-function: deposit() sets state after external token transfer().
1742,Reentrancy Variant 1742,Single-function reentrancy,State updated after external call,Variant #1742: Single-function reentrancy caused by State updated after external call. Attacker reenters contract flow before state update.,Draining rewards pool,Cross-function: deposit() sets state after external token transfer().
1743,Reentrancy Variant 1743,Cross-contract reentrancy,Unsafe external call to attacker contract,Variant #1743: Cross-contract reentrancy caused by Unsafe external call to attacker contract. Attacker reenters contract flow before state update.,Complete balance drain,Vault updates shares after sending tokens to attacker contract.
1744,Reentrancy Variant 1744,Reentrancy via delegatecall,Unsafe external call to attacker contract,Variant #1744: Reentrancy via delegatecall caused by Unsafe external call to attacker contract. Attacker reenters contract flow before state update.,Inflated share minting,Vault updates shares after sending tokens to attacker contract.
1745,Reentrancy Variant 1745,ERC777-hook reentrancy,Upgradeable proxy storage collision,Variant #1745: ERC777-hook reentrancy caused by Upgradeable proxy storage collision. Attacker reenters contract flow before state update.,Bypassing access restrictions,"Attacker calls withdraw(), fallback triggers withdraw() repeatedly."
1746,Reentrancy Variant 1746,Withdraw-before-update reentrancy,Unsafe external call to attacker contract,Variant #1746: Withdraw-before-update reentrancy caused by Unsafe external call to attacker contract. Attacker reenters contract flow before state update.,Partial draining of pooled funds,Cross-function: deposit() sets state after external token transfer().
1747,Reentrancy Variant 1747,Read-only reentrancy,Fallback invoked before state lock,Variant #1747: Read-only reentrancy caused by Fallback invoked before state lock. Attacker reenters contract flow before state update.,Inflated share minting,Cross-function: deposit() sets state after external token transfer().
1748,Reentrancy Variant 1748,Cross-contract reentrancy,Multiple entry points sharing same state variable,Variant #1748: Cross-contract reentrancy caused by Multiple entry points sharing same state variable. Attacker reenters contract flow before state update.,Bypassing access restrictions,Cross-function: deposit() sets state after external token transfer().
1749,Reentrancy Variant 1749,Pull-payment reentrancy,External call inside loop,Variant #1749: Pull-payment reentrancy caused by External call inside loop. Attacker reenters contract flow before state update.,Partial draining of pooled funds,Attacker leverages ERC777 tokens to reenter before balance is updated.
1750,Reentrancy Variant 1750,ERC777-hook reentrancy,Fallback invoked before state lock,Variant #1750: ERC777-hook reentrancy caused by Fallback invoked before state lock. Attacker reenters contract flow before state update.,Unauthorized repeated withdrawals,"Attacker calls withdraw(), fallback triggers withdraw() repeatedly."
1751,Reentrancy Variant 1751,Withdraw-before-update reentrancy,Unsafe external call to attacker contract,Variant #1751: Withdraw-before-update reentrancy caused by Unsafe external call to attacker contract. Attacker reenters contract flow before state update.,Complete balance drain,Attacker leverages ERC777 tokens to reenter before balance is updated.
1752,Reentrancy Variant 1752,ERC777-hook reentrancy,Upgradeable proxy storage collision,Variant #1752: ERC777-hook reentrancy caused by Upgradeable proxy storage collision. Attacker reenters contract flow before state update.,Token supply manipulation,Attacker leverages ERC777 tokens to reenter before balance is updated.
1753,Reentrancy Variant 1753,Single-function reentrancy,External call inside loop,Variant #1753: Single-function reentrancy caused by External call inside loop. Attacker reenters contract flow before state update.,Bypassing access restrictions,"Attacker calls withdraw(), fallback triggers withdraw() repeatedly."
1754,Reentrancy Variant 1754,Reentrancy via delegatecall,Recursive callback before mutation,Variant #1754: Reentrancy via delegatecall caused by Recursive callback before mutation. Attacker reenters contract flow before state update.,Bypassing access restrictions,Attacker leverages ERC777 tokens to reenter before balance is updated.
1755,Reentrancy Variant 1755,Reentrancy via delegatecall,Missing reentrancy guard,Variant #1755: Reentrancy via delegatecall caused by Missing reentrancy guard. Attacker reenters contract flow before state update.,Bypassing access restrictions,Attacker leverages ERC777 tokens to reenter before balance is updated.
1756,Reentrancy Variant 1756,Cross-contract reentrancy,Balance checked after transfer,Variant #1756: Cross-contract reentrancy caused by Balance checked after transfer. Attacker reenters contract flow before state update.,Unauthorized repeated withdrawals,Vault updates shares after sending tokens to attacker contract.
1757,Reentrancy Variant 1757,Withdraw-before-update reentrancy,Balance checked after transfer,Variant #1757: Withdraw-before-update reentrancy caused by Balance checked after transfer. Attacker reenters contract flow before state update.,Bypassing access restrictions,Cross-function: deposit() sets state after external token transfer().
1758,Reentrancy Variant 1758,Cross-contract reentrancy,Fallback invoked before state lock,Variant #1758: Cross-contract reentrancy caused by Fallback invoked before state lock. Attacker reenters contract flow before state update.,Partial draining of pooled funds,Cross-function: deposit() sets state after external token transfer().
1759,Reentrancy Variant 1759,Recursive fallback reentrancy,Missing reentrancy guard,Variant #1759: Recursive fallback reentrancy caused by Missing reentrancy guard. Attacker reenters contract flow before state update.,Complete balance drain,Attacker leverages ERC777 tokens to reenter before balance is updated.
1760,Reentrancy Variant 1760,Pull-payment reentrancy,Recursive callback before mutation,Variant #1760: Pull-payment reentrancy caused by Recursive callback before mutation. Attacker reenters contract flow before state update.,Complete balance drain,Cross-function: deposit() sets state after external token transfer().
1761,Reentrancy Variant 1761,Single-function reentrancy,State updated after external call,Variant #1761: Single-function reentrancy caused by State updated after external call. Attacker reenters contract flow before state update.,Partial draining of pooled funds,Attacker leverages ERC777 tokens to reenter before balance is updated.
1762,Reentrancy Variant 1762,Reentrancy via delegatecall,Fallback invoked before state lock,Variant #1762: Reentrancy via delegatecall caused by Fallback invoked before state lock. Attacker reenters contract flow before state update.,Partial draining of pooled funds,Cross-function: deposit() sets state after external token transfer().
1763,Reentrancy Variant 1763,ERC777-hook reentrancy,Unsafe external call to attacker contract,Variant #1763: ERC777-hook reentrancy caused by Unsafe external call to attacker contract. Attacker reenters contract flow before state update.,Draining rewards pool,Vault updates shares after sending tokens to attacker contract.
1764,Reentrancy Variant 1764,State-dependent reentrancy,Unsafe external call to attacker contract,Variant #1764: State-dependent reentrancy caused by Unsafe external call to attacker contract. Attacker reenters contract flow before state update.,Partial draining of pooled funds,Cross-function: deposit() sets state after external token transfer().
1765,Reentrancy Variant 1765,State-dependent reentrancy,External call inside loop,Variant #1765: State-dependent reentrancy caused by External call inside loop. Attacker reenters contract flow before state update.,Token supply manipulation,"Attacker calls withdraw(), fallback triggers withdraw() repeatedly."
1766,Reentrancy Variant 1766,Cross-contract reentrancy,State updated after external call,Variant #1766: Cross-contract reentrancy caused by State updated after external call. Attacker reenters contract flow before state update.,Bypassing access restrictions,"Attacker calls withdraw(), fallback triggers withdraw() repeatedly."
1767,Reentrancy Variant 1767,Reentrancy via delegatecall,Recursive callback before mutation,Variant #1767: Reentrancy via delegatecall caused by Recursive callback before mutation. Attacker reenters contract flow before state update.,Token supply manipulation,Attacker leverages ERC777 tokens to reenter before balance is updated.
1768,Reentrancy Variant 1768,Pull-payment reentrancy,Recursive callback before mutation,Variant #1768: Pull-payment reentrancy caused by Recursive callback before mutation. Attacker reenters contract flow before state update.,Unauthorized repeated withdrawals,Attacker leverages ERC777 tokens to reenter before balance is updated.
1769,Reentrancy Variant 1769,Pull-payment reentrancy,Fallback invoked before state lock,Variant #1769: Pull-payment reentrancy caused by Fallback invoked before state lock. Attacker reenters contract flow before state update.,Partial draining of pooled funds,Vault updates shares after sending tokens to attacker contract.
1770,Reentrancy Variant 1770,State-dependent reentrancy,Missing reentrancy guard,Variant #1770: State-dependent reentrancy caused by Missing reentrancy guard. Attacker reenters contract flow before state update.,Token supply manipulation,Cross-function: deposit() sets state after external token transfer().
1771,Reentrancy Variant 1771,Read-only reentrancy,State updated after external call,Variant #1771: Read-only reentrancy caused by State updated after external call. Attacker reenters contract flow before state update.,Draining rewards pool,Attacker leverages ERC777 tokens to reenter before balance is updated.
1772,Reentrancy Variant 1772,ERC777-hook reentrancy,External call inside loop,Variant #1772: ERC777-hook reentrancy caused by External call inside loop. Attacker reenters contract flow before state update.,Partial draining of pooled funds,Vault updates shares after sending tokens to attacker contract.
1773,Reentrancy Variant 1773,Cross-function reentrancy,Unsafe external call to attacker contract,Variant #1773: Cross-function reentrancy caused by Unsafe external call to attacker contract. Attacker reenters contract flow before state update.,Bypassing access restrictions,"Attacker calls withdraw(), fallback triggers withdraw() repeatedly."
1774,Reentrancy Variant 1774,State-dependent reentrancy,Multiple entry points sharing same state variable,Variant #1774: State-dependent reentrancy caused by Multiple entry points sharing same state variable. Attacker reenters contract flow before state update.,Unauthorized repeated withdrawals,Attacker leverages ERC777 tokens to reenter before balance is updated.
1775,Reentrancy Variant 1775,Reentrancy via delegatecall,External call inside loop,Variant #1775: Reentrancy via delegatecall caused by External call inside loop. Attacker reenters contract flow before state update.,Unauthorized repeated withdrawals,Vault updates shares after sending tokens to attacker contract.
1776,Reentrancy Variant 1776,Recursive fallback reentrancy,Multiple entry points sharing same state variable,Variant #1776: Recursive fallback reentrancy caused by Multiple entry points sharing same state variable. Attacker reenters contract flow before state update.,Token supply manipulation,Vault updates shares after sending tokens to attacker contract.
1777,Reentrancy Variant 1777,ERC777-hook reentrancy,State updated after external call,Variant #1777: ERC777-hook reentrancy caused by State updated after external call. Attacker reenters contract flow before state update.,Bypassing access restrictions,Cross-function: deposit() sets state after external token transfer().
1778,Reentrancy Variant 1778,Single-function reentrancy,Missing reentrancy guard,Variant #1778: Single-function reentrancy caused by Missing reentrancy guard. Attacker reenters contract flow before state update.,Bypassing access restrictions,"Attacker calls withdraw(), fallback triggers withdraw() repeatedly."
1779,Reentrancy Variant 1779,Read-only reentrancy,Fallback invoked before state lock,Variant #1779: Read-only reentrancy caused by Fallback invoked before state lock. Attacker reenters contract flow before state update.,Partial draining of pooled funds,Attacker leverages ERC777 tokens to reenter before balance is updated.
1780,Reentrancy Variant 1780,State-dependent reentrancy,Unsafe external call to attacker contract,Variant #1780: State-dependent reentrancy caused by Unsafe external call to attacker contract. Attacker reenters contract flow before state update.,Complete balance drain,Vault updates shares after sending tokens to attacker contract.
1781,Reentrancy Variant 1781,Withdraw-before-update reentrancy,State updated after external call,Variant #1781: Withdraw-before-update reentrancy caused by State updated after external call. Attacker reenters contract flow before state update.,Inflated share minting,"Attacker calls withdraw(), fallback triggers withdraw() repeatedly."
1782,Reentrancy Variant 1782,Cross-contract reentrancy,Missing reentrancy guard,Variant #1782: Cross-contract reentrancy caused by Missing reentrancy guard. Attacker reenters contract flow before state update.,Token supply manipulation,Vault updates shares after sending tokens to attacker contract.
1783,Reentrancy Variant 1783,Single-function reentrancy,Fallback invoked before state lock,Variant #1783: Single-function reentrancy caused by Fallback invoked before state lock. Attacker reenters contract flow before state update.,Draining rewards pool,Attacker leverages ERC777 tokens to reenter before balance is updated.
1784,Reentrancy Variant 1784,Reentrancy via delegatecall,State updated after external call,Variant #1784: Reentrancy via delegatecall caused by State updated after external call. Attacker reenters contract flow before state update.,Draining rewards pool,Cross-function: deposit() sets state after external token transfer().
1785,Reentrancy Variant 1785,ERC777-hook reentrancy,Recursive callback before mutation,Variant #1785: ERC777-hook reentrancy caused by Recursive callback before mutation. Attacker reenters contract flow before state update.,Inflated share minting,"Attacker calls withdraw(), fallback triggers withdraw() repeatedly."
1786,Reentrancy Variant 1786,Recursive fallback reentrancy,Missing reentrancy guard,Variant #1786: Recursive fallback reentrancy caused by Missing reentrancy guard. Attacker reenters contract flow before state update.,Unauthorized repeated withdrawals,Vault updates shares after sending tokens to attacker contract.
1787,Reentrancy Variant 1787,Withdraw-before-update reentrancy,Upgradeable proxy storage collision,Variant #1787: Withdraw-before-update reentrancy caused by Upgradeable proxy storage collision. Attacker reenters contract flow before state update.,Draining rewards pool,Cross-function: deposit() sets state after external token transfer().
1788,Reentrancy Variant 1788,Reentrancy via delegatecall,Hooks triggered without control flow guard,Variant #1788: Reentrancy via delegatecall caused by Hooks triggered without control flow guard. Attacker reenters contract flow before state update.,Bypassing access restrictions,Vault updates shares after sending tokens to attacker contract.
1789,Reentrancy Variant 1789,State-dependent reentrancy,Hooks triggered without control flow guard,Variant #1789: State-dependent reentrancy caused by Hooks triggered without control flow guard. Attacker reenters contract flow before state update.,Unauthorized repeated withdrawals,Cross-function: deposit() sets state after external token transfer().
1790,Reentrancy Variant 1790,Withdraw-before-update reentrancy,Balance checked after transfer,Variant #1790: Withdraw-before-update reentrancy caused by Balance checked after transfer. Attacker reenters contract flow before state update.,Inflated share minting,Attacker leverages ERC777 tokens to reenter before balance is updated.
1791,Reentrancy Variant 1791,Pull-payment reentrancy,Missing reentrancy guard,Variant #1791: Pull-payment reentrancy caused by Missing reentrancy guard. Attacker reenters contract flow before state update.,Complete balance drain,"Attacker calls withdraw(), fallback triggers withdraw() repeatedly."
1792,Reentrancy Variant 1792,Recursive fallback reentrancy,State updated after external call,Variant #1792: Recursive fallback reentrancy caused by State updated after external call. Attacker reenters contract flow before state update.,Draining rewards pool,"Attacker calls withdraw(), fallback triggers withdraw() repeatedly."
1793,Reentrancy Variant 1793,State-dependent reentrancy,Unsafe external call to attacker contract,Variant #1793: State-dependent reentrancy caused by Unsafe external call to attacker contract. Attacker reenters contract flow before state update.,Complete balance drain,Attacker leverages ERC777 tokens to reenter before balance is updated.
1794,Reentrancy Variant 1794,Single-function reentrancy,Hooks triggered without control flow guard,Variant #1794: Single-function reentrancy caused by Hooks triggered without control flow guard. Attacker reenters contract flow before state update.,Complete balance drain,Vault updates shares after sending tokens to attacker contract.
1795,Reentrancy Variant 1795,Pull-payment reentrancy,State updated after external call,Variant #1795: Pull-payment reentrancy caused by State updated after external call. Attacker reenters contract flow before state update.,Bypassing access restrictions,Cross-function: deposit() sets state after external token transfer().
1796,Reentrancy Variant 1796,Cross-function reentrancy,Hooks triggered without control flow guard,Variant #1796: Cross-function reentrancy caused by Hooks triggered without control flow guard. Attacker reenters contract flow before state update.,Inflated share minting,Attacker leverages ERC777 tokens to reenter before balance is updated.
1797,Reentrancy Variant 1797,Withdraw-before-update reentrancy,State updated after external call,Variant #1797: Withdraw-before-update reentrancy caused by State updated after external call. Attacker reenters contract flow before state update.,Token supply manipulation,Cross-function: deposit() sets state after external token transfer().
1798,Reentrancy Variant 1798,Cross-function reentrancy,Upgradeable proxy storage collision,Variant #1798: Cross-function reentrancy caused by Upgradeable proxy storage collision. Attacker reenters contract flow before state update.,Draining rewards pool,"Attacker calls withdraw(), fallback triggers withdraw() repeatedly."
1799,Reentrancy Variant 1799,Recursive fallback reentrancy,Multiple entry points sharing same state variable,Variant #1799: Recursive fallback reentrancy caused by Multiple entry points sharing same state variable. Attacker reenters contract flow before state update.,Draining rewards pool,Attacker leverages ERC777 tokens to reenter before balance is updated.
1800,Reentrancy Variant 1800,Cross-function reentrancy,Multiple entry points sharing same state variable,Variant #1800: Cross-function reentrancy caused by Multiple entry points sharing same state variable. Attacker reenters contract flow before state update.,Unauthorized repeated withdrawals,Attacker leverages ERC777 tokens to reenter before balance is updated.
